gene,chr,start,end,splice_type,novel,aorta_ENCFF099TJN_in_cov,aorta_ENCFF099TJN_total_cov
ENSG00000142168.14,chr21,31659625,31659841,TSS,True,12,118
ENSG00000141959.16,chr21,44306754,44311005,ES,True,152,180
ENSG00000141959.16,chr21,44319415,44320083,IR,False,189,211
ENSG00000141959.16,chr21,44299728,44300190,TSS,True,69,250
ENSG00000159140.19,chr21,33542214,33543169,TSS,True,51,114
ENSG00000159140.19,chr21,33576417,33577518,PAS,True,95,107
ENSG00000160310.17,chr21,46635763,46636895,ES,False,87,146
ENSG00000160310.17,chr21,46635617,46635763,TSS,True,68,226
ENSG00000160310.17,chr21,46664294,46665698,PAS,True,170,231
ENSG00000160310.17,chr21,46658744,46661269,PAS,True,134,216
ENSG00000182871.14,chr21,45505431,45505837,3AS,False,318,378
ENSG00000182871.14,chr21,45405114,45405241,TSS,False,449,585
ENSG00000154734.14,chr21,26844224,26845409,TSS,False,86,324
ENSG00000157557.11,chr21,38805470,38806120,TSS,True,83,149
ENSG00000157557.11,chr21,38817855,38819766,TSS,True,125,139
ENSG00000182240.15,chr21,41241939,41243375,5AS,False,14,104
ENSG00000182240.15,chr21,41167520,41168575,TSS,False,43,145
ENSG00000183255.11,chr21,44873501,44873735,TSS,True,138,381
ENSG00000142173.14,chr21,46097844,46098173,TSS,True,1154,1884
ENSG00000142173.14,chr21,46111980,46112577,TSS,False,1647,1875
ENSG00000142173.14,chr21,46131953,46132850,PAS,False,654,1884
ENSG00000142173.14,chr21,46129195,46132849,PAS,True,1294,1644
ENSG00000115053.15,chr2,231452352,231455267,PAS,True,29,163
ENSG00000115053.15,chr2,231464335,231464536,TSS,True,44,163
ENSG00000187514.16,chr2,231708523,231708751,TSS,True,131,570
ENSG00000187514.16,chr2,231711414,231711983,TSS,True,499,570
ENSG00000071967.11,chr2,171522249,171522738,TSS,True,58,149
ENSG00000204843.12,chr2,74391793,74392075,TSS,False,47,126
ENSG00000084754.11,chr2,26244529,26244838,TSS,True,16,106
ENSG00000138031.14,chr2,24919682,24920614,TSS,False,63,108
ENSG00000135624.15,chr2,73233527,73234384,TSS,True,20,121
ENSG00000135926.14,chr2,218292465,218292597,TSS,True,110,260
ENSG00000068697.6,chr2,20051409,20051682,TSS,False,65,307
ENSG00000124831.18,chr2,237749324,237753308,ES,False,120,157
ENSG00000124831.18,chr2,237627552,237627740,TSS,True,163,208
ENSG00000124831.18,chr2,237692102,237692521,TSS,True,100,207
ENSG00000124831.18,chr2,237762602,237765915,PAS,True,111,169
ENSG00000124831.18,chr2,237753308,237755960,PAS,True,140,167
ENSG00000124831.18,chr2,237779421,237781653,PAS,True,132,200
ENSG00000115694.14,chr2,241508005,241508623,TSS,True,96,118
ENSG00000115694.14,chr2,241508442,241508635,TSS,True,73,118
ENSG00000168385.17,chr2,241315861,241315982,TSS,True,62,296
ENSG00000115677.16,chr2,241227263,241229687,PAS,True,32,257
ENSG00000115677.16,chr2,241315101,241315254,TSS,True,219,279
ENSG00000115677.16,chr2,241272760,241272937,TSS,True,194,279
ENSG00000115307.16,chr2,74529579,74530268,TSS,True,36,118
ENSG00000115310.17,chr2,55049744,55050553,TSS,True,100,239
ENSG00000071082.10,chr2,101002260,101002315,TSS,True,96,242
ENSG00000071082.10,chr2,101002291,101002808,TSS,True,182,242
ENSG00000115380.19,chr2,55922447,55923710,ES,False,467,684
ENSG00000115380.19,chr2,55923710,55923931,TSS,True,113,803
ENSG00000114942.13,chr2,206159602,206160059,TSS,True,15,123
ENSG00000143933.16,chr2,47176440,47176516,TSS,False,43,382
ENSG00000115524.15,chr2,197389783,197392461,PAS,True,24,100
ENSG00000115524.15,chr2,197434971,197435113,TSS,True,39,106
ENSG00000072195.14,chr2,219447788,219449271,TSS,True,102,138
ENSG00000072195.14,chr2,219492593,219493632,PAS,True,91,113
ENSG00000236886.2,chr2,216679002,216679079,TSS,True,78,101
ENSG00000144381.16,chr2,197499781,197499958,TSS,True,19,102
ENSG00000135916.15,chr2,230864920,230865145,TSS,True,67,191
ENSG00000115457.9,chr2,216633400,216633965,TSS,True,163,1426
ENSG00000168542.14,chr2,188974188,188974568,TSS,True,618,2171
ENSG00000163359.15,chr2,237324016,237324814,PAS,True,35,187
ENSG00000163359.15,chr2,237334625,237334820,TSS,False,46,158
ENSG00000134308.13,chr2,9630940,9631046,TSS,False,42,157
ENSG00000134308.13,chr2,9630158,9630765,TSS,True,130,157
ENSG00000115234.10,chr2,27370482,27370806,TSS,True,17,162
ENSG00000135919.12,chr2,224039098,224039596,TSS,True,16,114
ENSG00000123989.13,chr2,219541615,219542037,TSS,True,103,146
ENSG00000123989.13,chr2,219543224,219543902,TSS,True,82,146
ENSG00000175084.11,chr2,219418137,219419040,TSS,False,40,321
ENSG00000115306.15,chr2,54630494,54631611,TSS,True,166,187
ENSG00000115306.15,chr2,54663518,54664691,TSS,True,132,147
ENSG00000115306.15,chr2,54655913,54657521,PAS,True,108,131
ENSG00000115306.15,chr2,54668350,54669683,PAS,True,61,169
ENSG00000115091.11,chr2,113889952,113890323,TSS,True,17,106
ENSG00000213639.9,chr2,28751796,28752176,TSS,True,38,177
ENSG00000079308.18,chr2,217799788,217804603,PAS,True,107,502
ENSG00000079308.18,chr2,217817689,217818598,TSS,True,495,858
ENSG00000049323.15,chr2,33134499,33134960,TSS,True,118,159
ENSG00000049323.15,chr2,33360596,33360637,PAS,True,91,115
ENSG00000049323.15,chr2,33398363,33399509,PAS,True,52,146
ENSG00000196843.15,chr2,96536703,96536830,TSS,True,48,111
ENSG00000152518.7,chr2,43226264,43226606,TSS,False,250,485
ENSG00000115414.18,chr2,215372015,215372108,IR,False,397,575
ENSG00000115414.18,chr2,215372015,215373321,ES,False,280,653
ENSG00000115414.18,chr2,215372015,215373321,3AS,False,280,455
ENSG00000115414.18,chr2,215372300,215373321,3AS,False,135,550
ENSG00000115414.18,chr2,215391814,215394527,ES,False,461,524
ENSG00000115414.18,chr2,215359471,215361626,PAS,True,514,1536
ENSG00000115414.18,chr2,215412760,215414958,PAS,True,559,650
ENSG00000115414.18,chr2,215393672,215394719,PAS,True,831,938
ENSG00000115414.18,chr2,215394527,215394723,TSS,True,1016,1162
ENSG00000115414.18,chr2,215435654,215436121,TSS,True,1030,1572
ENSG00000144118.13,chr2,120252755,120252980,TSS,True,19,116
ENSG00000163466.15,chr2,218217132,218217254,TSS,False,40,364
ENSG00000072163.19,chr2,127675013,127675197,TSS,True,68,116
ENSG00000119777.19,chr2,27032901,27033166,TSS,True,121,139
ENSG00000138061.11,chr2,38075779,38077230,TSS,True,34,140
ENSG00000171863.14,chr2,3575256,3575350,TSS,True,15,106
ENSG00000163017.13,chr2,73892966,73893051,TSS,True,36,142
ENSG00000197756.9,chr2,216498814,216498877,TSS,True,74,174
ENSG00000197756.9,chr2,216498869,216499398,TSS,True,140,174
ENSG00000197756.9,chr2,216499948,216500031,TSS,True,144,174
ENSG00000184489.11,chr8,141421386,141422345,TSS,True,98,160
ENSG00000184489.11,chr8,141422086,141425140,TSS,True,132,160
ENSG00000120896.13,chr8,22551319,22552022,TSS,True,100,118
ENSG00000104408.9,chr8,108248612,108248774,TSS,True,20,104
ENSG00000197858.10,chr8,144082243,144082804,TSS,True,17,111
ENSG00000198363.17,chr8,61499796,61503509,PAS,True,63,104
ENSG00000198363.17,chr8,61714268,61714896,TSS,True,23,111
ENSG00000104368.17,chr8,42207493,42207677,TSS,True,66,170
ENSG00000104368.17,chr8,42187905,42188666,TSS,True,152,170
ENSG00000136999.4,chr8,119416239,119416616,TSS,True,34,115
ENSG00000136999.4,chr8,119422835,119424453,PAS,False,14,104
ENSG00000147649.9,chr8,97643970,97644887,TSS,True,19,119
ENSG00000147649.9,chr8,97713661,97713735,PAS,True,62,104
ENSG00000147649.9,chr8,97724599,97730251,PAS,True,85,107
ENSG00000147649.9,chr8,97661071,97661158,PAS,True,60,100
ENSG00000187955.11,chr8,120124922,120125340,TSS,True,200,334
ENSG00000187955.11,chr8,120371151,120372037,PAS,True,88,316
ENSG00000187955.11,chr8,120370335,120372027,PAS,True,271,315
ENSG00000161016.17,chr8,144792365,144792428,TSS,False,766,1013
ENSG00000168077.13,chr8,27633723,27634207,TSS,True,61,228
ENSG00000168077.13,chr8,27670899,27673018,PAS,False,58,193
ENSG00000168077.13,chr8,27676568,27676775,PAS,False,200,228
ENSG00000164733.20,chr8,11868000,11868173,TSS,True,188,1242
ENSG00000077782.20,chr8,38467980,38468832,TSS,True,116,130
ENSG00000179950.13,chr8,143829279,143829376,TSS,True,33,109
ENSG00000157110.15,chr8,30383844,30385158,TSS,True,61,169
ENSG00000157110.15,chr8,30570636,30572262,PAS,True,98,163
ENSG00000157110.15,chr8,30547291,30547524,PAS,True,77,131
ENSG00000157110.15,chr8,30504285,30506358,PAS,False,103,124
ENSG00000164924.17,chr8,100951928,100952852,TSS,True,60,197
ENSG00000104388.14,chr8,60516905,60517253,TSS,True,14,103
ENSG00000104529.17,chr8,143586849,143597347,3AS,False,28,257
ENSG00000104529.17,chr8,143597347,143598252,TSS,True,91,353
ENSG00000104529.17,chr8,143586728,143591599,TSS,True,304,351
ENSG00000156482.10,chr8,98045507,98045561,TSS,False,43,183
ENSG00000156482.10,chr8,98042644,98042697,TSS,True,157,181
ENSG00000137573.13,chr8,69492784,69493125,TSS,True,127,154
ENSG00000137573.13,chr8,69576009,69576209,TSS,True,67,150
ENSG00000137573.13,chr8,69658504,69660919,PAS,True,23,148
ENSG00000104763.18,chr8,18056296,18057623,PAS,True,32,120
ENSG00000104763.18,chr8,18063470,18067298,PAS,True,85,115
ENSG00000179632.9,chr8,144103871,144104858,TSS,True,30,165
ENSG00000164949.7,chr8,94262204,94262338,TSS,True,96,113
ENSG00000164949.7,chr8,94262089,94262319,TSS,True,39,113
ENSG00000160948.13,chr8,144428488,144428582,TSS,True,56,138
ENSG00000137575.11,chr8,58572314,58575902,3AS,False,25,114
ENSG00000137575.11,chr8,58553179,58553303,TSS,True,17,127
ENSG00000104635.13,chr8,22367230,22367408,TSS,True,45,154
ENSG00000067167.7,chr8,70608076,70608444,TSS,True,25,148
ENSG00000070756.15,chr8,100721390,100722092,TSS,True,52,178
ENSG00000070756.15,chr8,100709458,100711202,TSS,True,156,176
ENSG00000120885.21,chr8,27614654,27614703,TSS,True,598,2354
ENSG00000168079.16,chr8,27992256,27992834,TSS,True,177,240
ENSG00000133872.13,chr8,30082846,30083106,TSS,True,16,115
ENSG00000067225.17,chr15,72200655,72206727,ME,False,117,555
ENSG00000067225.17,chr15,72231115,72231260,TSS,False,104,603
ENSG00000140545.14,chr15,88898681,88899532,PAS,True,24,152
ENSG00000140545.14,chr15,88913246,88913458,TSS,True,518,603
ENSG00000166147.13,chr15,48409691,48411379,PAS,True,39,146
ENSG00000166147.13,chr15,48645574,48645758,TSS,True,135,161
ENSG00000173546.7,chr15,75687275,75689266,TSS,True,105,130
ENSG00000137818.11,chr15,69452816,69453020,TSS,False,88,801
ENSG00000180304.14,chr15,64703028,64703271,TSS,True,25,116
ENSG00000137809.16,chr15,68432014,68432203,TSS,False,62,111
ENSG00000174444.14,chr15,66504787,66504853,TSS,True,63,501
ENSG00000137815.14,chr15,41417090,41417313,TSS,True,28,155
ENSG00000137815.14,chr15,41452900,41452942,PAS,True,86,130
ENSG00000137815.14,chr15,41464770,41464861,PAS,True,66,136
ENSG00000137815.14,chr15,41480580,41482981,PAS,False,122,138
ENSG00000140416.20,chr15,63042943,63043705,IR,False,223,251
ENSG00000140416.20,chr15,63042943,63056984,ME,False,68,288
ENSG00000140416.20,chr15,63060939,63062214,ME,False,267,301
ENSG00000140416.20,chr15,63042137,63042943,TSS,True,109,402
ENSG00000140416.20,chr15,63071089,63071915,PAS,True,77,369
ENSG00000140575.12,chr15,90388211,90388396,TSS,True,63,114
ENSG00000138615.5,chr15,65211427,65211474,TSS,False,96,273
ENSG00000103710.10,chr15,65067732,65068327,TSS,True,28,195
ENSG00000185787.14,chr15,78872781,78873057,TSS,True,27,190
ENSG00000140391.14,chr15,77070891,77071172,TSS,True,17,142
ENSG00000166710.18,chr15,44711414,44711613,TSS,True,375,1723
ENSG00000182768.8,chr15,90265669,90266398,TSS,True,18,131
ENSG00000182774.12,chr15,82540425,82540460,TSS,True,49,166
ENSG00000182774.12,chr15,82539980,82540445,TSS,True,144,166
ENSG00000182774.12,chr15,82538879,82540133,TSS,True,139,166
ENSG00000179010.14,chr4,6640655,6640708,TSS,False,79,101
ENSG00000179010.14,chr4,6640682,6641258,TSS,True,34,101
ENSG00000152795.17,chr4,82422746,82424883,PAS,True,65,117
ENSG00000152795.17,chr4,82423203,82426129,PAS,True,53,106
ENSG00000152795.17,chr4,82429247,82430469,TSS,True,22,118
ENSG00000071127.16,chr4,10116650,10116986,TSS,True,95,246
ENSG00000163069.12,chr4,52038226,52038315,TSS,True,15,108
ENSG00000169020.9,chr4,673401,674211,ES,False,11,100
ENSG00000169020.9,chr4,674211,674287,TSS,True,14,114
ENSG00000087274.16,chr4,2843837,2844024,TSS,True,103,141
ENSG00000152583.12,chr4,87472765,87473803,PAS,True,187,864
ENSG00000152583.12,chr4,87493625,87494598,PAS,True,548,696
ENSG00000152583.12,chr4,87529044,87529466,TSS,True,212,886
ENSG00000152583.12,chr4,87493581,87494538,TSS,True,618,711
ENSG00000109610.5,chr4,24800528,24800618,IR,True,74,311
ENSG00000109610.5,chr4,24795572,24795651,TSS,False,63,312
ENSG00000109610.5,chr4,24799505,24800842,PAS,True,59,250
ENSG00000109610.5,chr4,24800618,24800842,PAS,True,238,312
ENSG00000196616.13,chr4,99321313,99321443,TSS,True,108,376
ENSG00000129116.18,chr4,168832171,168890921,ES,False,48,160
ENSG00000129116.18,chr4,168831990,168832171,TSS,True,157,320
ENSG00000129116.18,chr4,168877717,168878394,TSS,True,231,316
ENSG00000129116.18,chr4,168926212,168928475,PAS,True,63,293
ENSG00000129116.18,chr4,168924254,168924387,PAS,True,253,287
ENSG00000109475.16,chr4,108620535,108620600,TSS,False,171,528
ENSG00000109475.16,chr4,108620576,108622024,TSS,True,440,528
ENSG00000109475.16,chr4,108622513,108622618,TSS,True,458,528
ENSG00000163110.14,chr4,94451851,94451995,TSS,True,44,106
ENSG00000170801.9,chr4,8269723,8270353,TSS,True,69,218
ENSG00000109332.19,chr4,102827426,102827835,TSS,True,89,137
ENSG00000109332.19,chr4,102826484,102827192,TSS,True,87,137
ENSG00000154553.14,chr4,185500659,185502483,PAS,True,18,154
ENSG00000154553.14,chr4,185535341,185535526,TSS,True,65,170
ENSG00000163453.11,chr4,57109876,57110479,TSS,False,147,1297
ENSG00000172403.10,chr4,119029846,119032027,TSS,True,101,119
ENSG00000172403.10,chr4,118888842,118889141,TSS,True,91,120
ENSG00000123933.16,chr4,2261916,2262128,TSS,True,48,164
ENSG00000118816.9,chr4,77075471,77076021,TSS,True,73,187
ENSG00000138668.18,chr4,82354154,82355303,IR,False,114,143
ENSG00000138668.18,chr4,82355401,82356795,ES,False,75,138
ENSG00000138668.18,chr4,82359639,82373445,ES,False,41,135
ENSG00000138668.18,chr4,82352497,82354154,PAS,True,39,154
ENSG00000138668.18,chr4,82353828,82355401,PAS,True,117,146
ENSG00000159692.15,chr4,1212423,1212912,3AS,False,82,132
ENSG00000159692.15,chr4,1211432,1212426,PAS,True,90,141
ENSG00000159692.15,chr4,1211429,1212423,PAS,True,59,141
ENSG00000159692.15,chr4,1248915,1249467,TSS,True,51,151
ENSG00000154556.18,chr4,185585444,185587688,PAS,True,60,118
ENSG00000154556.18,chr4,185656614,185656940,TSS,True,65,117
ENSG00000154556.18,chr4,185775226,185775538,TSS,True,103,120
ENSG00000161970.14,chr17,8383156,8383197,TSS,False,48,255
ENSG00000141027.20,chr17,16029156,16032483,PAS,True,104,119
ENSG00000141027.20,chr17,16215361,16215591,TSS,True,48,120
ENSG00000131471.6,chr17,42851206,42852943,TSS,True,183,275
ENSG00000169718.17,chr17,82065612,82065871,TSS,True,12,103
ENSG00000243678.11,chr17,51166265,51166497,TSS,True,16,100
ENSG00000108821.13,chr17,50201410,50201696,TSS,False,359,650
ENSG00000182473.21,chr17,76103632,76103791,TSS,True,157,234
ENSG00000185624.14,chr17,81860326,81860636,TSS,True,132,557
ENSG00000157637.12,chr17,81294822,81295503,TSS,True,114,195
ENSG00000178927.17,chr17,82450699,82450791,TSS,False,54,103
ENSG00000108774.14,chr17,42154892,42155022,TSS,True,167,255
ENSG00000129250.11,chr17,4997673,4998156,TSS,True,62,109
ENSG00000132589.15,chr17,28897525,28897736,TSS,False,29,103
ENSG00000030582.17,chr17,44345096,44345334,TSS,True,169,327
ENSG00000030582.17,chr17,44349658,44349751,TSS,True,258,326
ENSG00000108946.14,chr17,68512399,68512548,TSS,True,49,271
ENSG00000170315.13,chr17,16381061,16381184,TSS,True,16,144
ENSG00000184009.11,chr17,81512733,81512855,TSS,True,352,1885
ENSG00000108298.11,chr17,39200112,39200349,TSS,False,42,302
ENSG00000141753.6,chr17,40443401,40444084,TSS,False,266,1322
ENSG00000108679.12,chr17,78979823,78979962,TSS,True,37,119
ENSG00000168610.14,chr17,42316851,42317181,3AS,False,22,148
ENSG00000168610.14,chr17,42348517,42388278,3AS,False,38,131
ENSG00000168610.14,chr17,42313313,42315800,PAS,True,24,174
ENSG00000168610.14,chr17,42388278,42388586,TSS,True,77,208
ENSG00000132386.10,chr17,1761892,1762113,TSS,False,228,575
ENSG00000132386.10,chr17,1769750,1770050,TSS,True,511,573
ENSG00000091542.8,chr17,18183469,18185013,TSS,False,30,197
ENSG00000182534.13,chr17,76679568,76680879,PAS,True,93,447
ENSG00000182534.13,chr17,76675416,76677702,PAS,False,357,449
ENSG00000184557.4,chr17,78359749,78360566,TSS,True,91,435
ENSG00000125691.12,chr17,38853697,38853764,TSS,True,88,135
ENSG00000125691.12,chr17,38852603,38853720,TSS,True,95,133
ENSG00000188612.11,chr17,75182813,75182990,TSS,True,16,101
ENSG00000133030.20,chr17,17174075,17176425,ES,False,36,108
ENSG00000133030.20,chr17,17042427,17042971,TSS,True,116,151
ENSG00000133030.20,chr17,17158428,17159002,TSS,True,112,143
ENSG00000133030.20,chr17,17184822,17186216,PAS,True,13,123
ENSG00000087191.12,chr17,63827380,63827514,TSS,True,46,111
ENSG00000087191.12,chr17,63827408,63828209,TSS,True,99,111
ENSG00000087191.12,chr17,63827460,63827923,TSS,True,94,111
ENSG00000109113.19,chr17,28715122,28715218,5AS,False,16,104
ENSG00000109113.19,chr17,28717212,28718419,TSS,True,52,117
ENSG00000109113.19,chr17,28718121,28718530,TSS,True,87,117
ENSG00000072778.19,chr17,7222081,7222176,IR,False,95,139
ENSG00000072778.19,chr17,7222302,7222666,IR,True,110,141
ENSG00000072778.19,chr17,7222865,7223132,IR,False,89,179
ENSG00000072778.19,chr17,7219853,7220046,TSS,True,114,226
ENSG00000072778.19,chr17,7219910,7223237,TSS,True,197,224
ENSG00000108828.15,chr17,43021935,43022417,TSS,True,46,129
ENSG00000132475.10,chr17,75779656,75779781,TSS,True,126,522
ENSG00000108654.14,chr17,64500773,64502009,IR,False,177,209
ENSG00000108654.14,chr17,64498253,64500326,PAS,True,27,232
ENSG00000108654.14,chr17,64506075,64506340,TSS,True,67,254
ENSG00000108840.15,chr17,44087411,44087698,TSS,True,88,115
ENSG00000108840.15,chr17,44123503,44124047,TSS,True,82,120
ENSG00000177469.12,chr17,42422626,42423258,TSS,False,495,764
ENSG00000108639.7,chr17,78171054,78171738,ES,False,13,115
ENSG00000108639.7,chr17,78168541,78168715,TSS,True,31,144
ENSG00000197879.16,chr17,1491599,1491883,TSS,True,164,188
ENSG00000197879.16,chr17,1485693,1486131,TSS,True,144,188
ENSG00000177731.15,chr17,18245850,18245933,IR,False,120,141
ENSG00000177731.15,chr17,18251813,18251998,3AS,False,53,101
ENSG00000177731.15,chr17,18258627,18258774,TSS,True,68,155
ENSG00000261371.5,chr17,64319414,64323845,PAS,False,14,125
ENSG00000261371.5,chr17,64390601,64391244,TSS,True,79,167
ENSG00000142507.9,chr17,4796133,4796296,TSS,True,121,195
ENSG00000132471.11,chr17,75855238,75855369,TSS,True,119,133
ENSG00000131469.14,chr17,42998395,42998471,TSS,False,108,202
ENSG00000131469.14,chr17,42998448,42998831,TSS,False,166,202
ENSG00000131469.14,chr17,43002754,43002783,TSS,True,138,202
ENSG00000166482.11,chr17,19387149,19387224,TSS,False,188,398
ENSG00000166482.11,chr17,19385357,19387176,TSS,True,342,398
ENSG00000171298.12,chr17,80101141,80101625,TSS,True,83,130
ENSG00000171298.12,chr17,80112729,80113027,TSS,True,94,125
ENSG00000171298.12,chr17,80119271,80119883,PAS,True,13,124
ENSG00000170296.9,chr17,7242240,7242441,TSS,False,19,122
ENSG00000011028.13,chr17,62689755,62690062,TSS,True,250,292
ENSG00000011028.13,chr17,62627131,62627920,TSS,True,293,326
ENSG00000011028.13,chr17,62692230,62693602,PAS,True,42,224
ENSG00000011028.13,chr17,62682234,62683083,PAS,False,89,104
ENSG00000121067.17,chr17,49677932,49678203,TSS,True,73,140
ENSG00000132481.6,chr17,75877873,75878588,TSS,False,26,101
ENSG00000109099.14,chr17,15262428,15262555,TSS,True,73,165
ENSG00000109099.14,chr17,15265153,15265326,TSS,True,130,165
ENSG00000132507.17,chr17,7307460,7307752,TSS,True,31,170
ENSG00000133026.12,chr17,8623277,8630653,ES,True,457,564
ENSG00000133026.12,chr17,8474204,8475948,PAS,True,600,876
ENSG00000133026.12,chr17,8512463,8512657,PAS,True,192,670
ENSG00000133026.12,chr17,8630653,8630906,TSS,True,401,970
ENSG00000100364.18,chr22,45240639,45240943,TSS,True,45,111
ENSG00000100364.18,chr22,45211955,45212635,TSS,True,91,111
ENSG00000100234.11,chr22,32801684,32802122,TSS,False,160,327
ENSG00000198832.10,chr22,31107376,31107599,TSS,True,26,247
ENSG00000025708.13,chr22,50528610,50529135,IR,False,126,152
ENSG00000025708.13,chr22,50529338,50529495,IR,False,116,150
ENSG00000025708.13,chr22,50529719,50529903,IR,False,64,113
ENSG00000025708.13,chr22,50523569,50525918,PAS,True,40,179
ENSG00000025708.13,chr22,50529495,50530026,TSS,True,151,179
ENSG00000025708.13,chr22,50529903,50530341,TSS,True,108,179
ENSG00000100353.17,chr22,36529075,36529325,TSS,False,25,129
ENSG00000196419.12,chr22,41621215,41621345,TSS,True,20,155
ENSG00000100243.20,chr22,42649294,42649417,TSS,False,120,581
ENSG00000196576.14,chr22,50274974,50275808,PAS,True,13,101
ENSG00000196576.14,chr22,50279629,50279782,TSS,True,90,108
ENSG00000196576.14,chr22,50282710,50283097,TSS,False,92,109
ENSG00000196576.14,chr22,50281565,50281743,TSS,True,96,108
ENSG00000213923.11,chr22,38290689,38291938,PAS,False,40,103
ENSG00000213923.11,chr22,38299894,38300045,TSS,True,146,168
ENSG00000213923.11,chr22,38317159,38317473,TSS,True,125,170
ENSG00000100345.21,chr22,36281276,36282785,PAS,False,81,754
ENSG00000100345.21,chr22,36387806,36388109,TSS,False,731,873
ENSG00000185022.11,chr22,38201989,38202212,TSS,True,25,126
ENSG00000100242.15,chr22,38752665,38755762,ES,False,160,214
ENSG00000100242.15,chr22,38755762,38756048,TSS,True,180,395
ENSG00000198355.4,chr22,49960472,49961032,TSS,False,59,304
ENSG00000100300.17,chr22,43151524,43151604,TSS,True,50,163
ENSG00000100300.17,chr22,43161057,43161190,TSS,True,143,163
ENSG00000100201.20,chr22,38505950,38506341,TSS,True,77,113
ENSG00000128272.14,chr22,39520278,39520751,TSS,False,140,174
ENSG00000183963.18,chr22,31099896,31104315,ES,False,204,326
ENSG00000183963.18,chr22,31080948,31081456,TSS,True,214,356
ENSG00000183963.18,chr22,31090962,31091482,TSS,True,316,353
ENSG00000100129.17,chr22,37849373,37849482,TSS,False,27,176
ENSG00000100097.11,chr22,37675634,37675711,TSS,True,55,278
ENSG00000100097.11,chr22,37678593,37678654,TSS,True,246,278
ENSG00000100106.20,chr22,37751828,37754915,3AS,True,34,198
ENSG00000100106.20,chr22,37772764,37773782,IR,True,180,202
ENSG00000100106.20,chr22,37746200,37746420,TSS,True,62,260
ENSG00000100106.20,chr22,37773782,37776523,PAS,True,47,229
ENSG00000077942.18,chr22,45502614,45503064,TSS,False,337,1121
ENSG00000077942.18,chr22,45562911,45563362,PAS,True,606,1020
ENSG00000077942.18,chr22,45600306,45602846,PAS,False,528,1085
ENSG00000182944.17,chr22,29288786,29291564,3AS,False,56,101
ENSG00000182944.17,chr22,29268100,29268349,TSS,True,50,145
ENSG00000128245.14,chr22,31944515,31944820,TSS,True,21,161
ENSG00000197694.15,chr9,128552523,128552696,TSS,True,109,125
ENSG00000197694.15,chr9,128627982,128630375,TSS,True,94,109
ENSG00000197694.15,chr9,128633208,128633663,PAS,True,18,120
ENSG00000172889.15,chr9,136663108,136664694,3AS,True,13,129
ENSG00000172889.15,chr9,136664785,136668556,ES,False,32,134
ENSG00000172889.15,chr9,136668673,136669913,ES,True,15,146
ENSG00000172889.15,chr9,136672088,136672263,IR,True,225,274
ENSG00000172889.15,chr9,136662168,136663108,TSS,True,150,280
ENSG00000172889.15,chr9,136671185,136672088,TSS,True,228,277
ENSG00000172889.15,chr9,136672263,136672679,PAS,True,55,280
ENSG00000137154.12,chr9,19380189,19380269,TSS,False,78,779
ENSG00000160408.14,chr9,127887591,127890655,5AS,False,24,132
ENSG00000160408.14,chr9,127896332,127899502,ES,False,71,120
ENSG00000160408.14,chr9,127899502,127899659,TSS,True,36,156
ENSG00000106809.10,chr9,92403233,92403526,TSS,True,80,113
ENSG00000106809.10,chr9,92404495,92404657,TSS,True,73,114
ENSG00000107223.12,chr9,136862117,136862345,PAS,False,27,128
ENSG00000107223.12,chr9,136866180,136866312,TSS,True,43,128
ENSG00000107223.12,chr9,136863287,136863449,TSS,True,105,128
ENSG00000137076.20,chr9,35696955,35697916,PAS,False,137,307
ENSG00000137076.20,chr9,35720645,35722223,PAS,True,90,104
ENSG00000137076.20,chr9,35724621,35724724,PAS,True,85,100
ENSG00000137076.20,chr9,35707816,35707892,PAS,True,108,173
ENSG00000137076.20,chr9,35707071,35707255,TSS,True,136,194
ENSG00000137076.20,chr9,35732074,35732407,TSS,True,231,325
ENSG00000148180.19,chr9,121281562,121301962,ES,False,352,404
ENSG00000148180.19,chr9,121299800,121300005,TSS,False,1370,5578
ENSG00000107281.9,chr9,137040067,137040356,3AS,True,172,194
ENSG00000107281.9,chr9,137043073,137045877,IR,True,111,136
ENSG00000107281.9,chr9,137045877,137046229,TSS,True,105,216
ENSG00000107281.9,chr9,137042926,137046685,TSS,True,153,216
ENSG00000148248.13,chr9,133375921,133376131,TSS,True,50,149
ENSG00000148303.16,chr9,133348206,133348246,TSS,False,65,162
ENSG00000148303.16,chr9,133348240,133349042,TSS,True,119,162
ENSG00000148175.12,chr9,121370126,121370284,TSS,True,53,296
ENSG00000159069.13,chr9,136941684,136942045,IR,True,216,248
ENSG00000159069.13,chr9,136943890,136944795,TSS,True,251,293
ENSG00000159069.13,chr9,136944593,136944762,TSS,True,94,294
ENSG00000106991.13,chr9,127854288,127854749,TSS,True,281,735
ENSG00000044574.7,chr9,125241004,125241372,TSS,False,96,433
ENSG00000137124.7,chr9,38392622,38392807,TSS,True,35,119
ENSG00000165280.15,chr9,35072336,35072782,TSS,True,93,326
ENSG00000165280.15,chr9,35057375,35057390,TSS,True,280,314
ENSG00000119335.16,chr9,128689190,128689655,TSS,False,17,124
ENSG00000119335.16,chr9,128694640,128696393,PAS,True,15,117
ENSG00000130956.13,chr9,96450098,96450628,TSS,True,15,105
ENSG00000165119.20,chr9,83980502,83980645,TSS,True,134,189
ENSG00000176978.13,chr9,137112230,137112744,IR,True,140,165
ENSG00000176978.13,chr9,137114646,137114909,TSS,True,40,186
ENSG00000204291.10,chr9,98943485,98944072,TSS,True,88,149
ENSG00000204291.10,chr9,99069672,99070791,PAS,False,24,138
ENSG00000198467.14,chr9,35689703,35691118,TSS,True,119,576
ENSG00000148341.17,chr9,129010209,129010669,IR,False,94,109
ENSG00000148341.17,chr9,129028091,129028360,TSS,True,27,122
ENSG00000130635.15,chr9,134842156,134844843,PAS,True,20,103
ENSG00000136942.14,chr9,124861909,124861987,TSS,True,51,299
ENSG00000136942.14,chr9,124861418,124861566,TSS,True,267,299
ENSG00000165802.22,chr9,137459031,137459513,TSS,True,49,138
ENSG00000123384.13,chr12,57212414,57213391,PAS,True,190,456
ENSG00000123384.13,chr12,57175459,57176879,PAS,True,82,101
ENSG00000123384.13,chr12,57179328,57179719,PAS,True,112,132
ENSG00000067182.7,chr12,6341775,6342117,TSS,True,56,102
ENSG00000061273.17,chr12,47795586,47795768,TSS,False,86,123
ENSG00000092841.18,chr12,56160320,56160625,IR,False,795,940
ENSG00000092841.18,chr12,56160320,56161386,ES,False,317,1106
ENSG00000092841.18,chr12,56160320,56161386,IR,True,317,459
ENSG00000092841.18,chr12,56160670,56161386,IR,True,798,944
ENSG00000092841.18,chr12,56158337,56158404,TSS,True,634,1701
ENSG00000092841.18,chr12,56161386,56161581,PAS,True,150,1265
ENSG00000092841.18,chr12,56160242,56161580,PAS,True,1113,1252
ENSG00000060138.12,chr12,10704148,10713210,ES,False,194,440
ENSG00000139644.12,chr12,49741548,49741611,TSS,False,75,129
ENSG00000139644.12,chr12,49752461,49752549,TSS,True,113,129
ENSG00000139329.4,chr12,91111397,91111608,TSS,True,30,267
ENSG00000089220.4,chr12,118136065,118136344,TSS,False,31,248
ENSG00000167552.13,chr12,49188976,49189080,TSS,True,64,176
ENSG00000167552.13,chr12,49186610,49186834,TSS,True,158,176
ENSG00000063046.17,chr12,53006278,53006496,TSS,True,72,164
ENSG00000011465.16,chr12,91179361,91179559,TSS,True,544,1312
ENSG00000011465.16,chr12,91182654,91182916,TSS,True,1004,1314
ENSG00000174099.11,chr12,65278865,65326825,ES,False,52,174
ENSG00000174099.11,chr12,65278494,65278865,TSS,True,55,231
ENSG00000174099.11,chr12,65463154,65467418,PAS,True,22,188
ENSG00000089157.15,chr12,120201082,120201113,TSS,True,117,722
ENSG00000182196.13,chr12,122982538,122982619,IR,False,110,125
ENSG00000182196.13,chr12,122980468,122980745,TSS,True,76,126
ENSG00000182196.13,chr12,122980680,122980812,TSS,True,89,126
ENSG00000182196.13,chr12,122982619,122982914,PAS,True,16,126
ENSG00000182196.13,chr12,122982468,122983476,PAS,True,113,126
ENSG00000196531.10,chr12,56725262,56725531,TSS,True,52,209
ENSG00000175215.10,chr12,57846371,57846962,TSS,True,111,135
ENSG00000135506.15,chr12,57715970,57716091,3AS,False,138,187
ENSG00000135506.15,chr12,57719182,57720405,ES,False,101,205
ENSG00000135506.15,chr12,57693960,57694323,TSS,True,49,228
ENSG00000134531.9,chr12,13196725,13196872,TSS,True,49,115
ENSG00000139613.11,chr12,56162358,56163765,PAS,True,36,123
ENSG00000139613.11,chr12,56189350,56190295,TSS,True,38,123
ENSG00000010278.13,chr12,6200320,6200565,TSS,True,47,256
ENSG00000135424.16,chr12,55694777,55695496,TSS,True,193,252
ENSG00000183283.15,chr12,51238812,51238920,TSS,False,27,131
ENSG00000175899.14,chr12,9067418,9067839,PAS,True,260,1680
ENSG00000175899.14,chr12,9115763,9116193,TSS,True,619,1689
ENSG00000073614.12,chr12,310884,310949,TSS,True,33,104
ENSG00000073614.12,chr12,388926,389635,TSS,True,85,104
ENSG00000150991.14,chr12,124914586,124914848,TSS,False,149,390
ENSG00000058272.18,chr12,79934694,79935197,TSS,True,20,106
ENSG00000136003.15,chr12,108562554,108562736,TSS,True,15,123
ENSG00000153179.12,chr12,64610203,64610743,TSS,True,21,106
ENSG00000022840.15,chr12,120563070,120563346,3AS,False,96,109
ENSG00000022840.15,chr12,120534343,120534968,TSS,True,44,150
ENSG00000123416.15,chr12,49131297,49131398,TSS,False,86,160
ENSG00000123416.15,chr12,49129499,49131393,TSS,True,143,160
ENSG00000159403.16,chr12,7092386,7092570,TSS,True,597,1175
ENSG00000166598.14,chr12,103930362,103930564,TSS,True,90,342
ENSG00000166598.14,chr12,103947632,103948555,PAS,True,107,334
ENSG00000166598.14,chr12,103938339,103938459,PAS,True,204,298
ENSG00000123358.19,chr12,52037135,52037443,TSS,True,99,111
ENSG00000123358.19,chr12,52051370,52051568,TSS,True,77,111
ENSG00000123358.19,chr12,52054325,52055204,TSS,True,83,108
ENSG00000135404.11,chr12,55728952,55729106,TSS,False,61,261
ENSG00000159335.15,chr12,6766149,6766750,TSS,True,109,198
ENSG00000159335.15,chr12,6769693,6769999,TSS,True,166,186
ENSG00000159335.15,chr12,6770391,6770952,PAS,True,16,127
ENSG00000118971.7,chr12,4273756,4274235,TSS,False,51,100
ENSG00000166888.11,chr12,57111128,57112263,TSS,True,98,136
ENSG00000110799.13,chr12,5948873,5949203,PAS,False,76,291
ENSG00000110799.13,chr12,6018364,6019697,TSS,True,216,249
ENSG00000110799.13,chr12,5993861,5994182,TSS,True,211,241
ENSG00000110799.13,chr12,6124420,6124673,TSS,True,256,298
ENSG00000111640.14,chr12,6534455,6534569,TSS,True,231,1261
ENSG00000197111.15,chr12,53461143,53462492,3AS,False,71,105
ENSG00000197111.15,chr12,53452104,53452376,TSS,True,87,151
ENSG00000197111.15,chr12,53459404,53461143,TSS,True,113,148
ENSG00000111341.9,chr12,14885730,14885860,TSS,True,225,1992
ENSG00000175203.15,chr12,57547027,57547280,TSS,True,37,135
ENSG00000075415.12,chr12,98593626,98593740,TSS,True,36,110
ENSG00000167779.8,chr12,53097465,53098051,TSS,True,50,452
ENSG00000135486.17,chr12,54282874,54283811,ES,False,272,322
ENSG00000135486.17,chr12,54280692,54280822,TSS,True,39,342
ENSG00000111275.12,chr12,111803946,111803973,TSS,True,168,192
ENSG00000111275.12,chr12,111766912,111767096,TSS,True,51,192
ENSG00000012822.15,chr12,53727403,53727492,TSS,True,44,103
ENSG00000182326.14,chr12,7060877,7061838,3AS,False,146,614
ENSG00000182326.14,chr12,7060675,7060877,TSS,True,215,829
ENSG00000197614.10,chr12,8662626,8662880,TSS,True,36,121
ENSG00000214063.10,chr11,842831,842915,TSS,True,75,115
ENSG00000214063.10,chr11,843185,844186,TSS,True,89,115
ENSG00000166741.7,chr11,114296343,114296710,TSS,True,35,198
ENSG00000149115.13,chr11,57312533,57313610,TSS,True,102,117
ENSG00000149115.13,chr11,57308394,57310321,TSS,True,77,117
ENSG00000149115.13,chr11,57302458,57303679,TSS,True,104,116
ENSG00000149115.13,chr11,57324839,57325158,TSS,True,90,120
ENSG00000109846.7,chr11,111913104,111913183,TSS,True,85,120
ENSG00000109846.7,chr11,111911523,111911816,TSS,True,59,120
ENSG00000109846.7,chr11,111913138,111913219,TSS,True,106,120
ENSG00000168056.15,chr11,65539881,65540244,ES,False,78,345
ENSG00000168056.15,chr11,65551401,65552157,TSS,True,321,415
ENSG00000168056.15,chr11,65547919,65549708,TSS,True,363,414
ENSG00000014216.15,chr11,65181270,65182013,TSS,True,46,111
ENSG00000162191.13,chr11,62678864,62679102,TSS,True,27,114
ENSG00000149131.15,chr11,57597765,57598321,TSS,True,402,530
ENSG00000149131.15,chr11,57597658,57597722,TSS,True,374,530
ENSG00000149131.15,chr11,57611718,57611936,TSS,True,439,519
ENSG00000177600.8,chr11,809902,810039,TSS,True,70,179
ENSG00000177600.8,chr11,810003,810357,TSS,True,133,179
ENSG00000149564.11,chr11,124762084,124762332,TSS,True,42,107
ENSG00000149564.11,chr11,124758348,124760644,TSS,True,91,107
ENSG00000165915.13,chr11,47415159,47415287,IR,False,88,106
ENSG00000165915.13,chr11,47408441,47408662,TSS,True,53,138
ENSG00000165915.13,chr11,47415287,47416590,PAS,False,21,110
ENSG00000165915.13,chr11,47415059,47416586,PAS,False,98,109
ENSG00000150687.11,chr11,86800450,86800651,TSS,True,41,200
ENSG00000109971.13,chr11,123062063,123062238,TSS,True,128,538
ENSG00000109971.13,chr11,123058631,123058676,TSS,True,459,535
ENSG00000124942.13,chr11,62529948,62534074,PAS,True,27,263
ENSG00000124942.13,chr11,62546659,62546870,TSS,True,143,398
ENSG00000072952.18,chr11,10625965,10626437,TSS,True,82,110
ENSG00000072952.18,chr11,10693461,10693586,TSS,True,100,115
ENSG00000134824.13,chr11,61827817,61828597,TSS,True,110,166
ENSG00000026508.18,chr11,35139014,35139370,TSS,True,124,210
ENSG00000026508.18,chr11,35229128,35232402,PAS,True,15,105
ENSG00000085063.15,chr11,33722463,33736381,ES,False,78,111
ENSG00000085063.15,chr11,33736381,33736477,TSS,True,76,187
ENSG00000172638.12,chr11,65866712,65866844,IR,False,25,201
ENSG00000172638.12,chr11,65866299,65867079,PAS,True,48,226
ENSG00000172638.12,chr11,65866305,65866712,PAS,True,205,240
ENSG00000172638.12,chr11,65872682,65873622,TSS,True,85,240
ENSG00000172638.12,chr11,65871156,65872019,TSS,False,197,240
ENSG00000084234.17,chr11,130122513,130126699,ES,False,92,147
ENSG00000084234.17,chr11,130135715,130140397,ES,False,138,157
ENSG00000084234.17,chr11,130069835,130070082,TSS,True,108,262
ENSG00000084234.17,chr11,130143346,130144811,PAS,True,37,211
ENSG00000084234.17,chr11,130121613,130121759,PAS,True,141,171
ENSG00000110719.9,chr11,68047804,68047881,IR,False,82,102
ENSG00000110719.9,chr11,68038474,68039119,TSS,True,80,140
ENSG00000110719.9,chr11,68042968,68043497,TSS,True,118,139
ENSG00000110719.9,chr11,68049090,68049788,TSS,True,113,133
ENSG00000185201.16,chr11,308116,308438,TSS,True,131,319
ENSG00000174080.10,chr11,66568273,66568610,TSS,False,45,217
ENSG00000117984.13,chr11,1763791,1763988,TSS,True,189,424
ENSG00000149591.16,chr11,117199176,117199432,TSS,False,532,2791
ENSG00000166333.13,chr11,6603822,6604225,3AS,False,225,301
ENSG00000166333.13,chr11,6603724,6603822,TSS,False,54,356
ENSG00000149273.14,chr11,75399513,75399577,TSS,True,64,518
ENSG00000134333.13,chr11,18394559,18394636,TSS,False,56,303
ENSG00000084207.16,chr11,67583513,67583844,TSS,True,50,235
ENSG00000172725.13,chr11,67443403,67443518,TSS,True,33,108
ENSG00000173442.12,chr11,65575970,65576406,TSS,True,89,110
ENSG00000173442.12,chr11,65581614,65583765,TSS,True,81,106
ENSG00000173442.12,chr11,65584902,65585591,TSS,True,88,101
ENSG00000173442.12,chr11,65592202,65592841,PAS,True,11,100
ENSG00000130600.18,chr11,1996517,1997824,TSS,True,39,208
ENSG00000110651.11,chr11,2377308,2377615,TSS,False,83,281
ENSG00000184232.8,chr11,120210748,120211510,TSS,True,30,105
ENSG00000023191.16,chr11,502181,507112,3AS,False,66,166
ENSG00000023191.16,chr11,507112,507279,TSS,True,160,333
ENSG00000023191.16,chr11,504426,504709,TSS,False,269,332
ENSG00000177697.18,chr11,833026,836062,ES,False,95,266
ENSG00000177697.18,chr11,832731,833026,TSS,True,187,454
ENSG00000177697.18,chr11,834521,834591,TSS,False,402,454
ENSG00000221968.8,chr11,61876455,61876865,IR,False,53,138
ENSG00000221968.8,chr11,61876963,61877510,IR,False,90,112
ENSG00000221968.8,chr11,61891168,61891638,TSS,True,54,168
ENSG00000221968.8,chr11,61876358,61878395,TSS,True,140,158
ENSG00000050165.17,chr11,12009171,12009385,TSS,False,271,549
ENSG00000050165.17,chr11,12008369,12008649,TSS,True,407,548
ENSG00000076706.16,chr11,119307981,119309915,PAS,True,28,186
ENSG00000076706.16,chr11,119317034,119317444,TSS,True,235,325
ENSG00000244734.4,chr11,5226929,5227071,TSS,True,26,156
ENSG00000142089.15,chr11,320564,320898,TSS,True,113,898
ENSG00000110321.16,chr11,10801087,10802048,ES,False,24,224
ENSG00000110321.16,chr11,10808704,10808980,TSS,True,84,258
ENSG00000172757.12,chr11,65858096,65858215,TSS,True,106,426
ENSG00000149806.10,chr11,65122089,65122217,TSS,False,39,220
ENSG00000166441.12,chr11,8682731,8682816,TSS,False,132,200
ENSG00000166441.12,chr11,8684827,8684892,TSS,True,85,200
ENSG00000134917.9,chr11,130404918,130406128,PAS,False,22,131
ENSG00000134917.9,chr11,130427566,130428696,TSS,False,68,150
ENSG00000223953.5,chr11,119340694,119340902,TSS,True,35,148
ENSG00000223953.5,chr11,119340183,119340550,TSS,True,115,148
ENSG00000173511.9,chr11,64237222,64237520,3AS,False,39,128
ENSG00000173511.9,chr11,64234487,64234893,TSS,True,45,144
ENSG00000173511.9,chr11,64236039,64236327,TSS,True,118,144
ENSG00000182087.13,chr19,1011195,1011366,IR,False,118,168
ENSG00000182087.13,chr19,1011612,1011740,3AS,False,39,164
ENSG00000182087.13,chr19,1012188,1012462,IR,False,88,161
ENSG00000182087.13,chr19,1020771,1021251,TSS,True,109,267
ENSG00000161281.10,chr19,36152392,36152489,TSS,True,21,117
ENSG00000141905.18,chr19,3359305,3359685,TSS,True,113,128
ENSG00000130402.11,chr19,38647605,38647907,TSS,True,87,121
ENSG00000129353.14,chr19,10602416,10602561,TSS,True,60,130
ENSG00000063177.12,chr19,48619140,48619191,TSS,True,45,114
ENSG00000063177.12,chr19,48617790,48619182,TSS,True,101,114
ENSG00000063177.12,chr19,48616078,48616158,TSS,True,90,114
ENSG00000006015.17,chr19,18588773,18588900,TSS,True,62,105
ENSG00000006015.17,chr19,18588993,18589683,TSS,False,58,105
ENSG00000132002.7,chr19,14518138,14518397,TSS,True,16,108
ENSG00000186994.11,chr19,8334116,8334319,IR,False,79,102
ENSG00000186994.11,chr19,8322581,8322922,PAS,False,13,114
ENSG00000186994.11,chr19,8334499,8335882,TSS,False,97,112
ENSG00000186994.11,chr19,8343224,8343268,TSS,False,39,114
ENSG00000186994.11,chr19,8337794,8337886,TSS,True,102,114
ENSG00000104964.14,chr19,3062173,3062531,TSS,True,177,271
ENSG00000105223.19,chr19,40348542,40348768,TSS,True,122,211
ENSG00000105223.19,chr19,40364079,40365930,TSS,False,189,211
ENSG00000105223.19,chr19,40376640,40376774,TSS,True,184,206
ENSG00000104852.14,chr19,49107712,49107821,3AS,False,75,218
ENSG00000104852.14,chr19,49085154,49085636,TSS,True,259,333
ENSG00000104852.14,chr19,49102417,49104735,TSS,True,203,332
ENSG00000104852.14,chr19,49107794,49108613,PAS,True,84,227
ENSG00000104852.14,chr19,49107821,49108613,PAS,True,152,227
ENSG00000074181.8,chr19,15159631,15161714,PAS,True,107,137
ENSG00000074181.8,chr19,15165831,15166091,PAS,True,93,121
ENSG00000074181.8,chr19,15165786,15166881,TSS,False,108,124
ENSG00000074181.8,chr19,15200787,15201001,TSS,True,188,224
ENSG00000099622.13,chr19,1272051,1272426,IR,False,85,137
ENSG00000099622.13,chr19,1269327,1269410,TSS,True,168,333
ENSG00000099622.13,chr19,1272194,1274440,TSS,True,202,228
ENSG00000099622.13,chr19,1272426,1274810,PAS,True,117,203
ENSG00000099622.13,chr19,1274648,1274810,PAS,True,111,230
ENSG00000105372.7,chr19,41860210,41860289,TSS,True,51,485
ENSG00000105220.15,chr19,34365009,34365388,TSS,True,57,114
ENSG00000130255.12,chr19,5690266,5690327,TSS,False,63,266
ENSG00000178980.14,chr19,47778284,47778814,TSS,True,140,237
ENSG00000167641.10,chr19,38256138,38256415,TSS,True,36,245
ENSG00000167641.10,chr19,38252893,38254560,TSS,True,217,245
ENSG00000126247.10,chr19,36140035,36140157,TSS,False,71,132
ENSG00000126247.10,chr19,36140093,36141220,TSS,True,89,131
ENSG00000024422.11,chr19,47713404,47713538,TSS,True,117,134
ENSG00000127540.11,chr19,1605359,1605462,TSS,True,11,106
ENSG00000197766.7,chr19,859524,859744,TSS,False,55,304
ENSG00000125503.12,chr19,55117222,55117697,TSS,True,88,101
ENSG00000125503.12,chr19,55095444,55095601,TSS,True,90,101
ENSG00000125503.12,chr19,55096050,55096815,TSS,True,81,101
ENSG00000170889.13,chr19,54200830,54200888,TSS,True,150,386
ENSG00000170889.13,chr19,54201157,54201281,TSS,True,329,386
ENSG00000185236.11,chr19,8390213,8390456,TSS,True,26,131
ENSG00000105701.15,chr19,18538433,18539370,3AS,False,120,290
ENSG00000105701.15,chr19,18543485,18543620,TSS,True,60,322
ENSG00000167658.15,chr19,3985377,3985472,TSS,True,377,763
ENSG00000179218.13,chr19,12938606,12938770,TSS,True,60,199
ENSG00000065717.14,chr19,2997637,2997955,PAS,True,40,129
ENSG00000065717.14,chr19,3028880,3029363,TSS,True,62,127
ENSG00000070404.9,chr19,676373,676526,TSS,False,83,121
ENSG00000105404.10,chr19,41959236,41959377,TSS,True,32,195
ENSG00000126458.3,chr19,49639945,49640154,TSS,True,32,182
ENSG00000160014.16,chr19,46600992,46601437,TSS,True,50,191
ENSG00000127528.5,chr19,16325328,16326032,TSS,True,62,126
ENSG00000127528.5,chr19,16324821,16324998,TSS,True,76,126
ENSG00000172270.19,chr19,572512,572701,TSS,True,46,208
ENSG00000090006.17,chr19,40614446,40617099,ES,False,41,167
ENSG00000090006.17,chr19,40614446,40619346,ES,False,42,231
ENSG00000090006.17,chr19,40617020,40619346,ES,False,24,151
ENSG00000090006.17,chr19,40626933,40627355,TSS,False,301,342
ENSG00000090006.17,chr19,40601173,40601637,TSS,False,324,450
ENSG00000090006.17,chr19,40608483,40608921,PAS,True,199,227
ENSG00000090006.17,chr19,40629395,40629820,PAS,True,108,424
ENSG00000105193.8,chr19,39435847,39435986,TSS,True,185,391
ENSG00000105193.8,chr19,39435606,39435710,TSS,True,220,391
ENSG00000130176.7,chr19,11538810,11538990,TSS,True,225,499
ENSG00000160013.8,chr19,46624996,46625114,TSS,True,75,108
ENSG00000160013.8,chr19,46623457,46624388,TSS,True,95,108
ENSG00000105664.10,chr19,18791190,18791307,TSS,False,68,229
ENSG00000167657.13,chr19,3971021,3971121,TSS,False,33,139
ENSG00000105373.18,chr19,47755822,47756687,ES,True,26,243
ENSG00000105373.18,chr19,47745517,47745783,TSS,True,179,353
ENSG00000105373.18,chr19,47756707,47756744,TSS,True,247,351
ENSG00000088256.8,chr19,3094361,3094787,TSS,True,61,134
ENSG00000104824.17,chr19,38836369,38836780,PAS,True,41,144
ENSG00000104824.17,chr19,38842082,38843914,PAS,True,89,122
ENSG00000104824.17,chr19,38849699,38849991,TSS,True,42,158
ENSG00000105568.17,chr19,52189990,52190174,TSS,True,40,160
ENSG00000105355.8,chr19,4867608,4867698,TSS,True,22,115
ENSG00000128016.5,chr19,39406845,39406928,TSS,False,103,172
ENSG00000074842.7,chr19,4670160,4670409,TSS,True,119,174
ENSG00000123144.10,chr19,12734312,12734725,TSS,True,33,107
ENSG00000123144.10,chr19,12731343,12731414,TSS,True,83,105
ENSG00000123143.12,chr19,14433174,14433542,TSS,True,31,133
ENSG00000123143.12,chr19,14471580,14471872,PAS,True,16,132
ENSG00000129968.15,chr19,1877687,1879920,IR,False,103,116
ENSG00000129968.15,chr19,1885351,1885489,TSS,True,51,139
ENSG00000129968.15,chr19,1877507,1877890,TSS,True,122,138
ENSG00000129968.15,chr19,1881234,1885465,TSS,True,115,138
ENSG00000142534.6,chr19,49496396,49496471,TSS,False,82,132
ENSG00000142534.6,chr19,49496398,49497325,TSS,True,92,132
ENSG00000142534.6,chr19,49497580,49497595,TSS,True,117,132
ENSG00000275395.5,chr19,39863322,39863496,PAS,False,35,255
ENSG00000275395.5,chr19,39863620,39863698,TSS,True,197,224
ENSG00000275395.5,chr19,39875387,39875815,TSS,True,198,232
ENSG00000275395.5,chr19,39872077,39872552,TSS,True,204,230
ENSG00000275395.5,chr19,39876657,39877275,TSS,True,205,232
ENSG00000104870.12,chr19,49512261,49512750,TSS,True,90,186
ENSG00000104870.12,chr19,49513020,49513473,TSS,True,140,186
ENSG00000174886.12,chr19,5903611,5903957,TSS,True,36,100
ENSG00000104805.15,chr19,48900264,48900372,TSS,False,95,366
ENSG00000104805.15,chr19,48900783,48900931,TSS,True,315,366
ENSG00000126934.13,chr19,4123783,4124170,TSS,True,87,144
ENSG00000087074.7,chr19,48872406,48872651,TSS,False,20,176
ENSG00000130202.9,chr19,44846265,44846613,TSS,True,19,130
ENSG00000130202.9,chr19,44878222,44878941,PAS,True,12,119
ENSG00000099341.11,chr19,38374638,38374961,TSS,True,12,102
ENSG00000064961.18,chr19,3572910,3572994,TSS,True,25,111
ENSG00000269858.5,chr19,40799165,40799262,TSS,False,45,142
ENSG00000269858.5,chr19,40800218,40801415,TSS,True,104,142
ENSG00000142541.16,chr19,49487604,49487644,TSS,True,29,157
ENSG00000108107.14,chr19,55384686,55385965,TSS,False,60,179
ENSG00000108107.14,chr19,55385914,55386438,TSS,True,143,179
ENSG00000167460.15,chr19,16076322,16076697,TSS,True,245,521
ENSG00000167460.15,chr19,16067021,16067738,TSS,False,468,521
ENSG00000099817.11,chr19,1095258,1095386,TSS,True,26,121
ENSG00000099817.11,chr19,1089883,1089958,TSS,True,104,121
ENSG00000105401.8,chr19,10403377,10403874,TSS,True,78,163
ENSG00000130300.8,chr19,17376919,17377358,TSS,True,52,272
ENSG00000197256.10,chr19,11178447,11178552,3AS,False,115,129
ENSG00000197256.10,chr19,11164266,11166611,PAS,True,26,189
ENSG00000197256.10,chr19,11197484,11197587,TSS,True,140,235
ENSG00000197256.10,chr19,11192830,11194039,TSS,True,197,227
ENSG00000167468.16,chr19,1103996,1104127,TSS,True,78,178
ENSG00000167468.16,chr19,1105744,1105809,TSS,True,139,177
ENSG00000131408.13,chr19,50376427,50376576,TSS,False,17,128
ENSG00000165507.8,chr10,44978617,44978810,TSS,True,78,164
ENSG00000107816.17,chr10,100999302,100999952,TSS,False,57,159
ENSG00000138279.15,chr10,73414011,73414088,TSS,True,32,126
ENSG00000138279.15,chr10,73400802,73400860,TSS,True,104,126
ENSG00000123240.16,chr10,13116340,13118905,3AS,False,23,101
ENSG00000123240.16,chr10,13100036,13100302,TSS,True,27,122
ENSG00000151468.10,chr10,13001196,13001800,TSS,False,36,109
ENSG00000107796.13,chr10,88952730,88952817,TSS,True,354,1867
ENSG00000156515.23,chr10,69318833,69319010,TSS,False,82,204
ENSG00000166033.12,chr10,122461426,122462124,TSS,False,61,290
ENSG00000166033.12,chr10,122502530,122506885,TSS,False,247,280
ENSG00000077943.7,chr10,15660922,15672623,ES,True,34,298
ENSG00000077943.7,chr10,15513953,15517244,PAS,False,87,387
ENSG00000077943.7,chr10,15719562,15719975,TSS,False,561,731
ENSG00000077943.7,chr10,15718765,15719374,TSS,True,594,731
ENSG00000057608.16,chr10,5813213,5813478,TSS,True,21,114
ENSG00000168209.4,chr10,72273920,72274060,TSS,True,35,172
ENSG00000148484.17,chr10,16817314,16817488,TSS,False,22,111
ENSG00000148484.17,chr10,16816972,16817432,TSS,True,97,111
ENSG00000107438.8,chr10,95290819,95291065,TSS,True,26,165
ENSG00000138107.12,chr10,102502599,102502731,TSS,True,14,105
ENSG00000173269.13,chr10,86957377,86957635,TSS,True,39,106
ENSG00000173269.13,chr10,86942316,86943985,TSS,True,84,106
ENSG00000173848.18,chr10,5412528,5412820,TSS,False,115,140
ENSG00000173848.18,chr10,5446562,5446858,TSS,True,107,140
ENSG00000067082.14,chr10,3784912,3785253,TSS,True,52,151
ENSG00000067057.16,chr10,3067340,3067707,TSS,True,46,125
ENSG00000067057.16,chr10,3125719,3129983,TSS,True,104,119
ENSG00000121898.12,chr10,123761871,123762113,TSS,True,121,150
ENSG00000121898.12,chr10,123891355,123891874,TSS,True,77,156
ENSG00000266412.5,chr10,46030525,46030680,TSS,True,45,103
ENSG00000266412.5,chr10,46023329,46023486,TSS,False,85,103
ENSG00000266412.5,chr10,46010222,46011168,TSS,True,91,102
ENSG00000148671.13,chr10,86968478,86968605,TSS,True,123,637
ENSG00000148671.13,chr10,86970475,86970736,PAS,True,118,637
ENSG00000122359.17,chr10,80172869,80205342,ES,False,47,131
ENSG00000122359.17,chr10,80205342,80205839,TSS,True,119,251
ENSG00000122359.17,chr10,80170799,80170918,TSS,True,208,245
ENSG00000122359.17,chr10,80168968,80169359,TSS,True,218,243
ENSG00000165424.6,chr10,79445194,79445639,TSS,False,72,106
ENSG00000150093.18,chr10,32958144,32958379,TSS,True,78,396
ENSG00000107562.16,chr10,44384944,44385097,TSS,True,99,140
ENSG00000197746.13,chr10,71822007,71825836,5AS,True,242,909
ENSG00000197746.13,chr10,71851181,71851322,TSS,True,400,1237
ENSG00000197746.13,chr10,71819030,71819086,TSS,True,1088,1231
ENSG00000035403.17,chr10,73997891,73998375,TSS,True,172,215
ENSG00000169813.16,chr10,43409130,43409209,TSS,True,91,153
ENSG00000169813.16,chr10,43396455,43396802,TSS,True,136,153
ENSG00000169813.16,chr10,43397184,43397295,TSS,True,136,153
ENSG00000169813.16,chr10,43407716,43407818,TSS,False,124,153
ENSG00000197321.14,chr10,29457337,29458333,PAS,True,77,136
ENSG00000197321.14,chr10,29736684,29737076,TSS,False,110,143
ENSG00000170759.10,chr10,32008197,32011516,PAS,False,130,156
ENSG00000170759.10,chr10,32034748,32034838,PAS,True,21,144
ENSG00000170759.10,chr10,32055847,32056448,TSS,False,33,171
ENSG00000171206.14,chr10,102643653,102645187,TSS,True,60,143
ENSG00000077147.15,chr10,96586733,96587362,TSS,True,30,150
ENSG00000100664.10,chr14,103334182,103334260,TSS,False,21,133
ENSG00000100664.10,chr14,103338326,103338441,PAS,False,63,124
ENSG00000100664.10,chr14,103340962,103345022,PAS,True,66,126
ENSG00000197102.11,chr14,101964520,101964947,TSS,True,111,139
ENSG00000197102.11,chr14,102040234,102040410,TSS,False,78,100
ENSG00000197102.11,chr14,102050434,102050799,PAS,True,42,130
ENSG00000165502.6,chr14,49620561,49620638,TSS,False,37,100
ENSG00000197324.8,chr14,22871716,22872337,TSS,True,96,207
ENSG00000100934.14,chr14,39103031,39103243,TSS,True,12,100
ENSG00000131981.15,chr14,55129179,55129300,TSS,True,29,165
ENSG00000119655.10,chr14,74493192,74493346,TSS,True,16,117
ENSG00000140092.14,chr14,91936946,91937186,TSS,True,157,233
ENSG00000140092.14,chr14,91947212,91947944,TSS,True,140,234
ENSG00000092199.17,chr14,21269297,21269610,TSS,True,20,111
ENSG00000100711.13,chr14,103715760,103715979,TSS,True,15,133
ENSG00000092010.14,chr14,24136149,24136301,TSS,True,160,237
ENSG00000092010.14,chr14,24138509,24138560,TSS,True,88,236
ENSG00000080824.18,chr14,102080737,102081821,PAS,True,69,114
ENSG00000080824.18,chr14,102081045,102083302,PAS,True,96,108
ENSG00000080824.18,chr14,102085757,102086118,TSS,True,110,123
ENSG00000080824.18,chr14,102086985,102087336,TSS,True,75,123
ENSG00000126777.17,chr14,55580021,55580354,TSS,True,26,106
ENSG00000126777.17,chr14,55684098,55684585,PAS,True,51,104
ENSG00000182809.10,chr14,105474583,105474905,TSS,True,93,346
ENSG00000165527.6,chr14,49892994,49893157,TSS,False,39,131
ENSG00000142208.16,chr14,104792722,104795483,ES,False,260,289
ENSG00000100650.15,chr14,69767092,69767255,TSS,True,57,106
ENSG00000100650.15,chr14,69767092,69767251,TSS,True,94,106
ENSG00000170348.8,chr14,75176354,75176636,TSS,True,28,137
ENSG00000185650.9,chr14,68792881,68793067,TSS,True,99,158
ENSG00000213145.9,chr14,105487194,105487299,TSS,True,76,121
ENSG00000213145.9,chr14,105487197,105488388,TSS,True,61,121
ENSG00000198668.10,chr14,90397026,90397233,TSS,True,120,759
ENSG00000119681.11,chr14,74502652,74502881,TSS,True,213,268
ENSG00000129538.13,chr14,20802093,20802796,ES,False,198,227
ENSG00000129538.13,chr14,20802796,20802844,TSS,True,162,390
ENSG00000100836.10,chr14,23321451,23321820,TSS,True,60,120
ENSG00000100836.10,chr14,23323036,23323066,TSS,True,107,120
ENSG00000100836.10,chr14,23325246,23326176,PAS,True,43,108
ENSG00000072110.13,chr14,68877240,68879961,ME,False,86,388
ENSG00000072110.13,chr14,68874119,68875017,PAS,False,64,504
ENSG00000072110.13,chr14,68978951,68979363,TSS,True,332,679
ENSG00000213741.10,chr14,49586284,49586379,TSS,True,36,189
ENSG00000213741.10,chr14,49585949,49586026,TSS,True,158,189
ENSG00000116685.15,chr1,11919588,11920332,PAS,True,16,120
ENSG00000116685.15,chr1,11922635,11923146,TSS,True,88,119
ENSG00000116685.15,chr1,11925204,11926430,TSS,True,39,120
ENSG00000074800.15,chr1,8878579,8879273,TSS,True,311,784
ENSG00000074800.15,chr1,8863234,8863500,TSS,True,544,782
ENSG00000196154.11,chr1,153544809,153545752,ES,True,108,126
ENSG00000196154.11,chr1,153545752,153545807,TSS,True,53,179
ENSG00000162599.15,chr1,61082207,61082818,TSS,True,101,162
ENSG00000162599.15,chr1,61406561,61406727,TSS,False,141,159
ENSG00000084636.17,chr1,31703836,31704526,TSS,True,111,143
ENSG00000158828.7,chr1,20633448,20633935,TSS,False,39,171
ENSG00000078808.16,chr1,1228467,1229094,TSS,False,156,189
ENSG00000078808.16,chr1,1231891,1232067,TSS,True,82,189
ENSG00000198830.10,chr1,26472415,26472627,TSS,True,22,173
ENSG00000169418.9,chr1,153678441,153679829,TSS,False,91,159
ENSG00000265972.5,chr1,145996016,145996580,TSS,False,77,150
ENSG00000265972.5,chr1,145994015,145994123,TSS,True,131,147
ENSG00000134686.18,chr1,33349596,33349941,TSS,True,40,113
ENSG00000160691.18,chr1,154966318,154966812,TSS,True,95,109
ENSG00000160691.18,chr1,154970031,154972606,TSS,True,67,110
ENSG00000135842.16,chr1,184974301,184974918,TSS,False,69,116
ENSG00000143549.19,chr1,154182987,154183224,TSS,True,16,104
ENSG00000143641.9,chr1,230066903,230067406,TSS,True,71,104
ENSG00000023902.13,chr1,150149929,150150287,TSS,False,26,119
ENSG00000174059.16,chr1,207911001,207911254,TSS,False,54,112
ENSG00000135862.5,chr1,183023206,183024134,TSS,False,92,141
ENSG00000090273.13,chr1,26921700,26921929,TSS,False,11,104
ENSG00000188976.10,chr1,959214,960041,TSS,True,25,108
ENSG00000174348.13,chr1,53061729,53062308,TSS,True,73,127
ENSG00000174348.13,chr1,53067092,53070167,TSS,True,105,124
ENSG00000174348.13,chr1,53084512,53085501,PAS,True,26,101
ENSG00000153187.19,chr1,244862730,244863673,5AS,False,61,124
ENSG00000153187.19,chr1,244851173,244854503,PAS,True,22,149
ENSG00000153187.19,chr1,244863673,244864567,TSS,True,103,164
ENSG00000153187.19,chr1,244863616,244864545,TSS,True,101,163
ENSG00000116209.11,chr1,54040837,54041723,3AS,True,137,208
ENSG00000077549.17,chr1,19485435,19485551,TSS,True,52,147
ENSG00000162458.12,chr1,15758848,15764495,3AS,False,61,118
ENSG00000162458.12,chr1,15758727,15758848,TSS,True,178,296
ENSG00000162458.12,chr1,15774636,15774796,TSS,True,236,295
ENSG00000162458.12,chr1,15784547,15786594,PAS,True,33,231
ENSG00000173372.16,chr1,22636477,22636702,TSS,False,58,134
ENSG00000077157.21,chr1,202539470,202540241,TSS,False,111,149
ENSG00000077157.21,chr1,202539459,202539880,TSS,True,132,149
ENSG00000143384.12,chr1,150578842,150579674,TSS,True,41,117
ENSG00000162734.12,chr1,160205356,160205522,TSS,True,65,156
ENSG00000162614.18,chr1,77888144,77888759,TSS,True,43,114
ENSG00000162614.18,chr1,77918135,77918273,TSS,False,88,111
ENSG00000162614.18,chr1,77942460,77943898,PAS,True,99,112
ENSG00000162614.18,chr1,77935822,77937718,PAS,True,100,112
ENSG00000162614.18,chr1,77929315,77931412,PAS,True,71,103
ENSG00000117298.15,chr1,21345375,21345560,TSS,True,103,132
ENSG00000143761.15,chr1,228082667,228082765,TSS,True,49,324
ENSG00000117691.9,chr1,212432862,212433120,TSS,True,16,102
ENSG00000174307.6,chr1,201468340,201469208,TSS,True,13,121
ENSG00000173369.15,chr1,22653119,22653303,TSS,True,39,108
ENSG00000172380.5,chr1,67833343,67833790,TSS,True,26,120
ENSG00000142798.19,chr1,21819798,21823488,PAS,True,246,496
ENSG00000142798.19,chr1,21879002,21879121,PAS,True,108,129
ENSG00000142798.19,chr1,21884765,21884918,PAS,True,102,114
ENSG00000142798.19,chr1,21937154,21937326,TSS,False,588,673
ENSG00000142798.19,chr1,21828834,21830419,TSS,True,371,430
ENSG00000168710.17,chr1,109984723,109985172,TSS,True,26,102
ENSG00000157916.19,chr1,2391762,2391958,TSS,True,44,102
ENSG00000117335.19,chr1,207752036,207752309,TSS,True,27,106
ENSG00000009307.15,chr1,114757924,114758025,TSS,True,107,311
ENSG00000116132.11,chr1,170663271,170664459,TSS,True,49,121
ENSG00000142864.14,chr1,67424277,67424887,3AS,False,88,115
ENSG00000142864.14,chr1,67424959,67425082,3AS,False,44,114
ENSG00000142864.14,chr1,67429987,67430437,TSS,True,31,138
ENSG00000121774.17,chr1,32013701,32014377,TSS,True,17,120
ENSG00000121774.17,chr1,32042526,32043882,PAS,True,15,117
ENSG00000116754.13,chr1,70205642,70205780,TSS,True,91,107
ENSG00000116754.13,chr1,70221351,70221839,TSS,True,70,106
ENSG00000184007.20,chr1,31937986,31938382,TSS,True,33,158
ENSG00000162692.11,chr1,100719740,100719924,TSS,True,32,116
ENSG00000188257.11,chr1,19978733,19979595,TSS,True,365,473
ENSG00000188257.11,chr1,19979579,19979661,TSS,True,204,474
ENSG00000142910.15,chr1,31576595,31579203,ES,False,21,162
ENSG00000142910.15,chr1,31585876,31586709,IR,False,198,225
ENSG00000142910.15,chr1,31576507,31576595,TSS,True,109,278
ENSG00000159176.13,chr1,201507069,201507373,TSS,True,121,307
ENSG00000163346.16,chr1,154956068,154956418,TSS,True,46,106
ENSG00000163346.16,chr1,154945571,154946693,TSS,True,87,106
ENSG00000143537.13,chr1,155051251,155051465,TSS,True,43,104
ENSG00000135821.18,chr1,182391678,182391826,TSS,True,67,100
ENSG00000135821.18,chr1,182391174,182391916,TSS,True,83,100
ENSG00000143416.20,chr1,151372637,151372713,TSS,True,18,104
ENSG00000158710.14,chr1,159925449,159925570,TSS,True,60,173
ENSG00000155366.16,chr1,112703806,112707077,ES,False,51,107
ENSG00000155366.16,chr1,112707077,112707369,TSS,False,40,148
ENSG00000179403.11,chr1,1435689,1435821,TSS,True,49,181
ENSG00000116560.10,chr1,35176377,35176471,PAS,True,114,133
ENSG00000116560.10,chr1,35176379,35176474,PAS,True,96,133
ENSG00000116560.10,chr1,35182844,35184593,PAS,False,36,107
ENSG00000116560.10,chr1,35192221,35193147,TSS,False,34,133
ENSG00000162591.15,chr1,3494124,3494370,IR,True,105,121
ENSG00000162591.15,chr1,3496783,3497232,ES,False,36,103
ENSG00000162591.15,chr1,3486989,3490589,PAS,True,18,165
ENSG00000162591.15,chr1,3531079,3531512,TSS,False,136,168
ENSG00000162591.15,chr1,3499795,3500956,TSS,True,138,157
ENSG00000197965.11,chr1,167721942,167722242,TSS,True,25,106
ENSG00000142676.14,chr1,23691829,23692611,3AS,False,19,162
ENSG00000142676.14,chr1,23691780,23691829,TSS,False,131,293
ENSG00000142676.14,chr1,23692139,23693913,TSS,True,235,293
ENSG00000142676.14,chr1,23695855,23695908,TSS,True,239,290
ENSG00000078369.17,chr1,1825499,1890819,ES,False,25,212
ENSG00000078369.17,chr1,1890819,1891427,TSS,True,39,251
ENSG00000168264.10,chr1,234608494,234609501,TSS,False,90,102
ENSG00000168264.10,chr1,234608446,234609556,TSS,True,74,102
ENSG00000122176.11,chr1,203347291,203348059,TSS,True,132,323
ENSG00000122176.11,chr1,203351032,203351526,TSS,True,247,323
ENSG00000116288.12,chr1,7961614,7961735,TSS,True,54,108
ENSG00000116288.12,chr1,7961660,7961793,TSS,True,70,108
ENSG00000213088.10,chr1,159204885,159204980,TSS,True,32,155
ENSG00000221978.11,chr1,1385709,1387582,PAS,True,17,124
ENSG00000221978.11,chr1,1399018,1399786,TSS,True,83,144
ENSG00000221978.11,chr1,1390765,1392804,TSS,True,93,130
ENSG00000158195.10,chr1,27489985,27490169,TSS,True,75,109
ENSG00000142871.16,chr1,85580756,85581047,TSS,False,49,179
ENSG00000169504.14,chr1,24745325,24745625,TSS,True,88,348
ENSG00000119280.16,chr1,230868179,230868573,TSS,True,32,109
ENSG00000197747.8,chr1,151993751,151993861,TSS,True,62,154
ENSG00000158747.14,chr1,19644187,19644446,TSS,False,91,238
ENSG00000142937.11,chr1,44775522,44775600,TSS,True,109,334
ENSG00000142937.11,chr1,44775558,44776140,TSS,True,264,334
ENSG00000142937.11,chr1,44778575,44778753,PAS,False,33,320
ENSG00000117523.16,chr1,171485473,171485735,TSS,True,63,100
ENSG00000117394.21,chr1,42958633,42958934,TSS,True,62,116
ENSG00000117394.21,chr1,42929592,42929777,TSS,True,96,115
ENSG00000173641.17,chr1,16017764,16018046,TSS,True,110,169
ENSG00000163399.15,chr1,116373181,116373523,TSS,True,67,109
ENSG00000143418.19,chr1,150974618,150974993,TSS,True,19,105
ENSG00000171603.17,chr1,9823642,9823992,TSS,True,76,101
ENSG00000163468.14,chr1,156338153,156338331,TSS,True,32,126
ENSG00000163468.14,chr1,156317165,156317194,TSS,True,102,125
ENSG00000000971.15,chr1,196651806,196652175,TSS,True,59,106
ENSG00000122406.13,chr1,92831989,92832117,TSS,False,41,161
ENSG00000143248.12,chr1,163202791,163203075,TSS,True,165,608
ENSG00000159189.11,chr1,22643632,22643714,TSS,False,37,119
ENSG00000160789.19,chr1,156114537,156115274,TSS,True,150,553
ENSG00000160789.19,chr1,156138512,156138757,TSS,True,326,370
ENSG00000160789.19,chr1,156137653,156140079,PAS,True,277,457
ENSG00000160789.19,chr1,156139079,156140087,PAS,True,200,512
ENSG00000131236.16,chr1,40040783,40059336,5AS,False,46,141
ENSG00000131236.16,chr1,40040801,40059336,3AS,False,95,127
ENSG00000131236.16,chr1,40040240,40040801,TSS,True,106,233
ENSG00000131236.16,chr1,40040243,40040783,TSS,True,169,233
ENSG00000188783.5,chr1,203475817,203475938,TSS,False,177,274
ENSG00000188783.5,chr1,203483673,203484157,TSS,True,203,269
ENSG00000143774.16,chr1,228140363,228145510,ES,False,196,248
ENSG00000143774.16,chr1,228140225,228140363,TSS,True,63,313
ENSG00000162704.15,chr1,183635516,183635940,TSS,True,17,121
ENSG00000168159.11,chr1,228487361,228487878,TSS,True,66,151
ENSG00000143570.17,chr1,153963494,153963554,TSS,True,26,101
ENSG00000163431.12,chr1,201896451,201898398,PAS,True,25,177
ENSG00000163431.12,chr1,201946079,201946580,TSS,True,161,254
ENSG00000163431.12,chr1,201899236,201900075,TSS,True,159,229
PB_novel_51308,chr11_KI270721v1_random,50357,50976,PAS,True,22,190
PB_novel_51308,chr11_KI270721v1_random,51699,52939,TSS,True,44,214
ENSG00000131507.10,chr5,142108758,142109037,TSS,True,20,119
ENSG00000196923.13,chr5,177491925,177492404,IR,False,120,137
ENSG00000196923.13,chr5,177482862,177483730,PAS,True,61,319
ENSG00000196923.13,chr5,177486812,177488248,PAS,True,249,296
ENSG00000196923.13,chr5,177497527,177497637,TSS,True,211,334
ENSG00000196923.13,chr5,177489770,177492982,TSS,True,294,328
ENSG00000196923.13,chr5,177491009,177492041,TSS,True,289,332
ENSG00000196923.13,chr5,177489392,177489740,TSS,True,295,328
ENSG00000112936.18,chr5,40909273,40909616,TSS,False,112,230
ENSG00000112936.18,chr5,40981391,40984518,PAS,True,21,182
ENSG00000113721.13,chr5,150113837,150115946,PAS,True,26,100
ENSG00000113140.10,chr5,151686864,151687036,TSS,True,334,822
ENSG00000186468.12,chr5,82278319,82278619,TSS,True,29,162
ENSG00000120708.16,chr5,136028853,136029189,TSS,True,110,184
ENSG00000120708.16,chr5,136046437,136047015,TSS,True,147,184
ENSG00000120708.16,chr5,136063185,136063818,PAS,True,18,162
ENSG00000038427.15,chr5,83471142,83472023,TSS,True,121,183
ENSG00000038427.15,chr5,83537485,83542268,TSS,True,78,111
ENSG00000038427.15,chr5,83579979,83582297,PAS,True,118,137
ENSG00000038427.15,chr5,83580306,83582302,PAS,False,96,139
ENSG00000120129.5,chr5,172767199,172769132,PAS,False,40,288
ENSG00000120129.5,chr5,172770585,172771198,TSS,False,51,288
ENSG00000249669.9,chr5,149424089,149425657,PAS,True,114,129
ENSG00000175309.14,chr5,178206309,178208915,PAS,True,67,104
ENSG00000175309.14,chr5,178232491,178232848,TSS,True,81,104
ENSG00000127184.12,chr5,86617940,86618130,TSS,True,14,126
ENSG00000131446.16,chr5,180802679,180802855,TSS,True,99,197
ENSG00000145824.12,chr5,135570681,135571868,PAS,True,65,392
ENSG00000145824.12,chr5,135578714,135578991,TSS,True,82,405
ENSG00000197043.13,chr5,151109846,151117126,ES,False,23,186
ENSG00000197043.13,chr5,151157679,151157949,TSS,True,59,231
ENSG00000250722.5,chr5,42811835,42811893,TSS,True,46,311
ENSG00000019582.14,chr5,150402625,150404679,ES,False,633,788
ENSG00000019582.14,chr5,150412624,150412856,TSS,True,146,901
ENSG00000154122.13,chr5,14871351,14871903,TSS,True,61,117
ENSG00000113712.17,chr5,149550841,149551878,TSS,True,20,103
ENSG00000164405.10,chr5,132866585,132866687,TSS,True,40,120
PB_novel_93376,chr5,150123113,150124834,TSS,True,75,106
ENSG00000145730.20,chr5,102961229,102990271,ES,False,38,245
ENSG00000145730.20,chr5,103019843,103025133,3AS,False,27,193
ENSG00000145730.20,chr5,103019843,103028886,ME,False,57,109
ENSG00000145730.20,chr5,103019843,103028184,ES,False,29,111
ENSG00000145730.20,chr5,103019843,103028184,3AS,False,29,116
ENSG00000145730.20,chr5,103025334,103028184,3AS,False,82,143
ENSG00000145730.20,chr5,103025334,103028886,ES,False,51,194
ENSG00000145730.20,chr5,102755028,102755348,TSS,False,122,300
ENSG00000145730.20,chr5,102865497,102866284,TSS,True,231,299
ENSG00000145936.8,chr5,170389258,170389578,TSS,True,28,103
ENSG00000044115.20,chr5,138753379,138753510,TSS,True,78,207
ENSG00000112977.15,chr5,10761013,10761272,TSS,True,33,141
ENSG00000145741.15,chr5,73498558,73499133,5AS,False,175,201
ENSG00000145741.15,chr5,73498430,73498799,TSS,True,181,207
ENSG00000145741.15,chr5,73498425,73498558,TSS,True,32,207
ENSG00000170458.13,chr5,140633068,140633216,TSS,True,33,106
ENSG00000131711.14,chr5,72107198,72107715,TSS,True,205,387
ENSG00000131711.14,chr5,72197210,72200367,TSS,True,56,121
ENSG00000131711.14,chr5,72205083,72209568,PAS,False,267,335
ENSG00000161011.19,chr5,179820881,179821141,TSS,True,111,265
ENSG00000161011.19,chr5,179836435,179838076,PAS,True,24,214
ENSG00000113269.13,chr5,180071455,180072145,TSS,True,16,126
ENSG00000113758.13,chr5,177473435,177473746,TSS,True,37,143
ENSG00000164587.12,chr5,150449702,150449742,TSS,False,82,642
ENSG00000169223.14,chr5,177351451,177353179,TSS,False,15,148
ENSG00000049860.13,chr5,74721117,74721288,PAS,True,12,105
ENSG00000127022.14,chr5,179698902,179699102,TSS,True,77,253
ENSG00000015479.18,chr5,139293607,139293805,TSS,True,33,127
ENSG00000049656.13,chr5,1344679,1345168,TSS,True,19,139
ENSG00000211445.11,chr5,151020538,151020741,TSS,True,123,628
ENSG00000113657.12,chr5,147390805,147394123,PAS,True,18,177
ENSG00000113657.12,chr5,147397665,147397842,TSS,True,79,219
ENSG00000113732.8,chr5,172983770,172983964,TSS,True,17,102
ENSG00000171604.11,chr5,139647831,139648845,TSS,True,33,155
ENSG00000171604.11,chr5,139648925,139649009,TSS,True,138,155
ENSG00000164530.14,chr6,36963033,36963822,5AS,False,54,237
ENSG00000164530.14,chr6,36963962,36964385,IR,True,236,275
ENSG00000164530.14,chr6,36954693,36954931,TSS,True,95,343
ENSG00000164530.14,chr6,36961826,36963612,TSS,True,284,325
ENSG00000164530.14,chr6,36964385,36964837,PAS,True,62,306
ENSG00000164530.14,chr6,36963822,36964839,PAS,True,265,303
ENSG00000112562.18,chr6,168441105,168441454,TSS,False,131,380
ENSG00000124762.13,chr6,36678709,36678798,TSS,True,37,140
ENSG00000118523.5,chr6,131951106,131951374,TSS,False,127,589
ENSG00000204264.9,chr6,32843849,32844047,TSS,True,118,146
ENSG00000168994.13,chr6,3751275,3752086,TSS,True,46,137
ENSG00000124491.15,chr6,6144070,6145772,PAS,False,26,219
ENSG00000124491.15,chr6,6320586,6320662,TSS,True,62,239
ENSG00000168477.19,chr6,32041148,32041450,PAS,True,23,211
ENSG00000168477.19,chr6,32043174,32045496,TSS,True,160,194
ENSG00000168477.19,chr6,32047733,32047984,TSS,True,179,199
ENSG00000223865.10,chr6,33073818,33076141,TSS,True,39,124
ENSG00000223865.10,chr6,33080386,33080935,TSS,True,102,124
ENSG00000234745.10,chr6,31357085,31357218,TSS,True,219,393
ENSG00000234745.10,chr6,31356687,31357179,TSS,True,328,393
ENSG00000234745.10,chr6,31356166,31357179,TSS,True,345,393
ENSG00000130340.15,chr6,157822643,157823446,TSS,False,31,121
ENSG00000112715.21,chr6,43778918,43784540,ES,False,76,153
ENSG00000112715.21,chr6,43770202,43771312,TSS,True,54,201
ENSG00000196230.12,chr6,30720274,30720563,TSS,False,90,309
ENSG00000112759.17,chr6,44230046,44230346,IR,False,96,126
ENSG00000112759.17,chr6,44219282,44219782,TSS,True,134,227
ENSG00000112759.17,chr6,44233416,44235985,PAS,True,20,155
ENSG00000111897.6,chr6,122471698,122471853,TSS,False,37,171
ENSG00000112096.17,chr6,159679298,159682473,IR,False,15,117
ENSG00000112096.17,chr6,159679115,159682638,PAS,True,21,123
ENSG00000112096.17,chr6,159693144,159693337,TSS,True,57,171
ENSG00000096384.19,chr6,44247057,44247195,TSS,False,92,635
ENSG00000124614.15,chr6,34426031,34426132,TSS,True,26,121
ENSG00000161904.11,chr6,33788380,33789165,TSS,True,46,136
ENSG00000172201.11,chr6,19838195,19838583,IR,True,130,149
ENSG00000172201.11,chr6,19837370,19838195,TSS,False,19,152
ENSG00000213722.8,chr6,31728864,31730245,TSS,True,110,173
ENSG00000213722.8,chr6,31730050,31730268,TSS,True,78,173
ENSG00000213719.8,chr6,31736261,31736566,TSS,True,24,202
ENSG00000237441.9,chr6,33293524,33293603,IR,False,87,107
ENSG00000237441.9,chr6,33298869,33299417,TSS,True,52,120
ENSG00000237441.9,chr6,33295507,33296368,TSS,False,103,120
ENSG00000186340.15,chr6,169215784,169217829,PAS,True,96,833
ENSG00000186340.15,chr6,169253723,169253903,TSS,True,406,874
ENSG00000243649.8,chr6,31945383,31946285,TSS,True,22,143
ENSG00000008018.8,chr6,170553129,170553320,TSS,False,40,100
ENSG00000008018.8,chr6,170543600,170543695,TSS,True,68,100
ENSG00000137312.14,chr6,30741333,30741613,IR,False,206,231
ENSG00000137312.14,chr6,30742526,30742825,TSS,True,140,371
ENSG00000137312.14,chr6,30740157,30740311,TSS,True,272,353
ENSG00000156508.17,chr6,73520999,73521033,TSS,False,580,1466
ENSG00000156508.17,chr6,73518931,73519329,TSS,True,1166,1464
ENSG00000204525.16,chr6,31271998,31272133,TSS,False,127,555
ENSG00000239264.8,chr6,7910513,7911011,TSS,False,34,133
ENSG00000206503.12,chr6,29942481,29942626,TSS,True,188,446
ENSG00000206503.12,chr6,29942531,29943026,TSS,True,389,446
ENSG00000206503.12,chr6,29943437,29944397,TSS,True,379,446
ENSG00000196126.11,chr6,32577857,32579104,PAS,False,145,343
ENSG00000196126.11,chr6,32517391,32517752,PAS,True,224,347
ENSG00000196126.11,chr6,32580745,32580808,TSS,True,202,347
ENSG00000196126.11,chr6,32584108,32584726,TSS,True,273,347
ENSG00000196126.11,chr6,32589642,32589848,TSS,False,239,347
ENSG00000204592.8,chr6,30489472,30489595,TSS,False,717,1022
ENSG00000118689.14,chr6,108559718,108560015,TSS,False,86,125
ENSG00000118689.14,chr6,108560843,108561829,TSS,True,89,125
ENSG00000118689.14,chr6,108663583,108664889,TSS,True,105,125
ENSG00000118689.14,chr6,108679826,108684767,PAS,True,24,103
ENSG00000231389.7,chr6,33073470,33073657,TSS,True,32,103
ENSG00000231389.7,chr6,33069018,33069181,TSS,True,91,103
ENSG00000137409.19,chr6,36968974,36970038,IR,True,209,237
ENSG00000137409.19,chr6,36970694,36972702,5AS,False,143,227
ENSG00000137409.19,chr6,36968084,36968974,PAS,True,29,238
ENSG00000137409.19,chr6,36985852,36986447,TSS,True,76,298
ENSG00000204287.13,chr6,32439875,32440032,TSS,True,43,156
ENSG00000204287.13,chr6,32443900,32443921,TSS,True,136,156
ENSG00000244731.7,chr6,31982546,31982919,TSS,True,105,122
ENSG00000244731.7,chr6,31982000,31982172,TSS,True,97,122
ENSG00000244731.7,chr6,31995364,31995539,TSS,True,108,121
ENSG00000140945.16,chr16,82626916,82627140,TSS,True,58,101
ENSG00000167522.15,chr16,89267618,89268663,PAS,True,90,102
ENSG00000167522.15,chr16,89490244,89490714,TSS,True,77,104
ENSG00000140983.13,chr16,668079,668236,TSS,True,43,111
ENSG00000206172.8,chr16,176680,176811,TSS,True,41,139
ENSG00000206172.8,chr16,176926,177133,TSS,True,108,139
ENSG00000134419.15,chr16,18790309,18790336,TSS,False,49,396
ENSG00000140682.18,chr16,31472130,31472201,TSS,True,63,206
ENSG00000087245.12,chr16,55478976,55479632,TSS,False,128,871
ENSG00000149925.18,chr16,30064052,30064248,TSS,True,643,722
ENSG00000149925.18,chr16,30065720,30065927,TSS,True,213,722
ENSG00000103495.13,chr16,29806339,29806893,TSS,True,68,110
ENSG00000103495.13,chr16,29806546,29807828,TSS,False,87,110
ENSG00000167978.16,chr16,2752846,2756333,5AS,False,88,106
ENSG00000167978.16,chr16,2752618,2752846,TSS,True,127,221
ENSG00000141002.19,chr16,89873534,89873859,TSS,True,70,140
ENSG00000141002.19,chr16,89911079,89911809,PAS,True,36,111
ENSG00000090863.11,chr16,74447426,74453334,PAS,True,13,101
ENSG00000090863.11,chr16,74606656,74607132,TSS,True,62,136
ENSG00000050820.16,chr16,75251470,75251719,TSS,True,137,167
ENSG00000050820.16,chr16,75234888,75235855,TSS,True,133,161
ENSG00000050820.16,chr16,75265824,75266014,TSS,True,119,168
ENSG00000050820.16,chr16,75242469,75243091,TSS,True,146,167
ENSG00000167526.13,chr16,89560649,89560712,TSS,False,91,668
ENSG00000133392.17,chr16,15704123,15714908,ES,False,512,783
ENSG00000133392.17,chr16,15703133,15704123,PAS,True,229,1019
ENSG00000133392.17,chr16,15738623,15738688,PAS,True,517,603
ENSG00000133392.17,chr16,15856940,15857362,TSS,True,861,1136
ENSG00000176046.8,chr16,28538795,28539040,TSS,True,38,142
ENSG00000168140.4,chr16,4371847,4371993,TSS,False,112,196
ENSG00000188536.13,chr16,172876,173007,TSS,True,113,364
ENSG00000188536.13,chr16,173123,173329,TSS,True,266,364
ENSG00000149923.13,chr16,30075971,30076094,TSS,True,28,110
ENSG00000149923.13,chr16,30075980,30076100,TSS,True,95,110
ENSG00000184110.14,chr16,28711448,28711518,TSS,True,81,264
ENSG00000184110.14,chr16,28735430,28736074,PAS,True,35,264
ENSG00000140988.15,chr16,1964448,1964826,TSS,True,1148,1420
ENSG00000140988.15,chr16,1964806,1964828,TSS,True,416,1420
ENSG00000140859.15,chr16,57802369,57802710,TSS,True,50,109
ENSG00000131143.8,chr16,85799230,85799752,TSS,True,31,162
ENSG00000013364.18,chr16,29820419,29820510,TSS,True,110,185
ENSG00000013364.18,chr16,29844533,29844879,TSS,True,124,180
ENSG00000103363.14,chr16,2776992,2777242,TSS,True,108,144
ENSG00000103363.14,chr16,2777236,2777295,TSS,True,39,144
ENSG00000118680.13,chr18,3262132,3262237,TSS,False,27,167
ENSG00000128791.11,chr18,9334609,9334920,TSS,True,15,114
ENSG00000196628.16,chr18,55222336,55228030,PAS,True,28,129
ENSG00000196628.16,chr18,55588037,55588612,TSS,True,124,140
ENSG00000196628.16,chr18,55321669,55321842,TSS,True,86,127
ENSG00000101608.12,chr18,3247784,3247909,TSS,True,39,304
ENSG00000168461.12,chr18,9708127,9708444,TSS,True,29,131
ENSG00000101558.13,chr18,9913973,9914335,TSS,True,21,123
ENSG00000176014.12,chr18,12308136,12308349,TSS,True,40,109
ENSG00000176014.12,chr18,12329145,12331476,PAS,False,92,108
ENSG00000152234.15,chr18,46098171,46098316,TSS,True,24,158
ENSG00000002586.19,chrX,2690987,2691427,TSS,True,92,267
ENSG00000130066.16,chrX,23783883,23785327,IR,True,81,106
ENSG00000197976.11,chrX,1591532,1591769,TSS,True,22,111
ENSG00000196924.15,chrX,154355072,154357433,ES,False,748,894
ENSG00000196924.15,chrX,154348523,154349036,PAS,True,407,2676
ENSG00000196924.15,chrX,154359504,154359646,PAS,True,668,798
ENSG00000196924.15,chrX,154367412,154367544,PAS,True,244,282
ENSG00000196924.15,chrX,154353553,154354201,TSS,False,1999,2527
ENSG00000147065.16,chrX,65667588,65667853,TSS,False,58,129
ENSG00000102144.14,chrX,78104196,78104405,TSS,False,31,268
ENSG00000185825.16,chrX,153724333,153724437,TSS,False,18,178
ENSG00000130985.16,chrX,47193755,47194024,TSS,True,82,126
ENSG00000130985.16,chrX,47203539,47203696,TSS,True,111,124
ENSG00000022267.16,chrX,136147446,136147628,TSS,True,227,389
ENSG00000169100.13,chrX,1391898,1392911,TSS,True,158,402
ENSG00000169100.13,chrX,1389240,1389726,TSS,True,347,401
ENSG00000147027.3,chrX,34656803,34657288,TSS,False,23,132
ENSG00000102024.17,chrX,115561106,115561260,TSS,True,104,522
ENSG00000102316.16,chrX,54815690,54815880,IR,True,173,204
ENSG00000102316.16,chrX,54807596,54807802,TSS,True,74,212
ENSG00000102316.16,chrX,54808334,54808433,TSS,True,173,212
ENSG00000102316.16,chrX,54815880,54816059,PAS,False,32,212
ENSG00000102316.16,chrX,54815247,54817069,PAS,True,176,206
ENSG00000130741.10,chrX,24054665,24055037,TSS,True,19,104
ENSG00000182492.15,chrX,153494831,153495113,TSS,True,758,1216
ENSG00000005893.15,chrX,120428045,120431462,PAS,True,55,120
ENSG00000005893.15,chrX,120436493,120439293,PAS,True,69,117
ENSG00000125356.6,chrX,119871858,119872013,TSS,False,52,105
ENSG00000125356.6,chrX,119873300,119873393,TSS,True,54,105
ENSG00000102265.11,chrX,47582220,47582474,TSS,True,93,653
ENSG00000134871.18,chr13,110307021,110307528,TSS,True,391,513
ENSG00000134871.18,chr13,110511933,110513032,PAS,True,90,470
ENSG00000185896.10,chr13,113297092,113297495,TSS,False,63,214
ENSG00000102802.9,chr13,30906194,30906793,TSS,True,27,186
ENSG00000187498.15,chr13,110148868,110150444,PAS,True,23,205
ENSG00000187498.15,chr13,110306943,110307669,TSS,True,228,264
ENSG00000183722.8,chr13,39378526,39600831,3AS,True,27,209
ENSG00000183722.8,chr13,39601390,39602882,IR,True,25,242
ENSG00000183722.8,chr13,39342707,39344054,PAS,True,29,249
ENSG00000183722.8,chr13,39600831,39603508,TSS,True,52,261
ENSG00000150403.17,chr13,113498521,113501751,ES,True,15,117
ENSG00000150403.17,chr13,113490713,113491273,TSS,True,20,138
ENSG00000150403.17,chr13,113549424,113550233,PAS,True,16,134
ENSG00000183087.14,chr13,113863832,113864108,TSS,True,741,1258
ENSG00000133112.16,chr13,45341041,45341258,TSS,True,137,511
ENSG00000134884.14,chr13,106541808,106544160,PAS,True,27,113
ENSG00000134884.14,chr13,106557849,106559657,PAS,True,81,104
ENSG00000134884.14,chr13,106567572,106568167,TSS,True,20,121
ENSG00000189403.14,chr13,30459849,30461533,PAS,False,16,151
ENSG00000189403.14,chr13,30465795,30465967,TSS,True,68,168
ENSG00000189403.14,chr13,30463530,30464779,TSS,True,141,168
ENSG00000125304.9,chr13,99501398,99501777,TSS,True,27,154
ENSG00000102804.14,chr13,44436503,44436857,TSS,True,23,134
ENSG00000122642.10,chr7,32957392,32957794,TSS,True,19,106
ENSG00000049540.16,chr7,74056713,74059885,ES,False,102,267
ENSG00000049540.16,chr7,74065732,74066731,ES,False,158,291
ENSG00000049540.16,chr7,74027789,74028269,TSS,True,246,455
ENSG00000049540.16,chr7,74068656,74069912,PAS,True,53,367
ENSG00000136235.16,chr7,23246731,23246927,TSS,True,38,107
ENSG00000105993.14,chr7,157336847,157337144,TSS,True,52,162
ENSG00000105993.14,chr7,157385540,157386324,PAS,True,95,138
ENSG00000105993.14,chr7,157416015,157417440,PAS,True,51,146
ENSG00000122566.21,chr7,26192338,26192494,IR,False,96,119
ENSG00000122566.21,chr7,26189657,26190460,PAS,False,122,150
ENSG00000122566.21,chr7,26190124,26192338,PAS,True,46,141
ENSG00000122566.21,chr7,26200571,26201617,TSS,True,51,150
ENSG00000168090.9,chr7,100088947,100089066,TSS,True,16,117
ENSG00000135269.17,chr7,116210470,116210734,TSS,True,19,127
ENSG00000105974.11,chr7,116524979,116525092,TSS,True,105,139
ENSG00000105974.11,chr7,116526328,116526689,TSS,True,71,139
ENSG00000164692.17,chr7,94394693,94395101,TSS,True,915,2011
ENSG00000177706.8,chr7,192009,193804,TSS,False,47,144
ENSG00000105808.17,chr7,102616624,102616790,TSS,True,106,146
ENSG00000128591.15,chr7,128852942,128853621,TSS,True,111,136
ENSG00000106211.8,chr7,76302672,76303076,TSS,False,481,1277
ENSG00000106211.8,chr7,76303813,76303865,TSS,True,830,1273
ENSG00000274523.4,chr7,75073413,75073871,TSS,True,98,126
ENSG00000130429.14,chr7,99374245,99374781,TSS,True,66,224
ENSG00000128595.16,chr7,128748804,128758870,ME,False,70,241
ENSG00000136238.17,chr7,6374432,6374770,TSS,True,34,176
ENSG00000198898.13,chr7,116862480,116862650,TSS,True,20,162
ENSG00000075624.14,chr7,5530523,5530604,TSS,True,525,2161
ENSG00000164828.17,chr7,815868,816673,TSS,True,70,130
ENSG00000164828.17,chr7,873214,874920,PAS,True,12,107
ENSG00000159840.15,chr7,143380384,143381409,TSS,False,173,247
ENSG00000159840.15,chr7,143381348,143382447,TSS,True,217,247
ENSG00000159840.15,chr7,143382049,143383322,TSS,True,202,243
ENSG00000155660.10,chr7,149018991,149019182,TSS,True,98,113
ENSG00000155660.10,chr7,149028320,149028671,TSS,True,35,113
ENSG00000136240.9,chr7,6483966,6484223,TSS,True,29,178
ENSG00000240583.11,chr7,30911731,30912293,TSS,False,417,963
ENSG00000106682.14,chr7,74174162,74174442,TSS,True,75,289
ENSG00000091136.13,chr7,107923712,107924087,PAS,True,22,102
ENSG00000091136.13,chr7,108003110,108003326,TSS,False,66,102
ENSG00000122786.19,chr7,134933390,134935687,5AS,False,19,136
ENSG00000122786.19,chr7,134933390,134941091,ES,False,86,102
ENSG00000122786.19,chr7,134933390,134941091,5AS,False,86,155
ENSG00000122786.19,chr7,134779389,134779749,TSS,True,424,926
ENSG00000122786.19,chr7,134933123,134934077,TSS,True,360,458
ENSG00000122786.19,chr7,134945954,134947769,TSS,True,338,381
ENSG00000122786.19,chr7,134968339,134970728,PAS,True,556,874
ENSG00000122786.19,chr7,134932987,134937664,PAS,True,228,580
ENSG00000106624.10,chr7,44104228,44104918,TSS,True,574,723
ENSG00000106624.10,chr7,44112573,44112909,TSS,True,546,697
ENSG00000126524.9,chr7,66995289,66995609,TSS,True,21,100
ENSG00000106052.13,chr7,27816394,27816889,5AS,False,80,104
ENSG00000106052.13,chr7,27828627,27830588,PAS,True,22,130
ENSG00000122545.19,chr7,35801040,35801270,TSS,True,18,110
ENSG00000136280.16,chr7,45000161,45000363,TSS,True,21,112
ENSG00000186591.12,chr7,129952502,129952986,TSS,True,43,132
ENSG00000106333.12,chr7,100605215,100605675,IR,True,180,206
ENSG00000106333.12,chr7,100605812,100606415,IR,True,199,239
ENSG00000106333.12,chr7,100604408,100606630,TSS,True,221,254
ENSG00000106333.12,chr7,100604601,100605215,TSS,True,224,259
ENSG00000106333.12,chr7,100602333,100602551,TSS,True,123,259
ENSG00000171867.16,chr20,4686512,4699215,3AS,False,59,117
ENSG00000171867.16,chr20,4686325,4686512,TSS,True,30,147
ENSG00000171867.16,chr20,4699215,4701587,PAS,True,59,119
ENSG00000171867.16,chr20,4699210,4701589,PAS,True,60,119
ENSG00000088832.16,chr20,1392961,1393143,TSS,True,35,157
ENSG00000124212.5,chr20,49568042,49568204,TSS,True,129,164
ENSG00000198959.11,chr20,38165188,38165430,TSS,True,365,449
ENSG00000198959.11,chr20,38161419,38161601,TSS,True,404,449
ENSG00000198959.11,chr20,38155846,38156090,TSS,True,389,449
ENSG00000198959.11,chr20,38131092,38131129,TSS,True,392,436
ENSG00000064205.10,chr20,44714834,44715161,TSS,True,97,128
ENSG00000064205.10,chr20,44715021,44715450,TSS,True,86,128
ENSG00000125868.15,chr20,17569786,17570211,TSS,True,216,1137
ENSG00000125844.15,chr20,17613676,17614220,PAS,True,28,113
ENSG00000125844.15,chr20,17658595,17660531,TSS,True,91,129
ENSG00000125844.15,chr20,17682027,17682310,TSS,True,116,145
ENSG00000100994.11,chr20,25248012,25248421,TSS,False,40,115
ENSG00000130706.12,chr20,62302936,62303049,TSS,False,57,123
ENSG00000125991.19,chr20,35542014,35542185,TSS,True,15,103
ENSG00000131051.22,chr20,35703606,35704581,PAS,True,28,112
ENSG00000131051.22,chr20,35741940,35742312,TSS,True,33,116
ENSG00000101161.7,chr20,63981097,63981316,TSS,False,56,132
ENSG00000101161.7,chr20,64027601,64027736,TSS,True,98,129
ENSG00000064601.18,chr20,45890233,45891379,TSS,False,73,118
ENSG00000064601.18,chr20,45898044,45898109,TSS,True,71,113
ENSG00000196562.14,chr20,47656142,47658392,PAS,True,14,137
ENSG00000196562.14,chr20,47785342,47785989,TSS,False,53,147
ENSG00000087460.24,chr20,58895684,58903530,ES,False,159,439
ENSG00000087460.24,chr20,58895684,58903530,3AS,False,159,502
ENSG00000087460.24,chr20,58889181,58891865,TSS,True,128,872
ENSG00000166913.12,chr20,44885672,44885886,TSS,True,41,187
ENSG00000101150.17,chr20,63865205,63865384,TSS,True,21,101
ENSG00000198276.15,chr20,63941109,63941581,TSS,True,41,100
ENSG00000198276.15,chr20,63956259,63956477,TSS,True,91,102
ENSG00000198276.15,chr20,63940949,63941627,TSS,True,87,100
ENSG00000101182.14,chr20,62139074,62139185,TSS,True,130,365
ENSG00000101182.14,chr20,62143207,62143457,TSS,True,249,365
ENSG00000101335.9,chr20,36541417,36541561,TSS,True,187,379
ENSG00000101384.12,chr20,10644862,10644983,TSS,True,161,203
ENSG00000101384.12,chr20,10645142,10645256,TSS,True,114,203
ENSG00000101384.12,chr20,10645355,10645459,TSS,True,185,211
ENSG00000100979.14,chr20,45912078,45912208,TSS,True,67,233
ENSG00000124225.15,chr20,57709473,57710015,TSS,True,118,184
ENSG00000125970.11,chr20,34073635,34075873,ES,False,38,108
ENSG00000125970.11,chr20,33993621,33994131,TSS,True,23,120
ENSG00000203883.6,chr20,64049158,64049639,TSS,False,80,178
ENSG00000101294.17,chr20,31514410,31514734,TSS,True,23,118
ENSG00000130702.15,chr20,62310311,62310418,IR,True,106,118
ENSG00000130702.15,chr20,62305431,62309475,PAS,True,47,182
ENSG00000082781.11,chr3,124886930,124887685,TSS,False,87,434
ENSG00000047849.21,chr3,47852938,47853162,3AS,False,31,124
ENSG00000047849.21,chr3,47850688,47853039,PAS,True,50,142
ENSG00000047849.21,chr3,47850681,47852938,PAS,True,112,143
ENSG00000047849.21,chr3,47853162,47853298,TSS,True,243,336
ENSG00000114353.16,chr3,50236157,50236453,TSS,True,68,244
ENSG00000188846.13,chr3,40457295,40457363,TSS,False,88,110
ENSG00000188846.13,chr3,40457330,40457991,TSS,True,36,110
ENSG00000162244.11,chr3,51995856,51995952,TSS,False,43,144
ENSG00000162244.11,chr3,51995424,51995470,TSS,True,129,144
ENSG00000163520.13,chr3,13619831,13626444,ES,False,270,527
ENSG00000163520.13,chr3,13549060,13549208,TSS,True,282,623
ENSG00000163520.13,chr3,13570308,13571661,TSS,True,499,619
ENSG00000170275.14,chr3,33113963,33114548,TSS,True,46,213
ENSG00000081154.11,chr3,101574279,101579841,3AS,False,38,107
ENSG00000173705.8,chr3,33218685,33219105,TSS,True,52,165
ENSG00000181789.14,chr3,129249575,129249746,TSS,True,23,117
ENSG00000065534.18,chr3,123618767,123620206,3AS,False,47,245
ENSG00000065534.18,chr3,123612295,123614349,PAS,True,29,276
ENSG00000065534.18,chr3,123620206,123620545,TSS,True,240,282
ENSG00000065534.18,chr3,123700019,123701257,TSS,True,156,300
ENSG00000070087.14,chr3,149966264,149968357,3AS,False,79,100
ENSG00000070087.14,chr3,149964901,149966264,PAS,True,21,100
ENSG00000070087.14,chr3,149964900,149966586,PAS,True,79,100
ENSG00000070087.14,chr3,149970724,149970940,TSS,False,16,111
ENSG00000233276.4,chr3,49358026,49358325,TSS,True,58,107
ENSG00000184500.15,chr3,93973673,93974093,TSS,True,34,190
ENSG00000163430.11,chr3,120450896,120451339,TSS,True,66,377
ENSG00000075785.12,chr3,128726135,128726359,TSS,True,36,126
ENSG00000010256.10,chr3,48609551,48609668,TSS,True,47,189
ENSG00000010256.10,chr3,48600679,48602297,TSS,True,152,188
ENSG00000067560.10,chr3,49411819,49412221,TSS,True,50,270
ENSG00000163931.15,chr3,53255835,53256068,TSS,True,41,154
ENSG00000074416.14,chr3,127823083,127823394,TSS,False,87,136
ENSG00000074416.14,chr3,127822308,127823542,TSS,True,120,136
ENSG00000010327.10,chr3,52523756,52523873,3AS,True,88,276
ENSG00000010327.10,chr3,52519123,52519404,TSS,True,285,331
ENSG00000010327.10,chr3,52524299,52524509,PAS,True,32,318
ENSG00000008952.16,chr3,169966538,169966858,TSS,True,18,135
ENSG00000008952.16,chr3,169982706,169982885,PAS,True,37,120
ENSG00000008952.16,chr3,169992593,169996465,PAS,True,89,122
ENSG00000163513.17,chr3,30606488,30606977,TSS,True,117,170
ENSG00000152601.17,chr3,152268772,152269092,TSS,True,72,123
ENSG00000152601.17,chr3,152462384,152465786,PAS,True,37,102
ENSG00000012171.19,chr3,50264465,50267769,TSS,True,64,115
ENSG00000012171.19,chr3,50267653,50269349,TSS,True,101,115
ENSG00000172037.13,chr3,49122370,49122703,IR,True,238,271
ENSG00000172037.13,chr3,49121112,49121362,PAS,True,51,361
ENSG00000172037.13,chr3,49124700,49124926,TSS,True,301,346
ENSG00000172037.13,chr3,49132791,49133082,TSS,True,281,366
ENSG00000152952.11,chr3,146069376,146070872,PAS,True,15,110
ENSG00000152952.11,chr3,146160880,146161602,TSS,True,12,115
ENSG00000170876.7,chr3,14124929,14125205,TSS,True,33,131
ENSG00000134107.4,chr3,4979426,4979798,TSS,True,68,113
ENSG00000169714.16,chr3,129171277,129171445,3AS,False,180,249
ENSG00000169714.16,chr3,129171538,129171654,5AS,False,117,245
ENSG00000169714.16,chr3,129183775,129183946,TSS,True,33,288
ENSG00000071282.11,chr3,8501799,8501980,TSS,True,28,116
ENSG00000156976.16,chr3,186783639,186784431,3AS,False,111,150
ENSG00000156976.16,chr3,186784696,186785882,ES,False,20,152
ENSG00000156976.16,chr3,186787882,186789124,IR,False,130,149
ENSG00000156976.16,chr3,186783556,186783639,TSS,True,26,176
ENSG00000156976.16,chr3,186789124,186789901,PAS,True,26,167
ENSG00000156976.16,chr3,186787802,186790270,PAS,True,150,167
ENSG00000120742.10,chr3,150541997,150544498,PAS,True,12,117
ENSG00000118849.9,chr3,158710921,158713796,3AS,True,34,205
ENSG00000118849.9,chr3,158696502,158697827,PAS,False,24,220
ENSG00000068001.13,chr3,50321365,50321478,TSS,True,85,104
ENSG00000068001.13,chr3,50322652,50322850,TSS,True,39,104
ENSG00000004399.12,chr3,129605328,129606827,TSS,False,121,149
ENSG00000161203.13,chr3,184180251,184180848,3AS,True,95,250
ENSG00000161203.13,chr3,184174815,184174959,TSS,False,32,269
ENSG00000189058.8,chr3,195583877,195584000,TSS,True,30,281
ENSG00000164054.15,chr3,48504018,48504380,TSS,False,114,198
ENSG00000164054.15,chr3,48473009,48473208,TSS,True,141,196
ENSG00000058262.9,chr3,128052302,128052559,TSS,False,122,208
ENSG00000174748.20,chr3,23917173,23917849,5AS,False,296,343
ENSG00000174748.20,chr3,23917129,23917173,TSS,False,94,391
ENSG00000174748.20,chr3,23917123,23917239,TSS,True,346,391
ENSG00000169908.11,chr3,149377370,149377862,TSS,True,46,195
ENSG00000144810.15,chr3,99638664,99744896,ME,False,27,107
ENSG00000144810.15,chr3,99638664,99744896,ME,False,26,107
ENSG00000144810.15,chr3,99638664,99744896,ES,False,277,397
ENSG00000144810.15,chr3,99791010,99794229,3AS,True,337,401
ENSG00000144810.15,chr3,99638473,99638664,TSS,True,107,508
ENSG00000144810.15,chr3,99794229,99799215,PAS,True,75,417
ENSG00000144810.15,chr3,99794226,99799218,PAS,True,350,417
ENSG00000175166.16,chr3,184299151,184299401,TSS,False,21,175
ENSG00000091986.15,chr3,112639916,112640923,5AS,False,35,298
ENSG00000091986.15,chr3,112638156,112639916,PAS,False,85,368
ENSG00000091986.15,chr3,112604162,112605763,PAS,True,495,621
ENSG00000091986.15,chr3,112640326,112641299,TSS,True,494,756
ENSG00000091986.15,chr3,112638027,112639748,TSS,False,240,312
ENSG00000182899.16,chr3,197950181,197950221,TSS,True,41,241
PB_novel_51502,SIRV6,10238,10818,TSS,True,70,106
PB_novel_51502,SIRV6,999,1186,TSS,True,55,159
PB_novel_51502,SIRV6,11205,11838,PAS,True,63,159
PB_novel_51502,SIRV6,1845,2120,PAS,True,80,110
