gene,chr,start,end,splice_type,novel,astrocyte_ENCFF992ZVE_in_cov,astrocyte_ENCFF992ZVE_total_cov
ENSG00000159200.17,chr21,34614759,34615247,TSS,True,187,210
ENSG00000159200.17,chr21,34526662,34526958,TSS,True,31,210
ENSG00000160200.17,chr21,43075769,43075902,TSS,True,32,197
ENSG00000160310.17,chr21,46635617,46635763,TSS,True,11,109
ENSG00000160310.17,chr21,46649574,46650529,PAS,True,89,103
ENSG00000160310.17,chr21,46664294,46665698,PAS,True,55,109
ENSG00000160310.17,chr21,46658744,46661269,PAS,True,80,107
ENSG00000182871.14,chr21,45505431,45505837,3AS,False,372,439
ENSG00000182871.14,chr21,45405114,45405241,TSS,False,160,471
ENSG00000157601.13,chr21,41426040,41426263,TSS,True,48,370
ENSG00000142192.20,chr21,25982477,26000014,ES,False,36,101
ENSG00000142192.20,chr21,26170563,26170820,TSS,True,35,130
ENSG00000142173.14,chr21,46097844,46098173,TSS,True,24,119
ENSG00000142173.14,chr21,46131953,46132850,PAS,False,25,119
ENSG00000142173.14,chr21,46129195,46132849,PAS,True,95,117
ENSG00000204843.12,chr2,74391793,74392075,TSS,False,50,170
ENSG00000196141.13,chr2,200419496,200440648,ES,False,68,174
ENSG00000196141.13,chr2,200306075,200306601,TSS,True,160,182
ENSG00000196141.13,chr2,200306553,200306922,TSS,True,43,182
ENSG00000138385.15,chr2,169798800,169798976,TSS,True,11,108
ENSG00000204262.12,chr2,189179507,189180073,TSS,True,60,140
ENSG00000065911.11,chr2,74198742,74205704,ES,True,146,179
ENSG00000176720.5,chr2,241558697,241558993,TSS,False,31,117
ENSG00000176720.5,chr2,241559005,241559703,TSS,True,98,117
ENSG00000082153.17,chr2,200811559,200811990,TSS,True,29,280
ENSG00000115694.14,chr2,241499414,241500172,IR,False,181,211
ENSG00000115694.14,chr2,241508005,241508623,TSS,True,90,223
ENSG00000115694.14,chr2,241508442,241508635,TSS,True,166,223
ENSG00000168385.17,chr2,241315982,241324215,ES,False,432,487
ENSG00000168385.17,chr2,241315861,241315982,TSS,True,58,554
ENSG00000115677.16,chr2,241315101,241315254,TSS,True,403,485
ENSG00000115677.16,chr2,241272760,241272937,TSS,True,231,485
ENSG00000115677.16,chr2,241315569,241315846,TSS,True,419,485
ENSG00000071082.10,chr2,101002260,101002315,TSS,True,53,150
ENSG00000071082.10,chr2,101002291,101002808,TSS,True,99,150
ENSG00000169764.15,chr2,63840947,63841232,TSS,True,136,161
ENSG00000169764.15,chr2,63841330,63842204,TSS,True,30,161
ENSG00000115380.19,chr2,55922447,55923710,ES,False,92,127
ENSG00000063660.8,chr2,240435349,240436084,TSS,False,49,304
ENSG00000123983.13,chr2,222887888,222908732,ES,False,73,113
ENSG00000115762.16,chr2,131132991,131140166,5AS,False,116,142
ENSG00000143947.13,chr2,55232655,55232708,TSS,True,39,192
ENSG00000143947.13,chr2,55232687,55232872,TSS,True,154,192
ENSG00000168542.14,chr2,188974188,188974568,TSS,True,51,396
ENSG00000034510.5,chr2,84905651,84905718,TSS,False,628,1447
ENSG00000034510.5,chr2,84905817,84906117,TSS,True,828,1447
ENSG00000134308.13,chr2,9630940,9631046,TSS,False,93,367
ENSG00000134308.13,chr2,9630158,9630765,TSS,True,283,367
ENSG00000135919.12,chr2,223980397,223982680,3AS,False,256,295
ENSG00000115414.18,chr2,215372015,215372108,IR,False,1862,2592
ENSG00000115414.18,chr2,215372015,215373321,3AS,False,192,922
ENSG00000115414.18,chr2,215391814,215394527,ES,False,907,2261
ENSG00000115414.18,chr2,215394527,215394723,TSS,True,2155,2926
ENSG00000115414.18,chr2,215435654,215436121,TSS,True,1802,3022
ENSG00000130508.10,chr2,1648171,1649673,TSS,True,90,113
ENSG00000130508.10,chr2,1744255,1744568,TSS,True,55,114
ENSG00000115415.18,chr2,190968991,190970717,PAS,True,50,368
ENSG00000115415.18,chr2,190975533,190975887,PAS,True,322,367
ENSG00000138448.11,chr2,186589809,186590523,TSS,True,31,211
ENSG00000197756.9,chr2,216498814,216498877,TSS,True,28,133
ENSG00000197756.9,chr2,216498869,216499398,TSS,True,107,133
ENSG00000120992.17,chr8,54101754,54102030,TSS,True,21,137
ENSG00000120992.17,chr8,54101349,54102030,TSS,True,120,137
ENSG00000104341.16,chr8,97775787,97776108,TSS,True,23,145
ENSG00000198363.17,chr8,61638360,61642887,3AS,False,12,105
ENSG00000198363.17,chr8,61644632,61651049,ES,False,14,108
ENSG00000198363.17,chr8,61499796,61503509,PAS,True,76,114
ENSG00000198363.17,chr8,61623699,61626280,PAS,True,43,113
ENSG00000168487.18,chr8,22197420,22201802,3AS,False,91,114
ENSG00000168487.18,chr8,22164896,22165553,TSS,True,57,381
ENSG00000168487.18,chr8,22201117,22201482,PAS,True,120,367
ENSG00000168487.18,chr8,22211593,22212326,PAS,True,252,376
ENSG00000161016.17,chr8,144792365,144792428,TSS,False,59,233
ENSG00000161016.17,chr8,144791991,144792215,TSS,True,202,233
ENSG00000164733.20,chr8,11853479,11868000,ES,False,289,358
ENSG00000179950.13,chr8,143818534,143821596,ES,False,76,138
ENSG00000179950.13,chr8,143821913,143829279,ES,False,29,121
ENSG00000179950.13,chr8,143829279,143829376,TSS,True,29,150
ENSG00000160932.10,chr8,143018586,143020887,3AS,False,43,134
ENSG00000164924.17,chr8,100951928,100952852,TSS,True,117,393
ENSG00000164924.17,chr8,100950405,100950908,TSS,True,344,393
ENSG00000104529.17,chr8,143586849,143597347,3AS,False,14,100
ENSG00000120889.12,chr8,23028441,23028528,IR,False,50,155
ENSG00000137575.11,chr8,58572314,58575902,3AS,False,23,104
ENSG00000181026.14,chr15,88621258,88621382,TSS,False,37,100
ENSG00000181026.14,chr15,88626139,88626749,TSS,True,84,100
ENSG00000140416.20,chr15,63060939,63062214,ME,False,210,1030
ENSG00000159251.7,chr15,34795505,34795733,TSS,False,51,264
ENSG00000128739.22,chr15,24954852,24955062,TSS,True,30,132
ENSG00000128739.22,chr15,24856512,24856716,TSS,True,108,132
ENSG00000185787.14,chr15,78872781,78873057,TSS,True,30,139
ENSG00000182774.12,chr15,82540425,82540460,TSS,True,31,157
ENSG00000182774.12,chr15,82539980,82540445,TSS,True,139,157
ENSG00000118785.13,chr4,87980126,87981474,ES,False,27,130
ENSG00000071127.16,chr4,10116650,10116986,TSS,True,42,325
ENSG00000154277.12,chr4,41256875,41257020,TSS,True,55,251
ENSG00000154277.12,chr4,41256893,41257009,TSS,True,207,251
ENSG00000087274.16,chr4,2905015,2907742,5AS,False,142,170
ENSG00000087274.16,chr4,2843837,2844024,TSS,True,21,186
ENSG00000138758.11,chr4,76949691,76949930,TSS,True,26,200
ENSG00000138758.11,chr4,77030782,77038607,PAS,True,153,186
ENSG00000138758.11,chr4,77034496,77040154,PAS,True,61,187
ENSG00000129116.18,chr4,168630913,168631900,TSS,True,159,187
ENSG00000129116.18,chr4,168831990,168832171,TSS,True,55,185
ENSG00000129116.18,chr4,168877717,168878394,TSS,True,162,184
ENSG00000150961.14,chr4,118815155,118815450,3AS,True,75,105
ENSG00000109475.16,chr4,108620535,108620600,TSS,False,48,203
ENSG00000109475.16,chr4,108620576,108622024,TSS,True,177,203
ENSG00000109332.19,chr4,102827426,102827835,TSS,True,83,126
ENSG00000109332.19,chr4,102826484,102827192,TSS,True,81,126
ENSG00000109332.19,chr4,102827591,102827920,TSS,True,107,126
ENSG00000145425.9,chr4,151099569,151099714,TSS,True,102,408
ENSG00000145431.10,chr4,156970785,156972046,TSS,True,20,117
ENSG00000123933.16,chr4,2261916,2262128,TSS,True,45,112
ENSG00000123933.16,chr4,2261724,2262144,TSS,False,99,112
ENSG00000138674.16,chr4,82829058,82844385,ES,False,29,122
ENSG00000138674.16,chr4,82857764,82863317,ES,False,25,117
ENSG00000138674.16,chr4,82881937,82891087,3AS,False,30,110
ENSG00000138674.16,chr4,82891087,82891255,TSS,False,21,132
ENSG00000173801.16,chr17,41755432,41755729,IR,False,71,126
ENSG00000173801.16,chr17,41754603,41755432,PAS,False,55,126
ENSG00000173801.16,chr17,41754606,41755895,PAS,True,71,126
ENSG00000173801.16,chr17,41786565,41786742,TSS,True,112,130
ENSG00000173801.16,chr17,41786587,41786737,TSS,True,51,130
ENSG00000161970.14,chr17,8383156,8383197,TSS,False,18,134
ENSG00000243678.11,chr17,51163643,51166956,TSS,True,121,140
ENSG00000243678.11,chr17,51166265,51166497,TSS,True,26,140
ENSG00000108821.13,chr17,50201410,50201696,TSS,False,1692,7328
ENSG00000183010.16,chr17,81937261,81937328,TSS,True,157,210
ENSG00000183010.16,chr17,81936747,81937288,TSS,True,109,210
ENSG00000131473.16,chr17,41893174,41897748,ES,False,49,119
ENSG00000131473.16,chr17,41918879,41919084,TSS,True,40,139
ENSG00000141367.11,chr17,59619349,59620173,TSS,True,17,114
ENSG00000030582.17,chr17,44345096,44345334,TSS,True,52,384
ENSG00000108946.14,chr17,68512399,68512548,TSS,True,56,223
ENSG00000108946.14,chr17,68512421,68512970,TSS,False,200,223
ENSG00000141696.12,chr17,41811284,41811453,IR,True,104,120
ENSG00000141696.12,chr17,41811453,41812635,TSS,True,27,130
ENSG00000184009.11,chr17,81512733,81512855,TSS,True,291,2264
ENSG00000108298.11,chr17,39200112,39200349,TSS,False,171,390
ENSG00000108298.11,chr17,39200339,39203109,TSS,True,239,390
ENSG00000002834.17,chr17,38869798,38870258,TSS,True,49,142
ENSG00000182534.13,chr17,76679568,76680879,PAS,True,38,128
ENSG00000182534.13,chr17,76675416,76677702,PAS,False,94,130
ENSG00000109113.19,chr17,28717212,28718419,TSS,True,32,101
ENSG00000109113.19,chr17,28718121,28718530,TSS,True,78,101
ENSG00000072778.19,chr17,7220046,7220121,IR,False,113,126
ENSG00000072778.19,chr17,7220529,7220603,IR,False,116,130
ENSG00000072778.19,chr17,7222081,7222176,IR,False,88,133
ENSG00000072778.19,chr17,7222302,7222666,IR,True,100,133
ENSG00000072778.19,chr17,7222865,7223132,IR,False,79,133
ENSG00000072778.19,chr17,7224552,7224641,IR,False,116,130
ENSG00000072778.19,chr17,7219853,7220046,TSS,True,23,137
ENSG00000072778.19,chr17,7219870,7220197,TSS,False,119,137
ENSG00000108654.14,chr17,64500326,64500548,IR,True,376,448
ENSG00000108654.14,chr17,64500773,64502009,IR,False,346,442
ENSG00000108654.14,chr17,64498253,64500326,PAS,True,76,457
ENSG00000108654.14,chr17,64498254,64502069,PAS,True,394,457
ENSG00000177731.15,chr17,18251813,18251998,3AS,False,53,107
ENSG00000177731.15,chr17,18258627,18258774,TSS,True,22,126
ENSG00000142507.9,chr17,4796133,4796296,TSS,True,41,110
ENSG00000172809.12,chr17,74203710,74203917,5AS,False,20,101
ENSG00000172809.12,chr17,74203674,74203710,TSS,False,91,111
ENSG00000172809.12,chr17,74203671,74203745,TSS,True,30,111
ENSG00000131469.14,chr17,42998395,42998471,TSS,False,50,138
ENSG00000131469.14,chr17,42998437,43000102,TSS,True,123,138
ENSG00000131469.14,chr17,42998448,42998831,TSS,False,103,138
ENSG00000173812.10,chr17,41688884,41689069,TSS,False,27,176
ENSG00000109079.9,chr17,28335711,28335856,TSS,True,71,112
ENSG00000011028.13,chr17,62627131,62627920,TSS,True,117,160
ENSG00000108561.8,chr17,5438841,5439193,TSS,False,14,115
ENSG00000177885.14,chr17,75393550,75393855,TSS,True,74,105
ENSG00000177885.14,chr17,75405488,75405707,TSS,True,36,105
ENSG00000163597.14,chr17,76557857,76561287,ES,False,54,158
ENSG00000100234.11,chr22,32801684,32802122,TSS,False,17,151
ENSG00000196419.12,chr22,41621215,41621345,TSS,True,32,176
ENSG00000196419.12,chr22,41621295,41622086,TSS,True,156,176
ENSG00000100345.21,chr22,36387806,36388109,TSS,False,335,573
ENSG00000128272.14,chr22,39520278,39520751,TSS,False,41,115
ENSG00000128245.14,chr22,31944515,31944820,TSS,True,13,124
ENSG00000196305.17,chr9,92289426,92293610,5AS,False,61,119
ENSG00000196305.17,chr9,92293440,92293716,TSS,True,73,131
ENSG00000196305.17,chr9,92293610,92293745,TSS,True,69,131
ENSG00000148180.19,chr9,121281562,121301962,ES,False,254,289
ENSG00000148180.19,chr9,121281562,121301962,3AS,True,254,290
ENSG00000148180.19,chr9,121267812,121268219,TSS,True,68,393
ENSG00000147883.10,chr9,22008797,22009305,TSS,False,25,120
ENSG00000148248.13,chr9,133375921,133376131,TSS,True,27,174
ENSG00000159069.13,chr9,136941463,136941536,IR,True,99,111
ENSG00000159069.13,chr9,136942695,136942768,IR,False,95,106
ENSG00000159069.13,chr9,136938789,136941171,PAS,False,15,111
ENSG00000159069.13,chr9,136944593,136944762,TSS,True,22,113
ENSG00000188229.5,chr9,137241286,137241417,TSS,True,28,106
ENSG00000165119.20,chr9,83969380,83970161,3AS,False,88,209
ENSG00000165119.20,chr9,83973399,83974516,ES,False,22,198
ENSG00000165119.20,chr9,83967990,83969440,PAS,True,88,209
ENSG00000165119.20,chr9,83968082,83969380,PAS,True,121,209
ENSG00000165119.20,chr9,83980502,83980645,TSS,True,109,227
ENSG00000165119.20,chr9,83980152,83980270,TSS,True,166,227
ENSG00000041982.15,chr9,115046682,115057152,ES,False,50,101
ENSG00000041982.15,chr9,115117981,115118653,TSS,True,74,148
ENSG00000041982.15,chr9,115042218,115042370,TSS,True,129,146
ENSG00000198467.14,chr9,35684550,35685268,ME,False,335,498
ENSG00000107201.9,chr9,32526060,32526356,TSS,True,19,163
ENSG00000197958.12,chr9,127451280,127451405,TSS,True,13,126
ENSG00000177239.14,chr9,137108387,137109187,PAS,True,15,106
ENSG00000165688.11,chr9,136416391,136416950,IR,False,108,121
ENSG00000135052.16,chr9,86099410,86099685,TSS,False,27,202
ENSG00000135052.16,chr9,86100024,86100232,TSS,True,181,202
ENSG00000136942.14,chr9,124861909,124861987,TSS,True,27,192
ENSG00000136942.14,chr9,124861418,124861566,TSS,True,168,192
ENSG00000092841.18,chr12,56160320,56160625,IR,False,192,228
ENSG00000092841.18,chr12,56160320,56161386,ES,False,647,839
ENSG00000092841.18,chr12,56160670,56161386,IR,True,192,228
ENSG00000092841.18,chr12,56158337,56158404,TSS,True,283,891
ENSG00000092841.18,chr12,56158359,56159730,TSS,True,670,891
ENSG00000060138.12,chr12,10704148,10713210,ES,False,107,545
ENSG00000182199.10,chr12,57229648,57229811,TSS,True,94,138
ENSG00000182199.10,chr12,57233176,57233345,TSS,True,71,138
ENSG00000089009.15,chr12,112409586,112409634,TSS,True,61,206
ENSG00000089009.15,chr12,112408419,112409605,TSS,True,165,206
ENSG00000089157.15,chr12,120200831,120201082,3AS,False,185,211
ENSG00000089157.15,chr12,120201082,120201113,TSS,True,91,305
ENSG00000089157.15,chr12,120199309,120199489,TSS,True,237,305
ENSG00000196531.10,chr12,56725262,56725531,TSS,True,16,135
ENSG00000198431.15,chr12,104286893,104287109,TSS,True,28,101
ENSG00000198431.15,chr12,104286935,104287346,TSS,True,83,101
ENSG00000089053.12,chr12,121328458,121330582,3AS,False,27,103
ENSG00000135506.15,chr12,57715970,57716091,3AS,False,156,214
ENSG00000135506.15,chr12,57718376,57718992,5AS,False,49,220
ENSG00000135506.15,chr12,57719182,57720405,ES,False,168,220
ENSG00000173598.13,chr12,93395533,93398770,3AS,False,69,105
ENSG00000173598.13,chr12,93377868,93378421,TSS,True,28,136
ENSG00000166130.14,chr12,98613404,98614340,PAS,False,92,117
ENSG00000166130.14,chr12,98624248,98626766,PAS,False,26,114
ENSG00000150991.14,chr12,124914586,124914848,TSS,False,73,602
ENSG00000176915.14,chr12,132755133,132761617,ES,True,90,102
ENSG00000022840.15,chr12,120563070,120563346,3AS,False,152,173
ENSG00000229117.8,chr12,56116425,56116659,TSS,True,62,521
ENSG00000135404.11,chr12,55728952,55729106,TSS,False,26,138
ENSG00000135404.11,chr12,55728275,55728998,TSS,True,122,138
ENSG00000110880.10,chr12,108731428,108731991,TSS,True,33,124
ENSG00000118971.7,chr12,4273756,4274235,TSS,False,94,247
ENSG00000139641.12,chr12,56133873,56134109,3AS,False,88,105
ENSG00000139641.12,chr12,56128093,56128709,TSS,True,15,111
ENSG00000050405.13,chr12,50192561,50195829,3AS,False,94,108
ENSG00000075415.12,chr12,98593740,98593974,IR,False,146,176
ENSG00000075415.12,chr12,98593626,98593740,TSS,True,43,194
ENSG00000075415.12,chr12,98593685,98594135,TSS,True,163,194
ENSG00000135486.17,chr12,54282874,54283811,ES,False,115,145
ENSG00000014216.15,chr11,65181270,65182013,TSS,True,47,202
ENSG00000110619.17,chr11,3001248,3001969,5AS,False,133,186
ENSG00000110619.17,chr11,3040984,3042164,3AS,False,161,184
ENSG00000110619.17,chr11,3042256,3057342,ES,False,148,181
ENSG00000085063.15,chr11,33722463,33736381,ES,False,73,101
ENSG00000085063.15,chr11,33736381,33736477,TSS,True,34,135
ENSG00000085063.15,chr11,33722378,33722467,TSS,True,117,135
ENSG00000084234.17,chr11,130122513,130126699,ES,False,523,698
ENSG00000168439.16,chr11,64186053,64186270,TSS,True,23,183
ENSG00000166181.12,chr11,43335994,43342432,3AS,False,44,103
ENSG00000166181.12,chr11,43342427,43344530,PAS,True,53,112
ENSG00000166181.12,chr11,43342432,43344530,PAS,True,68,112
ENSG00000087365.15,chr11,66055315,66055537,3AS,False,12,114
ENSG00000149591.16,chr11,117199176,117199432,TSS,False,142,1288
ENSG00000166333.13,chr11,6603822,6604225,3AS,False,78,110
ENSG00000166333.13,chr11,6603724,6603822,TSS,False,27,137
ENSG00000166333.13,chr11,6603742,6604360,TSS,True,119,137
ENSG00000135387.20,chr11,34051660,34051871,TSS,True,68,119
ENSG00000135387.20,chr11,34052073,34052636,TSS,True,60,119
ENSG00000135387.20,chr11,34099302,34102610,PAS,True,23,117
ENSG00000135387.20,chr11,34097697,34102086,PAS,True,94,117
ENSG00000167986.13,chr11,61332907,61333791,TSS,True,44,174
ENSG00000172893.15,chr11,71448289,71448424,TSS,True,13,104
ENSG00000168003.16,chr11,62855997,62856381,TSS,True,491,546
ENSG00000168003.16,chr11,62879988,62881447,TSS,True,74,546
ENSG00000129083.12,chr11,14498985,14499706,5AS,False,126,158
ENSG00000129083.12,chr11,14498985,14499741,5AS,False,26,184
ENSG00000129083.12,chr11,14499706,14499866,TSS,True,71,197
ENSG00000129083.12,chr11,14499741,14499878,TSS,True,171,197
ENSG00000182985.17,chr11,115504269,115504419,TSS,True,45,264
ENSG00000023191.16,chr11,507112,507279,TSS,True,40,121
ENSG00000023191.16,chr11,506608,506871,TSS,True,92,121
ENSG00000205531.12,chr11,2945646,2951258,ES,False,105,137
ENSG00000205531.12,chr11,2992253,2992431,TSS,True,51,142
ENSG00000205531.12,chr11,2991793,2992260,TSS,False,111,142
ENSG00000177697.18,chr11,833026,836062,ES,False,74,135
ENSG00000177697.18,chr11,832731,833026,TSS,True,54,189
ENSG00000177697.18,chr11,832949,833022,TSS,True,169,189
ENSG00000050165.17,chr11,12009171,12009385,TSS,False,227,431
ENSG00000050165.17,chr11,12008369,12008649,TSS,True,274,431
ENSG00000142089.15,chr11,320564,320898,TSS,True,17,154
ENSG00000172757.12,chr11,65858096,65858215,TSS,True,77,671
ENSG00000118181.10,chr11,119018281,119018345,TSS,True,20,133
ENSG00000118181.10,chr11,119017361,119018342,TSS,True,114,132
ENSG00000182087.13,chr19,1011612,1011740,3AS,False,50,177
ENSG00000182087.13,chr19,1012188,1012462,IR,False,144,185
ENSG00000105281.12,chr19,46787399,46788597,TSS,False,20,177
ENSG00000105223.19,chr19,40348768,40366418,ES,False,32,109
ENSG00000105223.19,chr19,40348542,40348768,TSS,True,687,805
ENSG00000105223.19,chr19,40364079,40365930,TSS,False,264,805
ENSG00000125505.16,chr19,54189337,54189735,TSS,False,23,144
ENSG00000104852.14,chr19,49107712,49107821,3AS,False,24,101
ENSG00000104852.14,chr19,49085154,49085636,TSS,True,36,109
ENSG00000104852.14,chr19,49102417,49104735,TSS,True,88,109
ENSG00000104852.14,chr19,49107794,49108613,PAS,True,25,102
ENSG00000104852.14,chr19,49107821,49108613,PAS,True,78,102
ENSG00000105372.7,chr19,41860210,41860289,TSS,True,76,588
ENSG00000130726.11,chr19,58544064,58545097,TSS,True,22,166
ENSG00000123159.15,chr19,14491743,14496036,ES,False,60,151
ENSG00000123159.15,chr19,14496036,14496297,TSS,True,26,190
ENSG00000105701.15,chr19,18538433,18539370,3AS,False,54,170
ENSG00000167658.15,chr19,3985377,3985472,TSS,True,82,503
ENSG00000130204.12,chr19,44891314,44891406,IR,False,77,107
ENSG00000130204.12,chr19,44891224,44891689,TSS,True,101,132
ENSG00000130204.12,chr19,44891215,44891314,TSS,True,33,132
ENSG00000142230.11,chr19,47130795,47131028,TSS,True,16,135
ENSG00000130176.7,chr19,11538810,11538990,TSS,True,20,154
ENSG00000105568.17,chr19,52189990,52190174,TSS,True,36,237
ENSG00000115268.9,chr19,1438368,1438428,TSS,True,29,222
ENSG00000079805.16,chr19,10795439,10798485,ME,False,35,103
ENSG00000079805.16,chr19,10830378,10830980,3AS,False,28,102
ENSG00000079805.16,chr19,10830977,10831906,PAS,True,34,108
ENSG00000079805.16,chr19,10830980,10831905,PAS,False,80,108
ENSG00000074842.7,chr19,4670160,4670409,TSS,True,38,140
ENSG00000011304.19,chr19,805187,806407,ES,False,43,140
ENSG00000011304.19,chr19,797388,797505,TSS,True,43,162
ENSG00000104805.15,chr19,48900264,48900372,TSS,False,20,124
ENSG00000104805.15,chr19,48900783,48900931,TSS,True,110,124
ENSG00000130202.9,chr19,44878222,44878941,PAS,True,188,408
ENSG00000130202.9,chr19,44888109,44889227,PAS,True,241,414
ENSG00000064666.14,chr19,1026557,1026724,TSS,True,36,131
ENSG00000105401.8,chr19,10395343,10395434,IR,False,124,149
ENSG00000167468.16,chr19,1103996,1104127,TSS,True,11,100
ENSG00000099783.11,chr19,8465362,8465479,IR,False,66,173
ENSG00000099783.11,chr19,8474244,8485602,ES,False,36,177
ENSG00000123240.16,chr10,13100302,13109111,ES,False,85,104
ENSG00000123240.16,chr10,13116340,13118905,3AS,False,30,114
ENSG00000123240.16,chr10,13100036,13100302,TSS,True,43,151
ENSG00000123240.16,chr10,13133532,13133581,TSS,True,112,146
ENSG00000107796.13,chr10,88990938,88991345,TSS,True,99,127
ENSG00000107796.13,chr10,88952730,88952817,TSS,True,44,127
ENSG00000176986.15,chr10,73744349,73744437,TSS,True,64,107
ENSG00000176986.15,chr10,73764545,73765589,TSS,True,64,107
ENSG00000099194.5,chr10,100347100,100347531,TSS,False,21,151
ENSG00000148484.17,chr10,16817314,16817488,TSS,False,19,108
ENSG00000148484.17,chr10,16816972,16817432,TSS,True,95,108
ENSG00000067082.14,chr10,3784912,3785253,TSS,True,22,126
ENSG00000067057.16,chr10,3067340,3067707,TSS,True,35,289
ENSG00000150093.18,chr10,32958144,32958379,TSS,True,317,2633
ENSG00000148677.6,chr10,90921000,90921091,TSS,False,200,248
ENSG00000122884.12,chr10,73030370,73046924,ME,False,56,154
ENSG00000197746.13,chr10,71822007,71825836,5AS,True,229,313
ENSG00000035403.17,chr10,73997891,73998375,TSS,True,40,172
ENSG00000169813.16,chr10,43409130,43409209,TSS,True,68,112
ENSG00000169813.16,chr10,43396455,43396802,TSS,True,84,112
ENSG00000169813.16,chr10,43407716,43407818,TSS,False,87,112
ENSG00000165637.13,chr10,75210627,75210938,TSS,True,21,143
ENSG00000119917.13,chr10,89327997,89328078,TSS,False,180,234
ENSG00000119917.13,chr10,89332527,89332627,TSS,False,60,234
ENSG00000100664.10,chr14,103334182,103334260,TSS,False,51,253
ENSG00000100664.10,chr14,103334236,103334597,TSS,True,214,253
ENSG00000197324.8,chr14,22871716,22872337,TSS,True,18,111
ENSG00000139926.15,chr14,51701135,51702511,5AS,False,124,254
ENSG00000139926.15,chr14,51651855,51651996,TSS,False,52,272
ENSG00000092199.17,chr14,21230366,21230996,5AS,False,123,182
ENSG00000092199.17,chr14,21234229,21263310,5AS,False,101,117
ENSG00000092199.17,chr14,21234229,21269297,ES,False,57,176
ENSG00000092199.17,chr14,21263336,21269297,3AS,False,95,115
ENSG00000073712.14,chr14,52950920,52951262,TSS,True,33,108
ENSG00000073712.14,chr14,52893292,52893325,TSS,False,96,108
ENSG00000073712.14,chr14,52950411,52951148,TSS,False,94,108
ENSG00000165949.12,chr14,94110797,94111658,3AS,False,88,164
ENSG00000165949.12,chr14,94110797,94114850,ES,False,66,226
ENSG00000100644.16,chr14,61695839,61720381,3AS,False,190,254
ENSG00000080824.18,chr14,102086985,102087336,TSS,True,38,214
ENSG00000140105.17,chr14,100361921,100376259,ES,False,12,106
ENSG00000140105.17,chr14,100369258,100375282,ES,False,149,180
ENSG00000140105.17,chr14,100376259,100376343,TSS,True,243,349
ENSG00000140105.17,chr14,100375282,100375628,TSS,True,157,349
ENSG00000126777.17,chr14,55580354,55612018,ES,False,79,100
ENSG00000126777.17,chr14,55661612,55667240,ES,False,65,107
ENSG00000126777.17,chr14,55673012,55675834,ES,False,72,108
ENSG00000072042.12,chr14,67695629,67695774,TSS,True,49,128
ENSG00000129474.15,chr14,22981260,22982631,TSS,True,19,107
ENSG00000129474.15,chr14,22976644,22977790,TSS,True,95,107
ENSG00000075413.17,chr14,103492034,103502881,ES,False,23,102
ENSG00000134686.18,chr1,33349596,33349941,TSS,True,13,103
ENSG00000160691.18,chr1,154962283,154963931,PAS,False,19,102
ENSG00000160691.18,chr1,154962286,154962594,PAS,True,92,109
ENSG00000160691.18,chr1,154970031,154972606,TSS,True,18,109
ENSG00000060718.21,chr1,102876467,102878165,PAS,True,34,273
ENSG00000060718.21,chr1,103071493,103074780,PAS,True,114,130
ENSG00000060718.21,chr1,103108072,103108641,TSS,True,145,274
ENSG00000169231.13,chr1,155201004,155201416,ES,False,12,115
ENSG00000169231.13,chr1,155207797,155209114,TSS,True,13,117
ENSG00000132128.16,chr1,46303123,46303379,TSS,True,18,132
ENSG00000090273.13,chr1,26921700,26921929,TSS,False,25,113
ENSG00000090273.13,chr1,26945642,26945686,TSS,True,92,113
ENSG00000188976.10,chr1,944800,945056,5AS,False,103,179
ENSG00000143753.12,chr1,224183201,224183418,TSS,True,34,108
ENSG00000153187.19,chr1,244862730,244863673,5AS,False,152,255
ENSG00000153187.19,chr1,244863673,244864567,TSS,True,110,263
ENSG00000153187.19,chr1,244863616,244864545,TSS,True,160,263
ENSG00000162458.12,chr1,15758848,15764495,3AS,False,77,152
ENSG00000162458.12,chr1,15764547,15764963,5AS,False,45,157
ENSG00000162458.12,chr1,15758727,15758848,TSS,True,28,180
ENSG00000004487.16,chr1,23030634,23050386,ES,False,112,196
ENSG00000126709.14,chr1,27668535,27669244,5AS,False,468,558
ENSG00000143761.15,chr1,228082667,228082765,TSS,True,57,440
ENSG00000174307.6,chr1,201468340,201469208,TSS,True,13,112
ENSG00000117385.15,chr1,42746852,42747271,5AS,False,161,203
ENSG00000157916.19,chr1,2391958,2395783,ES,False,99,113
ENSG00000157916.19,chr1,2391762,2391958,TSS,True,26,140
ENSG00000117335.19,chr1,207767195,207767778,ES,False,95,107
ENSG00000117335.19,chr1,207785682,207793518,ES,False,61,129
ENSG00000143742.12,chr1,225783368,225789239,ES,False,86,110
ENSG00000009307.15,chr1,114736855,114737962,ES,False,296,345
ENSG00000142864.14,chr1,67424277,67424887,3AS,False,116,154
ENSG00000142864.14,chr1,67424959,67425082,3AS,False,74,155
ENSG00000158710.14,chr1,159925449,159925570,TSS,True,16,152
ENSG00000155366.16,chr1,112703806,112707077,ES,False,140,215
ENSG00000155366.16,chr1,112707077,112707369,TSS,False,37,252
ENSG00000142676.14,chr1,23691829,23692611,3AS,False,20,134
ENSG00000142676.14,chr1,23691780,23691829,TSS,False,15,149
ENSG00000078369.17,chr1,1825499,1890819,ES,False,46,254
ENSG00000078369.17,chr1,1890819,1891427,TSS,True,36,291
ENSG00000221978.11,chr1,1385709,1387582,PAS,True,19,115
ENSG00000142871.16,chr1,85580756,85581047,TSS,False,23,141
ENSG00000119280.16,chr1,230868179,230868573,TSS,True,17,129
ENSG00000117859.18,chr1,51750195,51760689,ES,False,31,107
ENSG00000117859.18,chr1,51617067,51617221,TSS,True,71,114
ENSG00000117859.18,chr1,51729793,51730124,TSS,True,64,114
ENSG00000117859.18,chr1,51729814,51730001,TSS,True,99,114
ENSG00000142937.11,chr1,44775522,44775600,TSS,True,20,118
ENSG00000142937.11,chr1,44775558,44776140,TSS,True,103,118
ENSG00000117394.21,chr1,42958633,42958934,TSS,True,41,266
ENSG00000163399.15,chr1,116373181,116373523,TSS,True,16,113
ENSG00000198492.15,chr1,28736478,28737147,TSS,True,13,108
ENSG00000083444.16,chr1,11934647,11934855,TSS,True,28,212
ENSG00000065978.18,chr1,42682425,42682731,TSS,True,14,132
ENSG00000122406.13,chr1,92831989,92832117,TSS,False,158,235
ENSG00000122406.13,chr1,92837516,92837633,TSS,True,86,235
ENSG00000125944.19,chr1,23318688,23321527,3AS,False,94,115
ENSG00000125944.19,chr1,23323732,23337753,ES,False,12,110
ENSG00000125944.19,chr1,23338608,23344210,ES,False,79,113
ENSG00000160789.19,chr1,156137653,156140079,PAS,True,112,381
ENSG00000160789.19,chr1,156139079,156140087,PAS,True,272,382
ENSG00000131236.16,chr1,40040783,40059333,5AS,False,61,217
ENSG00000131236.16,chr1,40040783,40059336,3AS,False,115,176
ENSG00000131236.16,chr1,40040783,40059336,5AS,False,115,426
ENSG00000131236.16,chr1,40040783,40059336,IR,False,115,271
ENSG00000131236.16,chr1,40040801,40059336,3AS,False,300,456
ENSG00000131236.16,chr1,40059458,40060069,3AS,False,70,677
ENSG00000131236.16,chr1,40040240,40040801,TSS,True,222,689
ENSG00000131236.16,chr1,40040243,40040783,TSS,True,509,689
ENSG00000143774.16,chr1,228147699,228148664,ES,False,23,119
ENSG00000143774.16,chr1,228140225,228140363,TSS,True,13,125
ENSG00000196923.13,chr5,177482862,177483730,PAS,True,41,385
ENSG00000196923.13,chr5,177497527,177497637,TSS,True,67,386
ENSG00000113070.7,chr5,140346282,140346607,TSS,False,38,137
ENSG00000113070.7,chr5,140334657,140334750,TSS,True,114,137
ENSG00000113140.10,chr5,151686864,151687036,TSS,True,700,3644
ENSG00000120708.16,chr5,136028853,136029189,TSS,True,147,527
ENSG00000213585.10,chr5,133993015,134004646,3AS,False,38,227
ENSG00000153113.23,chr5,96722698,96727488,ES,False,83,143
ENSG00000153113.23,chr5,96727530,96729611,ES,False,27,144
ENSG00000153113.23,chr5,96762372,96765223,3AS,False,34,150
ENSG00000153113.23,chr5,96662077,96662497,TSS,True,83,156
ENSG00000153113.23,chr5,96662941,96663166,TSS,True,111,156
ENSG00000153113.23,chr5,96702645,96702915,TSS,True,127,155
ENSG00000131446.16,chr5,180802679,180802855,TSS,True,23,155
ENSG00000113648.16,chr5,135399061,135399382,TSS,True,13,105
ENSG00000113328.18,chr5,163437664,163437764,IR,False,65,229
ENSG00000113328.18,chr5,163437578,163437804,TSS,True,71,232
ENSG00000113328.18,chr5,163437594,163437664,TSS,True,167,232
ENSG00000145907.14,chr5,151772036,151786602,3AS,False,45,174
ENSG00000145907.14,chr5,151771913,151772036,TSS,True,24,198
ENSG00000164294.13,chr5,55160152,55160243,TSS,True,77,101
ENSG00000164294.13,chr5,55160169,55160396,TSS,True,31,101
ENSG00000122203.14,chr5,176361601,176361814,TSS,True,20,132
ENSG00000113712.17,chr5,149496860,149505482,5AS,False,49,127
ENSG00000164405.10,chr5,132866585,132866687,TSS,True,178,245
ENSG00000145730.20,chr5,102961229,102990271,ES,False,52,162
ENSG00000145730.20,chr5,103019843,103025133,3AS,False,13,102
ENSG00000145730.20,chr5,102755028,102755348,TSS,False,56,165
ENSG00000145730.20,chr5,102865497,102866284,TSS,True,115,165
ENSG00000044115.20,chr5,138753379,138753510,TSS,True,54,288
ENSG00000072682.18,chr5,132218644,132227789,ES,False,185,235
ENSG00000072682.18,chr5,132227789,132227891,TSS,False,43,278
ENSG00000161011.19,chr5,179807003,179807123,TSS,True,119,139
ENSG00000161011.19,chr5,179820881,179821141,TSS,True,37,138
ENSG00000113758.13,chr5,177473435,177473746,TSS,True,28,189
ENSG00000164587.12,chr5,150449702,150449742,TSS,False,62,332
ENSG00000127022.14,chr5,179698902,179699102,TSS,True,58,354
ENSG00000015479.18,chr5,139293607,139293805,TSS,True,32,123
ENSG00000015479.18,chr5,139293749,139294028,TSS,True,106,123
ENSG00000171604.11,chr5,139647831,139648845,TSS,True,60,283
ENSG00000171604.11,chr5,139648925,139649009,TSS,True,238,283
ENSG00000124762.13,chr6,36678709,36678798,TSS,True,100,755
ENSG00000137309.19,chr6,34240882,34242711,5AS,False,23,103
ENSG00000137309.19,chr6,34236837,34236963,TSS,False,66,150
ENSG00000137309.19,chr6,34236856,34237317,TSS,True,133,150
ENSG00000234745.10,chr6,31357085,31357218,TSS,True,32,271
ENSG00000135316.17,chr6,85640564,85642796,ES,False,25,119
ENSG00000135316.17,chr6,85607002,85612923,PAS,True,92,136
ENSG00000135316.17,chr6,85611321,85615347,PAS,True,56,135
ENSG00000135316.17,chr6,85642796,85643330,TSS,True,20,138
ENSG00000112715.21,chr6,43778918,43784540,ES,False,61,104
ENSG00000198755.10,chr6,35468322,35468439,TSS,False,15,141
ENSG00000092820.17,chr6,158819316,158819418,TSS,True,92,243
ENSG00000092820.17,chr6,158818081,158818419,TSS,True,175,243
ENSG00000156508.17,chr6,73520999,73521033,TSS,False,183,844
ENSG00000277443.2,chr6,113857344,113857847,TSS,False,39,256
ENSG00000137409.19,chr6,36970694,36972702,5AS,False,216,489
ENSG00000124783.13,chr6,7313041,7313316,TSS,True,23,113
ENSG00000124783.13,chr6,7301309,7301400,TSS,True,98,113
ENSG00000137267.5,chr6,3157406,3157547,TSS,False,37,299
ENSG00000131165.14,chr16,89657581,89657726,TSS,True,45,135
ENSG00000205937.11,chr16,2268054,2268391,TSS,False,32,128
ENSG00000102900.12,chr16,56730074,56730211,TSS,True,32,119
ENSG00000134419.15,chr16,18789118,18790309,5AS,True,123,141
ENSG00000134419.15,chr16,18790309,18790336,TSS,False,50,173
ENSG00000134419.15,chr16,18790243,18790335,TSS,False,155,173
ENSG00000069329.17,chr16,46689130,46689199,TSS,False,21,160
ENSG00000069329.17,chr16,46683507,46683608,TSS,True,140,159
ENSG00000103495.13,chr16,29806339,29806893,TSS,True,49,101
ENSG00000103495.13,chr16,29806687,29808293,TSS,True,72,101
ENSG00000103495.13,chr16,29806546,29807828,TSS,False,89,101
ENSG00000103342.12,chr16,11896782,11897839,3AS,False,25,163
ENSG00000050820.16,chr16,75243090,75251470,5AS,True,90,102
ENSG00000050820.16,chr16,75251470,75251719,TSS,True,141,231
ENSG00000050820.16,chr16,75265824,75266014,TSS,True,179,232
ENSG00000050820.16,chr16,75242469,75243091,TSS,True,181,231
ENSG00000065427.14,chr16,75647577,75648662,TSS,True,23,109
ENSG00000065427.14,chr16,75628568,75628614,TSS,True,94,108
ENSG00000258947.6,chr16,89923321,89923458,TSS,True,29,152
ENSG00000167526.13,chr16,89560649,89560712,TSS,False,53,284
ENSG00000167526.13,chr16,89560681,89561063,TSS,True,235,284
ENSG00000103202.12,chr16,397174,397313,TSS,True,40,101
ENSG00000149923.13,chr16,30076094,30076314,5AS,False,108,133
ENSG00000149923.13,chr16,30075971,30076094,TSS,True,33,140
ENSG00000149923.13,chr16,30075980,30076100,TSS,True,116,140
ENSG00000129925.10,chr16,381700,382008,TSS,True,19,100
ENSG00000184110.14,chr16,28711448,28711518,TSS,True,96,473
ENSG00000184110.14,chr16,28711453,28711787,TSS,True,422,473
ENSG00000103257.8,chr16,87868884,87869508,TSS,False,141,290
ENSG00000103187.7,chr16,84617837,84618094,TSS,True,38,358
ENSG00000140988.15,chr16,1964448,1964826,TSS,True,1092,1252
ENSG00000140988.15,chr16,1964806,1964828,TSS,True,440,1252
ENSG00000140988.15,chr16,1962735,1962772,TSS,True,990,1252
ENSG00000140859.15,chr16,57758909,57759727,ES,False,32,100
ENSG00000140859.15,chr16,57772288,57794998,ES,False,94,106
ENSG00000140859.15,chr16,57802369,57802710,TSS,True,19,116
ENSG00000230989.6,chr16,83807968,83808121,TSS,False,21,117
ENSG00000103363.14,chr16,2776992,2777242,TSS,True,78,109
ENSG00000103363.14,chr16,2777236,2777295,TSS,True,31,109
ENSG00000118680.13,chr18,3262132,3262237,TSS,False,104,222
ENSG00000133313.14,chr18,74496431,74499936,3AS,False,43,119
ENSG00000133313.14,chr18,74496269,74496431,TSS,True,20,141
ENSG00000101608.12,chr18,3247784,3247909,TSS,True,43,288
ENSG00000265681.7,chr18,49492457,49492487,TSS,True,61,189
ENSG00000265681.7,chr18,49491531,49492479,TSS,True,170,189
ENSG00000265681.7,chr18,49492274,49492467,TSS,True,168,189
ENSG00000134440.11,chr18,57620648,57621707,3AS,False,44,234
ENSG00000170558.8,chr18,28176962,28178071,TSS,False,12,104
ENSG00000123562.16,chrX,103678600,103685170,ES,False,93,113
ENSG00000123562.16,chrX,103678600,103685170,3AS,False,93,154
ENSG00000123562.16,chrX,103686630,103686934,TSS,True,20,180
ENSG00000147140.15,chrX,71283721,71290628,ES,False,15,113
ENSG00000147140.15,chrX,71283582,71283721,TSS,True,16,130
ENSG00000198918.7,chrX,119791573,119791631,TSS,False,31,113
ENSG00000196924.15,chrX,154355072,154357433,ES,False,55,120
ENSG00000196924.15,chrX,154370872,154371356,TSS,True,260,292
ENSG00000179222.17,chrX,51893605,51893755,TSS,True,63,332
ENSG00000102038.15,chrX,129447233,129448332,5AS,True,131,147
ENSG00000102038.15,chrX,129447233,129448332,3AS,True,131,148
ENSG00000102038.15,chrX,129492093,129496749,ES,False,53,162
ENSG00000102038.15,chrX,129446400,129447233,PAS,True,20,167
ENSG00000102038.15,chrX,129446401,129447301,PAS,True,147,167
ENSG00000185825.16,chrX,153724333,153724437,TSS,False,53,172
ENSG00000185825.16,chrX,153723507,153724354,TSS,True,152,172
ENSG00000185825.16,chrX,153703958,153705217,TSS,True,154,172
ENSG00000169100.13,chrX,1391898,1392911,TSS,True,96,299
ENSG00000102024.17,chrX,115561106,115561260,TSS,True,90,480
ENSG00000102024.17,chrX,115593273,115593632,TSS,True,408,480
ENSG00000102316.16,chrX,54815678,54815880,IR,True,13,117
ENSG00000102316.16,chrX,54815690,54815880,IR,True,458,562
ENSG00000102316.16,chrX,54807596,54807802,TSS,True,156,579
ENSG00000102316.16,chrX,54815880,54816059,PAS,False,105,579
ENSG00000102316.16,chrX,54815247,54817069,PAS,True,476,578
ENSG00000005893.15,chrX,120428045,120431462,PAS,True,95,200
ENSG00000005893.15,chrX,120436493,120439293,PAS,True,108,199
ENSG00000102401.19,chrX,101623125,101623430,TSS,True,83,100
ENSG00000102401.19,chrX,101623112,101623276,TSS,True,26,100
ENSG00000134871.18,chr13,110307021,110307528,TSS,True,239,344
ENSG00000187498.15,chr13,110306943,110307669,TSS,True,232,430
ENSG00000150403.17,chr13,113539507,113548302,ES,True,15,113
ENSG00000120686.11,chr13,38349813,38349921,TSS,True,17,108
ENSG00000132963.7,chr13,28659093,28659187,TSS,False,80,169
ENSG00000105993.14,chr7,157385540,157386324,PAS,True,121,178
ENSG00000105993.14,chr7,157416015,157417440,PAS,True,57,178
ENSG00000122566.21,chr7,26192338,26192494,IR,False,131,153
ENSG00000122566.21,chr7,26197732,26200571,ES,False,101,123
ENSG00000122566.21,chr7,26189657,26190460,PAS,False,149,183
ENSG00000122566.21,chr7,26190124,26192338,PAS,True,49,181
ENSG00000122566.21,chr7,26200571,26201617,TSS,True,59,184
ENSG00000122566.21,chr7,26192494,26192579,TSS,True,133,182
ENSG00000105974.11,chr7,116524979,116525092,TSS,True,270,386
ENSG00000105974.11,chr7,116526328,116526689,TSS,True,160,386
ENSG00000164692.17,chr7,94394693,94395101,TSS,True,1084,5582
ENSG00000164889.13,chr7,151059561,151059762,TSS,True,55,148
ENSG00000128591.15,chr7,128830296,128830989,TSS,True,111,127
ENSG00000128595.16,chr7,128748804,128758870,ME,False,163,937
ENSG00000086232.12,chr7,6042990,6044561,3AS,True,15,103
ENSG00000164828.17,chr7,815868,816673,TSS,True,43,101
ENSG00000159840.15,chr7,143381409,143381559,3AS,True,112,228
ENSG00000159840.15,chr7,143380384,143381409,TSS,False,41,270
ENSG00000106682.14,chr7,74189918,74194740,ES,False,207,250
ENSG00000106263.17,chr7,2379511,2380278,3AS,False,106,271
ENSG00000106263.17,chr7,2380203,2380748,PAS,True,152,314
ENSG00000106263.17,chr7,2380278,2380746,PAS,False,209,314
ENSG00000091136.13,chr7,108002848,108003158,TSS,True,84,100
ENSG00000091136.13,chr7,108003110,108003326,TSS,False,52,100
ENSG00000106366.8,chr7,101127098,101127244,TSS,False,128,865
ENSG00000122786.19,chr7,134965386,134968553,3AS,False,79,459
ENSG00000122786.19,chr7,134779389,134779749,TSS,True,53,488
ENSG00000122786.19,chr7,134968339,134970728,PAS,True,92,470
ENSG00000122786.19,chr7,134968553,134970723,PAS,True,410,488
ENSG00000106052.13,chr7,27800090,27827737,ES,True,15,138
ENSG00000106052.13,chr7,27816394,27816889,5AS,False,100,124
ENSG00000088832.16,chr20,1369039,1369771,IR,False,35,132
ENSG00000088832.16,chr20,1368976,1370072,PAS,True,41,137
ENSG00000088832.16,chr20,1368977,1369039,PAS,True,102,139
ENSG00000125868.15,chr20,17569786,17570211,TSS,True,83,400
ENSG00000100991.11,chr20,35021332,35035122,3AS,False,79,230
ENSG00000100994.11,chr20,25248012,25248421,TSS,False,27,266
ENSG00000130706.12,chr20,62303781,62306196,ES,False,14,134
ENSG00000130706.12,chr20,62302936,62303049,TSS,False,15,141
ENSG00000131051.22,chr20,35709256,35713018,3AS,False,50,101
ENSG00000101198.14,chr20,63240778,63241506,PAS,True,23,110
ENSG00000101198.14,chr20,63240783,63244084,PAS,True,95,106
ENSG00000101198.14,chr20,63254396,63254625,TSS,False,26,110
ENSG00000087460.24,chr20,58895684,58903527,ES,False,191,301
ENSG00000087460.24,chr20,58895684,58903530,ES,False,94,682
ENSG00000087460.24,chr20,58895684,58903530,3AS,False,94,395
ENSG00000087460.24,chr20,58898985,58903530,3AS,False,592,703
ENSG00000166913.12,chr20,44885886,44901530,ES,False,174,205
ENSG00000101150.17,chr20,63873816,63882718,ES,False,34,107
ENSG00000101182.14,chr20,62139074,62139185,TSS,True,116,184
ENSG00000101182.14,chr20,62143207,62143457,TSS,True,71,184
ENSG00000100997.18,chr20,25300197,25300884,PAS,True,22,150
ENSG00000168036.17,chr3,41239354,41239818,3AS,False,67,100
ENSG00000168036.17,chr3,41199199,41199670,TSS,True,18,148
ENSG00000168036.17,chr3,41239659,41240446,PAS,True,112,141
ENSG00000168036.17,chr3,41239133,41240445,PAS,True,116,141
ENSG00000168036.17,chr3,41239818,41240452,PAS,True,79,148
ENSG00000047849.21,chr3,47853162,47853298,TSS,True,72,131
ENSG00000170017.12,chr3,105550259,105552467,ES,False,12,103
ENSG00000057019.15,chr3,98795966,98799841,PAS,True,30,111
ENSG00000057019.15,chr3,98901121,98901734,TSS,True,30,119
ENSG00000081154.11,chr3,101574279,101579841,3AS,False,47,104
ENSG00000017260.19,chr3,130893964,130894337,TSS,True,16,101
ENSG00000017260.19,chr3,131001219,131003154,PAS,True,40,100
ENSG00000017260.19,chr3,131016151,131016759,PAS,True,64,100
ENSG00000168028.13,chr3,39406705,39406764,TSS,False,26,100
ENSG00000168028.13,chr3,39409960,39411777,TSS,True,87,100
ENSG00000114354.13,chr3,100736704,100744832,5AS,False,22,110
ENSG00000114354.13,chr3,100709362,100709721,TSS,False,17,111
ENSG00000168268.10,chr3,52533505,52533816,TSS,True,35,128
ENSG00000168268.10,chr3,52527828,52527929,TSS,True,99,128
ENSG00000170266.15,chr3,33097010,33097408,TSS,True,24,152
ENSG00000008952.16,chr3,169982706,169982885,PAS,True,102,115
ENSG00000008952.16,chr3,169992593,169996465,PAS,True,17,115
ENSG00000134107.4,chr3,4979426,4979798,TSS,True,25,123
ENSG00000169714.16,chr3,129171277,129171445,3AS,False,107,156
ENSG00000169714.16,chr3,129171538,129171654,5AS,False,69,148
ENSG00000071282.11,chr3,8567439,8569980,PAS,True,38,126
ENSG00000071282.11,chr3,8548567,8550677,PAS,False,104,119
ENSG00000071282.11,chr3,8549873,8551274,PAS,False,107,125
ENSG00000156976.16,chr3,186783639,186784431,3AS,False,81,118
ENSG00000156976.16,chr3,186784696,186785882,ES,False,41,117
ENSG00000156976.16,chr3,186789124,186789901,PAS,True,33,125
ENSG00000156976.16,chr3,186788309,186789901,PAS,False,112,125
ENSG00000156976.16,chr3,186787802,186790270,PAS,True,108,125
ENSG00000161203.13,chr3,184180251,184180848,3AS,True,98,651
ENSG00000164054.15,chr3,48504018,48504380,TSS,False,165,218
ENSG00000164054.15,chr3,48473009,48473208,TSS,True,81,218
ENSG00000058262.9,chr3,128052302,128052559,TSS,False,55,291
ENSG00000174748.20,chr3,23917129,23917173,TSS,False,83,419
ENSG00000157020.17,chr3,10321049,10321188,TSS,True,20,108
ENSG00000157020.17,chr3,10320508,10321075,TSS,True,97,108
ENSG00000175166.16,chr3,184299151,184299401,TSS,False,87,819
ENSG00000163527.9,chr3,31532160,31533312,TSS,True,11,103
ENSG00000091986.15,chr3,112640326,112641299,TSS,True,26,125
ENSG00000091986.15,chr3,112638027,112639748,TSS,False,112,125
ENSG00000182899.16,chr3,197950181,197950221,TSS,True,63,178
ENSG00000182899.16,chr3,197950205,197950299,TSS,True,148,178
ENSG00000182899.16,chr3,197954052,197954147,TSS,True,154,177
