gene,chr,start,end,splice_type,novel,astrocyte_ENCFF319FBW_in_cov,astrocyte_ENCFF319FBW_total_cov
ENSG00000186866.16,chr21,45287740,45288298,TSS,True,17,166
ENSG00000142168.14,chr21,31659625,31659841,TSS,True,26,165
ENSG00000159200.17,chr21,34614759,34615247,TSS,True,227,259
ENSG00000159200.17,chr21,34526662,34526958,TSS,True,40,259
ENSG00000141959.16,chr21,44299728,44300190,TSS,True,46,291
ENSG00000159131.16,chr21,33503182,33504315,PAS,True,44,110
ENSG00000159131.16,chr21,33524004,33525000,PAS,True,69,108
ENSG00000159131.16,chr21,33542064,33543459,TSS,True,12,110
ENSG00000160200.17,chr21,43075769,43075902,TSS,True,34,248
ENSG00000160310.17,chr21,46635763,46636895,ES,False,78,153
ENSG00000160310.17,chr21,46635617,46635763,TSS,True,30,189
ENSG00000160310.17,chr21,46649574,46650529,PAS,True,149,169
ENSG00000160310.17,chr21,46664294,46665698,PAS,True,86,190
ENSG00000160310.17,chr21,46658744,46661269,PAS,True,141,183
ENSG00000160209.18,chr21,43719070,43719381,TSS,True,23,140
ENSG00000182871.14,chr21,45505431,45505837,3AS,False,534,636
ENSG00000182871.14,chr21,45405114,45405241,TSS,False,307,722
ENSG00000157601.13,chr21,41426040,41426263,TSS,True,107,686
ENSG00000154734.14,chr21,26844224,26845409,TSS,False,26,140
ENSG00000142192.20,chr21,25880549,25881771,PAS,True,16,130
ENSG00000142192.20,chr21,26170563,26170820,TSS,True,55,156
ENSG00000154723.12,chr21,25734852,25734925,TSS,True,18,103
ENSG00000142173.14,chr21,46097844,46098173,TSS,True,88,301
ENSG00000142173.14,chr21,46131953,46132850,PAS,False,47,301
ENSG00000142173.14,chr21,46129195,46132849,PAS,True,265,297
ENSG00000205581.10,chr21,39348902,39349152,TSS,True,17,156
ENSG00000222041.11,chr2,87455422,87455645,TSS,True,23,110
ENSG00000138413.13,chr2,208254938,208255143,TSS,True,32,253
ENSG00000143977.13,chr2,70293617,70293740,TSS,True,19,109
ENSG00000115233.11,chr2,161308407,161308604,TSS,False,13,113
ENSG00000198380.12,chr2,69387064,69387284,TSS,True,20,183
ENSG00000204843.12,chr2,74391793,74392075,TSS,False,79,219
ENSG00000115461.4,chr2,216694438,216695549,TSS,True,123,159
ENSG00000196141.13,chr2,200419496,200440648,ES,False,116,329
ENSG00000196141.13,chr2,200306075,200306601,TSS,True,300,348
ENSG00000196141.13,chr2,200306553,200306922,TSS,True,77,348
ENSG00000138385.15,chr2,169798800,169798976,TSS,True,17,150
ENSG00000115963.13,chr2,150487455,150487548,IR,False,59,139
ENSG00000115963.13,chr2,150487267,150487666,TSS,True,60,140
ENSG00000115963.13,chr2,150487548,150487777,TSS,True,80,140
ENSG00000172965.15,chr2,111429313,111429620,PAS,True,27,123
ENSG00000172965.15,chr2,111494884,111495118,TSS,True,22,130
ENSG00000204262.12,chr2,189179507,189180073,TSS,True,185,318
ENSG00000065911.11,chr2,74198742,74205704,ES,True,253,309
ENSG00000176720.5,chr2,241562476,241572296,ES,True,15,144
ENSG00000176720.5,chr2,241558697,241558993,TSS,False,28,160
ENSG00000082153.17,chr2,200811559,200811990,TSS,True,47,438
ENSG00000077232.17,chr2,182732542,182740298,ES,False,25,124
ENSG00000115694.14,chr2,241501708,241508442,ES,False,28,130
ENSG00000115694.14,chr2,241508135,241508504,5AS,False,27,130
ENSG00000115694.14,chr2,241508005,241508623,TSS,True,175,344
ENSG00000115694.14,chr2,241508442,241508635,TSS,True,213,344
ENSG00000168385.17,chr2,241315982,241324215,ES,False,698,784
ENSG00000168385.17,chr2,241315861,241315982,TSS,True,101,896
ENSG00000115419.12,chr2,190880798,190881470,TSS,True,11,102
ENSG00000115677.16,chr2,241315101,241315254,TSS,True,596,690
ENSG00000115677.16,chr2,241272760,241272937,TSS,True,333,690
ENSG00000115677.16,chr2,241315569,241315846,TSS,True,612,690
ENSG00000115307.16,chr2,74528935,74529131,IR,False,82,105
ENSG00000115307.16,chr2,74529579,74530268,TSS,True,14,115
ENSG00000071082.10,chr2,101002260,101002315,TSS,True,147,327
ENSG00000071082.10,chr2,101002291,101002808,TSS,True,208,327
ENSG00000152082.13,chr2,130181696,130182452,TSS,True,14,107
ENSG00000170035.15,chr2,180980359,180980973,TSS,True,34,101
ENSG00000170035.15,chr2,180981038,180981385,TSS,False,80,101
ENSG00000169764.15,chr2,63840947,63841232,TSS,True,252,314
ENSG00000169764.15,chr2,63841330,63842204,TSS,True,75,314
ENSG00000115380.19,chr2,55922447,55923710,ES,False,126,168
ENSG00000115380.19,chr2,55923710,55923931,TSS,True,28,197
ENSG00000114942.13,chr2,206159580,206159684,TSS,True,132,164
ENSG00000114942.13,chr2,206159602,206160059,TSS,True,35,164
ENSG00000063660.8,chr2,240435349,240436084,TSS,False,76,520
ENSG00000115216.13,chr2,27428731,27433253,3AS,False,17,151
ENSG00000123983.13,chr2,222861258,222908732,ES,False,17,149
ENSG00000123983.13,chr2,222887888,222908732,ES,False,75,132
ENSG00000115762.16,chr2,131132991,131140166,5AS,False,119,145
ENSG00000115762.16,chr2,131132991,131140169,3AS,False,15,134
ENSG00000115524.15,chr2,197434971,197435113,TSS,True,49,185
ENSG00000115524.15,chr2,197392971,197393132,TSS,True,155,181
ENSG00000130414.11,chr2,240025226,240025394,TSS,True,17,110
ENSG00000068912.13,chr2,53801842,53809213,ES,False,23,144
ENSG00000143947.13,chr2,55232655,55232708,TSS,True,108,398
ENSG00000143947.13,chr2,55232687,55232872,TSS,True,306,398
ENSG00000168542.14,chr2,188974188,188974568,TSS,True,112,677
ENSG00000163359.15,chr2,237334625,237334820,TSS,False,86,185
ENSG00000034510.5,chr2,84905651,84905718,TSS,False,1389,3041
ENSG00000034510.5,chr2,84905817,84906117,TSS,True,1672,3041
ENSG00000115129.13,chr2,24084730,24085052,TSS,True,89,123
ENSG00000115129.13,chr2,24084188,24084978,TSS,True,90,123
ENSG00000134308.13,chr2,9630940,9631046,TSS,False,155,565
ENSG00000134308.13,chr2,9630158,9630765,TSS,True,423,565
ENSG00000135919.12,chr2,223980397,223982680,3AS,False,429,516
ENSG00000123989.13,chr2,219543224,219543902,TSS,True,51,353
ENSG00000136536.14,chr2,159712606,159729008,5AS,False,37,111
ENSG00000136536.14,chr2,159762993,159767283,ES,False,12,118
ENSG00000136536.14,chr2,159712209,159712661,TSS,True,47,122
ENSG00000136536.14,chr2,159712174,159712606,TSS,True,80,122
ENSG00000154518.9,chr2,175181655,175181711,TSS,False,19,156
ENSG00000152518.7,chr2,43226264,43226606,TSS,False,30,111
ENSG00000115641.18,chr2,105398969,105399080,TSS,True,78,110
ENSG00000115641.18,chr2,105398841,105399078,TSS,True,38,110
ENSG00000115414.18,chr2,215372015,215372108,IR,False,3469,4763
ENSG00000115414.18,chr2,215372015,215373321,ES,False,426,3855
ENSG00000115414.18,chr2,215372015,215373321,3AS,False,426,1719
ENSG00000115414.18,chr2,215379317,215382211,ES,False,490,4593
ENSG00000115414.18,chr2,215391814,215394527,ES,False,1726,3902
ENSG00000115414.18,chr2,215394527,215394723,TSS,True,3963,5542
ENSG00000115414.18,chr2,215435654,215436121,TSS,True,3815,5745
ENSG00000144118.13,chr2,120252980,120278617,3AS,False,60,103
ENSG00000144118.13,chr2,120252755,120252980,TSS,True,16,122
ENSG00000144118.13,chr2,120278613,120278778,TSS,True,108,122
ENSG00000130508.10,chr2,1648171,1649673,TSS,True,119,170
ENSG00000130508.10,chr2,1744255,1744568,TSS,True,108,174
ENSG00000115415.18,chr2,190968991,190970717,PAS,True,120,569
ENSG00000115415.18,chr2,190975533,190975887,PAS,True,455,566
ENSG00000138448.11,chr2,186589809,186590523,TSS,True,49,302
ENSG00000119777.19,chr2,27032901,27033166,TSS,True,20,111
ENSG00000119013.8,chr2,201071991,201072059,TSS,True,87,142
ENSG00000054356.13,chr2,219309217,219309425,TSS,True,54,114
ENSG00000054356.13,chr2,219297884,219298097,TSS,True,92,114
ENSG00000197756.9,chr2,216498814,216498877,TSS,True,64,304
ENSG00000197756.9,chr2,216498869,216499398,TSS,True,251,304
ENSG00000077380.15,chr2,171687433,171687627,TSS,True,41,131
ENSG00000077380.15,chr2,171687620,171687873,TSS,True,95,131
ENSG00000077380.15,chr2,171747775,171749697,PAS,True,14,129
ENSG00000115884.10,chr2,20224801,20225140,TSS,True,33,136
ENSG00000120992.17,chr8,54101754,54102030,TSS,True,22,175
ENSG00000156467.9,chr8,96235511,96235629,TSS,True,27,106
ENSG00000155096.13,chr8,102843747,102858012,ES,False,69,109
ENSG00000164687.10,chr8,81280532,81280674,TSS,False,83,182
ENSG00000164687.10,chr8,81283927,81283974,TSS,True,107,182
ENSG00000019549.11,chr8,48921186,48921431,TSS,True,21,140
ENSG00000104341.16,chr8,97775787,97776108,TSS,True,60,297
ENSG00000104723.20,chr8,15540210,15540568,TSS,True,13,101
ENSG00000104723.20,chr8,15743554,15743612,TSS,True,88,100
ENSG00000147677.10,chr8,116755665,116755843,TSS,True,13,112
ENSG00000198363.17,chr8,61638360,61642887,3AS,False,23,117
ENSG00000198363.17,chr8,61499796,61503509,PAS,True,92,124
ENSG00000198363.17,chr8,61623699,61626280,PAS,True,44,121
ENSG00000120913.23,chr8,22579087,22579527,TSS,True,58,161
ENSG00000120913.23,chr8,22586570,22589374,TSS,True,125,161
ENSG00000169398.19,chr8,140864399,140890542,ES,False,21,101
ENSG00000169398.19,chr8,141001124,141001674,TSS,True,37,124
ENSG00000169398.19,chr8,141000879,141001122,TSS,True,107,124
ENSG00000168487.18,chr8,22197420,22201802,3AS,False,161,183
ENSG00000168487.18,chr8,22164896,22165553,TSS,True,151,665
ENSG00000168487.18,chr8,22201117,22201482,PAS,True,190,621
ENSG00000168487.18,chr8,22211593,22212326,PAS,True,442,641
ENSG00000134013.15,chr8,23403953,23404194,TSS,True,115,776
ENSG00000161016.17,chr8,144792365,144792428,TSS,False,133,462
ENSG00000161016.17,chr8,144791991,144792215,TSS,True,393,462
ENSG00000164733.20,chr8,11853479,11868000,ES,False,659,769
ENSG00000104522.15,chr8,143614453,143614623,IR,False,102,114
ENSG00000104522.15,chr8,143616723,143617473,5AS,False,94,105
ENSG00000104522.15,chr8,143617473,143618177,TSS,False,25,119
ENSG00000185122.10,chr8,144312244,144313510,ES,False,125,146
ENSG00000077782.20,chr8,38467980,38468832,TSS,True,34,100
ENSG00000179950.13,chr8,143818534,143821596,ES,False,159,287
ENSG00000179950.13,chr8,143821913,143829279,ES,False,52,242
ENSG00000179950.13,chr8,143824396,143829279,3AS,False,23,190
ENSG00000179950.13,chr8,143829279,143829376,TSS,True,65,307
ENSG00000179950.13,chr8,143828983,143829067,TSS,True,276,307
ENSG00000160932.10,chr8,143018586,143020887,3AS,False,76,286
ENSG00000164924.17,chr8,100951928,100952852,TSS,True,188,584
ENSG00000164924.17,chr8,100950405,100950908,TSS,True,519,584
ENSG00000164919.10,chr8,99891907,99892054,TSS,True,140,156
ENSG00000164919.10,chr8,99893638,99893705,TSS,True,27,156
ENSG00000104529.17,chr8,143597347,143598252,TSS,True,27,165
ENSG00000156482.10,chr8,98045507,98045561,TSS,False,39,169
ENSG00000156482.10,chr8,98045346,98045513,TSS,True,142,169
ENSG00000154582.16,chr8,73972076,73972286,TSS,True,51,127
ENSG00000154582.16,chr8,73972244,73972296,TSS,True,87,127
ENSG00000104763.18,chr8,18056296,18057623,PAS,True,14,133
ENSG00000104763.18,chr8,18063470,18067298,PAS,True,118,132
ENSG00000179632.9,chr8,144103871,144104858,TSS,True,11,103
ENSG00000120889.12,chr8,23028441,23028528,IR,False,81,218
ENSG00000120889.12,chr8,23068750,23069112,TSS,True,32,247
ENSG00000137575.11,chr8,58572314,58575902,3AS,False,48,188
ENSG00000104635.13,chr8,22367230,22367408,TSS,True,25,214
ENSG00000070756.15,chr8,100721390,100722092,TSS,True,85,512
ENSG00000070756.15,chr8,100706650,100706798,TSS,True,453,512
ENSG00000185803.9,chr8,144358554,144359065,TSS,True,24,149
ENSG00000179091.4,chr8,144095054,144095228,TSS,False,17,163
ENSG00000181026.14,chr15,88621258,88621382,TSS,False,45,118
ENSG00000159322.17,chr15,72752892,72755555,3AS,False,52,112
ENSG00000159322.17,chr15,72751294,72752895,PAS,True,58,119
ENSG00000159322.17,chr15,72751294,72752892,PAS,True,65,119
ENSG00000159322.17,chr15,72783245,72783811,TSS,True,109,122
ENSG00000159322.17,chr15,72783458,72783781,TSS,True,19,122
ENSG00000103855.17,chr15,73684201,73684460,TSS,True,44,152
ENSG00000137809.16,chr15,68432014,68432203,TSS,False,55,225
ENSG00000140157.14,chr15,22838921,22851638,ES,False,67,115
ENSG00000140157.14,chr15,22838921,22851638,5AS,False,67,101
ENSG00000140157.14,chr15,22838582,22838947,TSS,True,133,150
ENSG00000140157.14,chr15,22838643,22838921,TSS,True,35,150
ENSG00000140157.14,chr15,22838647,22839174,TSS,True,132,150
ENSG00000182718.16,chr15,60386086,60397942,ME,False,140,156
ENSG00000272888.6,chr15,92882676,92883186,TSS,True,78,101
ENSG00000140416.20,chr15,63042943,63043705,IR,False,91,161
ENSG00000140416.20,chr15,63043831,63056984,5AS,False,85,162
ENSG00000140416.20,chr15,63060939,63062214,ME,False,444,2304
ENSG00000166173.10,chr15,70831571,70833116,PAS,True,12,106
ENSG00000273749.4,chr15,22980286,22980440,TSS,True,24,110
ENSG00000131876.16,chr15,101295096,101295325,TSS,True,60,108
ENSG00000028528.14,chr15,64095898,64096172,TSS,True,12,107
ENSG00000086666.18,chr15,80059654,80059809,TSS,True,56,120
ENSG00000086666.18,chr15,80072548,80072647,TSS,True,97,120
ENSG00000159251.7,chr15,34795505,34795733,TSS,False,178,559
ENSG00000128739.22,chr15,24954852,24955062,TSS,True,56,253
ENSG00000128739.22,chr15,24856512,24856716,TSS,True,216,253
ENSG00000117899.10,chr15,80989578,80989911,TSS,True,11,108
ENSG00000137801.10,chr15,39581076,39581228,TSS,True,101,117
ENSG00000137801.10,chr15,39589784,39590023,TSS,True,74,115
ENSG00000185787.14,chr15,78872781,78873057,TSS,True,69,296
ENSG00000114062.19,chr15,25438488,25439115,TSS,True,48,111
ENSG00000114062.19,chr15,25340084,25340139,TSS,True,70,111
ENSG00000182774.12,chr15,82540425,82540460,TSS,True,60,335
ENSG00000182774.12,chr15,82539980,82540445,TSS,True,297,335
ENSG00000179010.14,chr4,6640708,6640827,IR,False,64,161
ENSG00000179010.14,chr4,6640655,6640708,TSS,False,100,164
ENSG00000179010.14,chr4,6640682,6641258,TSS,True,67,164
ENSG00000152795.17,chr4,82424883,82426036,ES,False,72,102
ENSG00000152795.17,chr4,82424883,82426036,IR,False,72,116
ENSG00000152795.17,chr4,82422746,82424883,PAS,True,64,170
ENSG00000152795.17,chr4,82423203,82426129,PAS,True,102,144
ENSG00000152795.17,chr4,82429247,82430469,TSS,True,41,170
ENSG00000118785.13,chr4,87980126,87981474,ES,False,38,151
ENSG00000071127.16,chr4,10116650,10116986,TSS,True,75,451
ENSG00000154277.12,chr4,41256875,41257020,TSS,True,104,604
ENSG00000154277.12,chr4,41256893,41257009,TSS,True,539,604
ENSG00000109736.14,chr4,2930953,2931060,IR,False,97,117
ENSG00000109736.14,chr4,2929927,2930953,PAS,True,21,118
ENSG00000109736.14,chr4,2929923,2931150,PAS,False,101,118
ENSG00000109736.14,chr4,2933752,2934511,TSS,True,102,121
ENSG00000109736.14,chr4,2934768,2934880,TSS,True,29,121
ENSG00000163069.12,chr4,52038226,52038315,TSS,True,15,133
ENSG00000138801.8,chr4,107720119,107720395,TSS,False,23,156
ENSG00000138801.8,chr4,107719842,107720211,TSS,True,137,156
ENSG00000163682.16,chr4,39458890,39458946,TSS,True,66,187
ENSG00000163682.16,chr4,39458393,39458911,TSS,True,125,187
ENSG00000087274.16,chr4,2905015,2907742,5AS,False,175,197
ENSG00000087274.16,chr4,2843837,2844024,TSS,True,30,220
ENSG00000138758.11,chr4,76949691,76949930,TSS,True,42,268
ENSG00000138758.11,chr4,77030782,77038607,PAS,True,192,234
ENSG00000138758.11,chr4,77034496,77040154,PAS,True,90,235
ENSG00000138758.11,chr4,77039742,77040382,PAS,True,236,268
ENSG00000129116.18,chr4,168630913,168631900,TSS,True,218,259
ENSG00000129116.18,chr4,168831990,168832171,TSS,True,93,254
ENSG00000129116.18,chr4,168877717,168878394,TSS,True,219,252
ENSG00000150961.14,chr4,118815155,118815450,3AS,True,109,138
ENSG00000109475.16,chr4,108620535,108620600,TSS,False,102,398
ENSG00000109475.16,chr4,108620576,108622024,TSS,True,335,398
ENSG00000170801.9,chr4,8295694,8296517,PAS,False,85,115
ENSG00000170801.9,chr4,8305970,8307102,PAS,False,30,115
ENSG00000109332.19,chr4,102827426,102827835,TSS,True,145,222
ENSG00000109332.19,chr4,102826484,102827192,TSS,True,154,222
ENSG00000109332.19,chr4,102827943,102828141,TSS,False,198,222
ENSG00000109332.19,chr4,102827591,102827920,TSS,True,182,222
ENSG00000168785.7,chr4,98482175,98507677,ES,True,26,142
ENSG00000151729.10,chr4,185143253,185143483,TSS,True,18,140
ENSG00000138757.14,chr4,75673207,75673440,TSS,True,36,107
ENSG00000138757.14,chr4,75724275,75725315,TSS,True,91,107
ENSG00000145425.9,chr4,151099569,151099714,TSS,True,242,854
ENSG00000145431.10,chr4,156850416,156970785,ES,False,125,162
ENSG00000123933.16,chr4,2261916,2262128,TSS,True,70,189
ENSG00000109586.11,chr4,173168323,173168961,TSS,True,12,101
ENSG00000138668.18,chr4,82355401,82356795,ES,False,50,122
ENSG00000138668.18,chr4,82359639,82373445,ES,False,27,120
ENSG00000138668.18,chr4,82373445,82374086,TSS,True,37,155
ENSG00000138668.18,chr4,82355303,82355380,TSS,True,124,155
ENSG00000138674.16,chr4,82829058,82842184,5AS,False,14,107
ENSG00000138674.16,chr4,82829058,82844385,ES,False,47,153
ENSG00000138674.16,chr4,82857764,82862533,ES,False,22,128
ENSG00000138674.16,chr4,82857764,82863317,ES,False,20,150
ENSG00000138674.16,chr4,82881937,82891087,3AS,False,35,145
ENSG00000138674.16,chr4,82891087,82891255,TSS,False,33,179
ENSG00000132463.13,chr4,70839470,70839959,TSS,False,36,154
ENSG00000132463.13,chr4,70832306,70832452,TSS,True,128,154
ENSG00000173801.16,chr17,41755432,41755729,IR,False,103,168
ENSG00000173801.16,chr17,41771862,41786587,5AS,False,95,113
ENSG00000173801.16,chr17,41754603,41755432,PAS,False,65,168
ENSG00000173801.16,chr17,41754606,41755895,PAS,True,103,168
ENSG00000173801.16,chr17,41786587,41786737,TSS,True,77,182
ENSG00000161970.14,chr17,8383156,8383197,TSS,False,33,246
ENSG00000277791.4,chr17,38752737,38752829,TSS,True,12,114
ENSG00000243678.11,chr17,51163643,51166956,TSS,True,270,328
ENSG00000243678.11,chr17,51166265,51166497,TSS,True,76,328
ENSG00000108821.13,chr17,50201410,50201696,TSS,False,4932,14783
ENSG00000182473.21,chr17,76103632,76103791,TSS,True,41,129
ENSG00000219200.11,chr17,7012575,7012761,TSS,True,14,110
ENSG00000183010.16,chr17,81936861,81937261,5AS,False,110,161
ENSG00000183010.16,chr17,81937261,81937328,TSS,True,332,443
ENSG00000183010.16,chr17,81936747,81937288,TSS,True,257,443
ENSG00000183010.16,chr17,81937241,81937269,TSS,True,394,443
ENSG00000108671.10,chr17,32480631,32480752,IR,False,129,146
ENSG00000108671.10,chr17,32480752,32483319,PAS,True,20,149
ENSG00000108671.10,chr17,32480488,32483319,PAS,True,127,144
ENSG00000131473.16,chr17,41893174,41897748,ES,False,75,169
ENSG00000131473.16,chr17,41913896,41918879,3AS,False,81,143
ENSG00000131473.16,chr17,41918879,41919084,TSS,True,65,211
ENSG00000131473.16,chr17,41871688,41871832,TSS,True,188,211
ENSG00000005884.17,chr17,50055758,50056645,TSS,True,77,115
ENSG00000167085.11,chr17,49414834,49414901,TSS,False,19,180
ENSG00000185359.12,chr17,81683960,81684103,TSS,True,28,113
ENSG00000070540.12,chr17,68450897,68457341,ES,False,11,108
ENSG00000141367.11,chr17,59619349,59620173,TSS,True,28,166
ENSG00000030582.17,chr17,44345096,44345334,TSS,True,82,666
ENSG00000108946.14,chr17,68511720,68512142,TSS,True,306,342
ENSG00000108946.14,chr17,68512399,68512548,TSS,True,101,342
ENSG00000108946.14,chr17,68512421,68512970,TSS,False,300,342
ENSG00000141696.12,chr17,41811453,41812635,TSS,True,54,273
ENSG00000132383.11,chr17,1829950,1830126,TSS,False,13,100
ENSG00000184009.11,chr17,81512733,81512855,TSS,True,653,3634
ENSG00000278311.4,chr17,36578186,36579244,5AS,True,52,102
ENSG00000278311.4,chr17,36544905,36545097,TSS,True,57,108
ENSG00000278311.4,chr17,36545485,36545817,TSS,True,53,108
ENSG00000278311.4,chr17,36589207,36589848,PAS,True,12,106
ENSG00000108298.11,chr17,39200112,39200349,TSS,False,347,747
ENSG00000108298.11,chr17,39200339,39203109,TSS,True,442,747
ENSG00000141522.11,chr17,81871297,81871406,TSS,True,39,123
ENSG00000108883.12,chr17,44899368,44899648,TSS,True,22,144
ENSG00000141753.6,chr17,40443401,40444084,TSS,False,18,142
ENSG00000168610.14,chr17,42388278,42388586,TSS,True,20,101
ENSG00000087111.20,chr17,28571462,28571566,TSS,True,63,111
ENSG00000087111.20,chr17,28558475,28558568,TSS,True,96,111
ENSG00000087111.20,chr17,28560048,28560605,TSS,True,89,111
ENSG00000002834.17,chr17,38869798,38870258,TSS,True,66,178
PB_novel_304648,chr17,50185777,50185857,PAS,True,124,140
ENSG00000182534.13,chr17,76680879,76685071,ES,False,98,154
ENSG00000182534.13,chr17,76679568,76680879,PAS,True,58,213
ENSG00000182534.13,chr17,76675416,76677702,PAS,False,155,213
ENSG00000125691.12,chr17,38853697,38853764,TSS,True,97,196
ENSG00000125691.12,chr17,38852603,38853720,TSS,True,111,196
ENSG00000087191.12,chr17,63827380,63827514,TSS,True,43,135
ENSG00000087191.12,chr17,63827460,63827923,TSS,True,98,135
ENSG00000109113.19,chr17,28715122,28715218,5AS,False,25,155
ENSG00000109113.19,chr17,28717212,28718419,TSS,True,64,166
ENSG00000109113.19,chr17,28718121,28718530,TSS,True,120,166
ENSG00000072778.19,chr17,7222081,7222176,IR,False,170,232
ENSG00000072778.19,chr17,7222302,7222666,IR,True,187,232
ENSG00000072778.19,chr17,7222865,7223132,IR,False,161,233
ENSG00000072778.19,chr17,7219853,7220046,TSS,True,46,244
ENSG00000072778.19,chr17,7219870,7220197,TSS,False,218,244
ENSG00000109046.14,chr17,27294066,27294435,TSS,True,35,116
ENSG00000109046.14,chr17,27307561,27309272,TSS,True,92,116
ENSG00000167193.7,chr17,1423650,1436789,5AS,False,67,127
ENSG00000108828.15,chr17,43021935,43022417,TSS,True,70,392
ENSG00000108654.14,chr17,64500326,64500548,IR,True,609,698
ENSG00000108654.14,chr17,64500326,64502009,IR,True,16,104
ENSG00000108654.14,chr17,64500773,64502009,IR,False,551,686
ENSG00000108654.14,chr17,64498253,64500326,PAS,True,101,727
ENSG00000108654.14,chr17,64498254,64502069,PAS,True,646,725
ENSG00000177469.12,chr17,42422626,42423258,TSS,False,107,749
ENSG00000108639.7,chr17,78171054,78171738,ES,False,21,141
ENSG00000175061.17,chr17,16439414,16440184,ES,False,73,131
ENSG00000175061.17,chr17,16440253,16441367,ES,False,14,136
ENSG00000175061.17,chr17,16438983,16439060,TSS,True,29,146
ENSG00000175061.17,chr17,16438984,16439414,TSS,True,125,146
ENSG00000006125.17,chr17,35657791,35671753,ES,False,54,102
ENSG00000006125.17,chr17,35587263,35587428,TSS,True,33,108
ENSG00000006125.17,chr17,35587377,35587597,TSS,True,87,108
ENSG00000006744.18,chr17,13017702,13018044,TSS,True,21,114
ENSG00000040633.12,chr17,7239245,7239501,TSS,True,29,115
ENSG00000177731.15,chr17,18251813,18251998,3AS,False,53,129
ENSG00000177731.15,chr17,18258627,18258774,TSS,True,52,172
ENSG00000142507.9,chr17,4796133,4796296,TSS,True,122,266
ENSG00000172809.12,chr17,74203710,74203917,5AS,False,51,274
ENSG00000172809.12,chr17,74203674,74203710,TSS,False,236,287
ENSG00000172809.12,chr17,74203671,74203745,TSS,True,65,287
ENSG00000131469.14,chr17,42998395,42998471,TSS,False,134,342
ENSG00000131469.14,chr17,42998437,43000102,TSS,True,294,341
ENSG00000131469.14,chr17,42998448,42998831,TSS,False,264,342
ENSG00000173812.10,chr17,41688884,41689069,TSS,False,45,381
ENSG00000109079.9,chr17,28335711,28335856,TSS,True,125,169
ENSG00000108424.9,chr17,47649719,47650284,TSS,True,62,110
ENSG00000170296.9,chr17,7242240,7242441,TSS,False,39,181
ENSG00000170296.9,chr17,7241600,7242073,TSS,True,159,181
ENSG00000011028.13,chr17,62627131,62627920,TSS,True,380,474
ENSG00000013306.15,chr17,44324710,44326602,TSS,False,13,126
ENSG00000132507.17,chr17,7307460,7307752,TSS,True,73,592
ENSG00000108561.8,chr17,5438841,5439193,TSS,False,42,235
ENSG00000177885.14,chr17,75393550,75393855,TSS,True,103,145
ENSG00000177885.14,chr17,75405488,75405707,TSS,True,62,145
ENSG00000169727.12,chr17,82054049,82054509,3AS,False,100,120
ENSG00000169727.12,chr17,82054975,82055164,3AS,False,20,126
ENSG00000169727.12,chr17,82051518,82051964,TSS,False,27,130
ENSG00000163597.14,chr17,76557857,76561287,ES,False,71,234
ENSG00000128309.16,chr22,37019036,37019774,TSS,True,102,132
ENSG00000128309.16,chr22,37019747,37019872,TSS,True,42,132
ENSG00000182541.17,chr22,31248220,31248769,TSS,True,28,103
ENSG00000182541.17,chr22,31278296,31280080,PAS,True,27,101
ENSG00000182541.17,chr22,31276788,31277638,PAS,False,80,101
ENSG00000099956.19,chr22,23791867,23793558,5AS,False,63,144
ENSG00000100364.18,chr22,45240639,45240943,TSS,True,36,135
ENSG00000100234.11,chr22,32801684,32802122,TSS,False,58,276
ENSG00000100325.14,chr22,29832342,29838177,ES,False,71,130
ENSG00000100325.14,chr22,29838177,29838308,TSS,True,27,164
ENSG00000100258.17,chr22,50507581,50507802,TSS,True,44,131
ENSG00000100258.17,chr22,50506781,50507745,TSS,True,112,131
ENSG00000184076.13,chr22,29767378,29767548,TSS,False,16,150
ENSG00000196419.12,chr22,41621215,41621345,TSS,True,44,315
ENSG00000196576.14,chr22,50307552,50307691,TSS,True,83,108
ENSG00000242247.10,chr22,42808890,42817141,ES,False,15,112
ENSG00000100345.21,chr22,36291985,36292715,TSS,True,873,980
ENSG00000100345.21,chr22,36387806,36388109,TSS,False,666,983
ENSG00000100030.14,chr22,21867321,21867668,TSS,True,13,111
ENSG00000100138.14,chr22,41688793,41688884,TSS,True,42,130
ENSG00000100138.14,chr22,41682355,41682453,TSS,True,101,130
ENSG00000100225.17,chr22,32475124,32479132,3AS,False,20,133
ENSG00000100225.17,chr22,32474703,32475124,TSS,True,27,163
ENSG00000100225.17,chr22,32475222,32475398,TSS,True,138,163
ENSG00000128272.14,chr22,39520278,39520751,TSS,False,164,291
ENSG00000198792.12,chr22,38272883,38273049,TSS,True,53,153
ENSG00000099901.16,chr22,20126368,20126954,3AS,False,42,105
ENSG00000099901.16,chr22,20126951,20127354,PAS,True,47,110
ENSG00000099901.16,chr22,20126954,20127368,PAS,True,68,110
ENSG00000093010.13,chr22,19941759,19941897,TSS,True,16,123
ENSG00000100106.20,chr22,37751828,37754915,3AS,True,15,107
ENSG00000100106.20,chr22,37773782,37776523,PAS,True,17,108
ENSG00000100387.8,chr22,40951353,40951476,TSS,True,40,141
ENSG00000100387.8,chr22,40967798,40967884,TSS,True,111,141
ENSG00000077942.18,chr22,45562911,45563362,PAS,True,35,175
ENSG00000077942.18,chr22,45600306,45602846,PAS,False,143,175
ENSG00000100227.17,chr22,42614798,42614964,TSS,True,14,107
ENSG00000100359.20,chr22,40370560,40370688,TSS,True,17,110
ENSG00000128245.14,chr22,31944515,31944820,TSS,True,40,209
ENSG00000196305.17,chr9,92289426,92293610,5AS,False,65,154
ENSG00000196305.17,chr9,92293440,92293716,TSS,True,88,177
ENSG00000196305.17,chr9,92293610,92293745,TSS,True,111,177
ENSG00000136802.11,chr9,128882058,128882250,TSS,True,40,131
ENSG00000136802.11,chr9,128907781,128909321,TSS,True,100,130
ENSG00000148180.19,chr9,121281562,121301962,ES,False,506,598
ENSG00000148180.19,chr9,121267812,121268219,TSS,True,109,756
ENSG00000136830.11,chr9,127568819,127569150,TSS,True,24,108
ENSG00000147883.10,chr9,22008797,22009305,TSS,False,26,176
ENSG00000148248.13,chr9,133375921,133376131,TSS,True,43,325
ENSG00000148303.16,chr9,133348206,133348246,TSS,False,111,187
ENSG00000148303.16,chr9,133348240,133349042,TSS,True,145,187
ENSG00000159069.13,chr9,136941684,136942045,IR,True,144,161
ENSG00000159069.13,chr9,136938789,136941171,PAS,False,20,176
ENSG00000159069.13,chr9,136943890,136944795,TSS,True,149,182
ENSG00000159069.13,chr9,136944593,136944762,TSS,True,48,182
ENSG00000135047.14,chr9,87726062,87726253,TSS,False,108,135
ENSG00000135047.14,chr9,87726068,87726308,TSS,True,121,135
ENSG00000135047.14,chr9,87725582,87726398,TSS,True,102,135
ENSG00000188229.5,chr9,137241286,137241417,TSS,True,82,231
ENSG00000148110.15,chr9,94438528,94444963,ES,True,11,105
ENSG00000165283.15,chr9,35103049,35103184,TSS,True,23,106
ENSG00000122694.15,chr9,36136709,36136791,TSS,False,27,155
ENSG00000165119.20,chr9,83969380,83970161,3AS,False,110,282
ENSG00000165119.20,chr9,83973399,83974516,ES,False,34,275
ENSG00000165119.20,chr9,83967990,83969440,PAS,True,110,283
ENSG00000165119.20,chr9,83968082,83969380,PAS,True,173,283
ENSG00000165119.20,chr9,83980502,83980645,TSS,True,176,314
ENSG00000165119.20,chr9,83980152,83980270,TSS,True,204,314
ENSG00000041982.15,chr9,115046682,115057152,ES,False,108,190
ENSG00000041982.15,chr9,115060002,115063795,ES,False,23,172
ENSG00000041982.15,chr9,115117981,115118653,TSS,True,165,312
ENSG00000041982.15,chr9,115042218,115042370,TSS,True,262,301
ENSG00000198467.14,chr9,35684550,35685268,ME,False,798,1110
ENSG00000198467.14,chr9,35684807,35685268,3AS,False,312,347
ENSG00000167123.18,chr9,128420443,128421074,TSS,True,25,155
ENSG00000107201.9,chr9,32526060,32526356,TSS,True,45,323
ENSG00000054148.17,chr9,136848968,136849590,TSS,True,33,184
ENSG00000106803.9,chr9,99222263,99222366,TSS,True,22,149
ENSG00000106803.9,chr9,99227958,99228000,TSS,True,130,149
ENSG00000197958.12,chr9,127451280,127451405,TSS,True,25,247
ENSG00000137106.17,chr9,37422614,37422833,TSS,True,91,135
ENSG00000165688.11,chr9,136416391,136416950,IR,False,176,200
ENSG00000130635.15,chr9,134825904,134834970,ME,False,74,706
ENSG00000136942.14,chr9,124861909,124861987,TSS,True,56,445
ENSG00000136942.14,chr9,124861418,124861566,TSS,True,397,445
ENSG00000092841.18,chr12,56160320,56161386,ES,False,1204,1718
ENSG00000092841.18,chr12,56158337,56158404,TSS,True,569,1799
ENSG00000092841.18,chr12,56158359,56159730,TSS,True,1358,1796
ENSG00000060138.12,chr12,10704148,10713210,ES,False,153,777
ENSG00000184575.11,chr12,64425182,64425337,IR,False,120,136
ENSG00000184575.11,chr12,64404318,64404804,TSS,False,27,167
ENSG00000139644.12,chr12,49741548,49741611,TSS,False,69,503
ENSG00000089220.4,chr12,118136065,118136344,TSS,False,29,242
ENSG00000182199.10,chr12,57229648,57229811,TSS,True,251,302
ENSG00000182199.10,chr12,57233176,57233345,TSS,True,93,302
ENSG00000111775.2,chr12,120438111,120438229,TSS,False,21,189
ENSG00000111711.9,chr12,21506976,21508382,ES,False,91,105
ENSG00000089009.15,chr12,112409586,112409634,TSS,True,128,420
ENSG00000089009.15,chr12,112408419,112409605,TSS,True,352,420
ENSG00000089009.15,chr12,112409410,112409596,TSS,True,376,420
ENSG00000089157.15,chr12,120200831,120201082,3AS,False,349,394
ENSG00000089157.15,chr12,120201082,120201113,TSS,True,251,649
ENSG00000089157.15,chr12,120199309,120199489,TSS,True,468,649
ENSG00000135390.18,chr12,53676052,53676736,TSS,True,55,131
ENSG00000135390.18,chr12,53672575,53674181,TSS,True,116,131
ENSG00000196531.10,chr12,56725262,56725531,TSS,True,44,292
ENSG00000089159.16,chr12,120265616,120265790,TSS,True,36,107
ENSG00000089053.12,chr12,121328458,121330582,3AS,False,41,191
ENSG00000167553.15,chr12,49265010,49265184,TSS,True,38,102
ENSG00000135506.15,chr12,57715970,57716091,3AS,False,281,391
ENSG00000135506.15,chr12,57718376,57718992,5AS,False,75,405
ENSG00000135506.15,chr12,57719182,57720405,ES,False,272,407
ENSG00000064115.10,chr12,26976357,26980565,ES,False,23,125
ENSG00000173598.13,chr12,93395533,93398770,3AS,False,56,103
ENSG00000173598.13,chr12,93377868,93378421,TSS,True,56,162
ENSG00000127314.17,chr12,68611043,68648698,5AS,False,97,138
ENSG00000127314.17,chr12,68610571,68611043,TSS,True,54,158
ENSG00000127314.17,chr12,68610868,68611052,TSS,True,117,158
ENSG00000111229.15,chr12,110450254,110450359,TSS,True,26,172
ENSG00000166130.14,chr12,98613404,98614340,PAS,False,132,191
ENSG00000166130.14,chr12,98624248,98626766,PAS,False,60,189
ENSG00000151135.9,chr12,106956065,106967110,ES,False,60,113
ENSG00000151135.9,chr12,106955810,106956065,TSS,True,18,131
ENSG00000150991.14,chr12,124914586,124914848,TSS,False,125,931
ENSG00000176915.14,chr12,132734575,132735405,IR,True,119,134
ENSG00000176915.14,chr12,132755133,132761617,ES,True,118,137
ENSG00000136003.15,chr12,108562736,108564278,IR,False,100,112
ENSG00000136003.15,chr12,108562554,108562736,TSS,True,14,120
ENSG00000022840.15,chr12,120563070,120563346,3AS,False,234,261
ENSG00000187109.13,chr12,76060279,76074202,ES,False,15,108
ENSG00000187109.13,chr12,76044892,76048464,PAS,True,103,123
ENSG00000187109.13,chr12,76044744,76047718,PAS,True,40,125
ENSG00000187109.13,chr12,76046179,76049785,PAS,True,102,119
ENSG00000187109.13,chr12,76084566,76084782,TSS,True,39,126
ENSG00000187109.13,chr12,76083832,76084509,TSS,False,107,126
ENSG00000229117.8,chr12,56116425,56116659,TSS,True,182,1193
ENSG00000123349.13,chr12,53295639,53297849,ES,False,11,101
ENSG00000166598.14,chr12,103930362,103930564,TSS,True,54,513
ENSG00000135404.11,chr12,55728952,55729106,TSS,False,57,311
ENSG00000135404.11,chr12,55728275,55728998,TSS,True,275,311
ENSG00000159335.15,chr12,6766149,6766750,TSS,True,39,119
ENSG00000110880.10,chr12,108731428,108731991,TSS,True,58,172
ENSG00000118971.7,chr12,4273756,4274235,TSS,False,123,333
ENSG00000139641.12,chr12,56133873,56134109,3AS,False,116,132
ENSG00000139641.12,chr12,56128093,56128709,TSS,True,27,148
ENSG00000111640.14,chr12,6534455,6534569,TSS,True,382,3348
ENSG00000175203.15,chr12,57535845,57546027,5AS,True,99,111
ENSG00000175203.15,chr12,57547027,57547280,TSS,True,83,196
ENSG00000075415.12,chr12,98593740,98593974,IR,False,215,282
ENSG00000075415.12,chr12,98593626,98593740,TSS,True,104,326
ENSG00000075415.12,chr12,98593685,98594135,TSS,True,259,326
ENSG00000111716.12,chr12,21657750,21657845,TSS,False,57,442
ENSG00000135486.17,chr12,54282874,54283811,ES,False,201,233
ENSG00000110906.12,chr12,109477259,109477352,TSS,True,21,101
ENSG00000111186.12,chr12,1530145,1530950,TSS,False,26,193
ENSG00000173933.20,chr11,66638657,66638752,TSS,True,19,102
ENSG00000173933.20,chr11,66638683,66638893,TSS,True,90,102
ENSG00000110717.12,chr11,68030605,68030733,TSS,True,34,107
ENSG00000110717.12,chr11,68030680,68032209,TSS,False,93,107
ENSG00000014216.15,chr11,65181270,65182013,TSS,True,59,283
ENSG00000085733.15,chr11,70398392,70398614,TSS,True,21,125
ENSG00000085733.15,chr11,70435025,70436584,PAS,True,14,114
ENSG00000177600.8,chr11,809902,810039,TSS,True,31,276
ENSG00000165915.13,chr11,47408441,47408662,TSS,True,34,174
ENSG00000126391.13,chr11,65386581,65386761,TSS,True,12,109
ENSG00000156587.15,chr11,57567584,57567838,TSS,False,22,138
ENSG00000110619.17,chr11,3001248,3001969,5AS,False,179,247
ENSG00000110619.17,chr11,3040984,3042164,3AS,False,211,237
ENSG00000110619.17,chr11,3042256,3057342,ES,False,194,236
ENSG00000149257.14,chr11,75562085,75562319,TSS,False,54,346
ENSG00000129084.17,chr11,14519041,14520296,5AS,False,100,115
ENSG00000129084.17,chr11,14520296,14520407,TSS,False,17,117
ENSG00000085063.15,chr11,33722463,33736381,ES,False,155,233
ENSG00000085063.15,chr11,33736381,33736477,TSS,True,82,315
ENSG00000085063.15,chr11,33722378,33722467,TSS,True,270,315
ENSG00000110492.15,chr11,46381653,46381758,TSS,True,32,126
ENSG00000172638.12,chr11,65866712,65866844,IR,False,28,169
ENSG00000172638.12,chr11,65866299,65867079,PAS,True,46,186
ENSG00000172638.12,chr11,65866305,65866712,PAS,True,149,189
ENSG00000167792.12,chr11,67606833,67607076,TSS,True,21,119
ENSG00000084234.17,chr11,130122513,130126699,ES,False,818,1051
ENSG00000084234.17,chr11,130069835,130070082,TSS,True,137,1150
ENSG00000168439.16,chr11,64186053,64186270,TSS,True,58,326
ENSG00000185507.20,chr11,614037,614475,ES,False,32,108
ENSG00000185507.20,chr11,615259,615344,IR,False,63,117
ENSG00000185507.20,chr11,615912,616000,TSS,True,41,138
ENSG00000185201.16,chr11,308116,308438,TSS,True,21,108
ENSG00000166181.12,chr11,43335994,43342432,3AS,False,77,150
ENSG00000166181.12,chr11,43342427,43344530,PAS,True,82,156
ENSG00000166181.12,chr11,43342432,43344530,PAS,True,79,156
ENSG00000166333.13,chr11,6603822,6604225,3AS,False,136,213
ENSG00000166333.13,chr11,6603724,6603822,TSS,False,46,261
ENSG00000165916.8,chr11,47426204,47426475,TSS,False,26,207
ENSG00000135387.20,chr11,34051660,34051871,TSS,True,75,155
ENSG00000135387.20,chr11,34052073,34052636,TSS,True,91,155
ENSG00000135387.20,chr11,34099302,34102610,PAS,True,32,153
ENSG00000135387.20,chr11,34097697,34102086,PAS,True,120,151
ENSG00000167986.13,chr11,61332907,61333791,TSS,True,40,202
ENSG00000168003.16,chr11,62879988,62881447,TSS,True,112,905
ENSG00000129083.12,chr11,14498985,14499706,5AS,False,217,257
ENSG00000129083.12,chr11,14498985,14499741,5AS,False,42,301
ENSG00000129083.12,chr11,14499706,14499866,TSS,True,97,314
ENSG00000129083.12,chr11,14499741,14499878,TSS,True,272,314
ENSG00000182985.17,chr11,115504269,115504419,TSS,True,73,485
ENSG00000023191.16,chr11,502181,507112,3AS,False,87,194
ENSG00000023191.16,chr11,507112,507279,TSS,True,76,277
ENSG00000023191.16,chr11,506608,506871,TSS,True,217,277
ENSG00000205531.12,chr11,2945646,2951258,ES,False,149,199
ENSG00000205531.12,chr11,2992253,2992431,TSS,True,64,208
ENSG00000205531.12,chr11,2991793,2992260,TSS,False,175,208
ENSG00000177697.18,chr11,833022,834529,5AS,False,20,126
ENSG00000177697.18,chr11,833022,836062,5AS,True,29,282
ENSG00000177697.18,chr11,833026,836062,ES,False,146,253
ENSG00000177697.18,chr11,832731,833026,TSS,True,109,362
ENSG00000177697.18,chr11,832949,833022,TSS,True,313,362
ENSG00000221968.8,chr11,61876455,61876865,IR,False,75,108
ENSG00000221968.8,chr11,61891168,61891638,TSS,True,13,114
ENSG00000006118.14,chr11,60930659,60931688,3AS,False,61,103
ENSG00000006118.14,chr11,60924431,60924733,TSS,True,40,136
ENSG00000006118.14,chr11,60935863,60937159,PAS,True,15,116
ENSG00000050165.17,chr11,12009171,12009385,TSS,False,416,725
ENSG00000050165.17,chr11,12008369,12008649,TSS,True,432,725
ENSG00000076706.16,chr11,119310466,119310755,IR,True,117,133
ENSG00000076706.16,chr11,119307981,119309915,PAS,True,17,139
ENSG00000076706.16,chr11,119317034,119317444,TSS,True,31,147
ENSG00000110321.16,chr11,10801087,10802048,ES,False,140,1237
ENSG00000172757.12,chr11,65858096,65858215,TSS,True,229,1330
ENSG00000166441.12,chr11,8682731,8682816,TSS,False,26,134
ENSG00000166441.12,chr11,8682809,8683265,TSS,True,118,134
ENSG00000118181.10,chr11,119018281,119018345,TSS,True,45,253
ENSG00000118181.10,chr11,119017361,119018342,TSS,True,209,253
ENSG00000142186.16,chr11,65536750,65537036,3AS,False,32,112
ENSG00000142186.16,chr11,65538324,65538441,IR,False,90,104
ENSG00000142186.16,chr11,65525031,65525264,TSS,True,39,119
ENSG00000142186.16,chr11,65525082,65525714,TSS,True,107,119
ENSG00000142186.16,chr11,65538441,65538711,PAS,True,18,118
ENSG00000110057.7,chr11,68003947,68004141,TSS,True,13,104
ENSG00000177830.17,chr11,910774,910894,TSS,True,13,100
ENSG00000182087.13,chr19,1011612,1011740,3AS,False,84,293
ENSG00000182087.13,chr19,1012188,1012462,IR,False,239,297
ENSG00000182087.13,chr19,1020771,1021251,TSS,True,34,322
ENSG00000105185.11,chr19,32581185,32581327,TSS,True,57,118
ENSG00000105185.11,chr19,32582647,32585011,TSS,True,65,118
ENSG00000142227.10,chr19,48325356,48325610,TSS,True,83,186
ENSG00000142227.10,chr19,48327599,48327623,TSS,True,107,186
ENSG00000063177.12,chr19,48619140,48619191,TSS,True,48,163
ENSG00000063177.12,chr19,48617790,48619182,TSS,True,122,163
ENSG00000105281.12,chr19,46787399,46788597,TSS,False,46,290
ENSG00000126254.11,chr19,35631405,35633097,3AS,False,75,147
ENSG00000160113.5,chr19,17244942,17245938,TSS,False,17,132
ENSG00000167815.11,chr19,12796819,12797166,PAS,True,31,158
ENSG00000167815.11,chr19,12801739,12802015,TSS,True,31,158
ENSG00000105223.19,chr19,40348768,40365717,3AS,False,63,138
ENSG00000105223.19,chr19,40348768,40366418,ES,False,79,225
ENSG00000105223.19,chr19,40348542,40348768,TSS,True,1392,1634
ENSG00000105223.19,chr19,40364079,40365930,TSS,False,573,1634
ENSG00000125505.16,chr19,54189337,54189735,TSS,False,57,218
ENSG00000104852.14,chr19,49107712,49107821,3AS,False,44,148
ENSG00000104852.14,chr19,49085154,49085636,TSS,True,67,177
ENSG00000104852.14,chr19,49102417,49104735,TSS,True,149,177
ENSG00000104852.14,chr19,49107794,49108613,PAS,True,44,148
ENSG00000104852.14,chr19,49107821,49108613,PAS,True,104,148
ENSG00000105254.11,chr19,36114962,36115674,TSS,True,15,140
ENSG00000099860.8,chr19,2476125,2476402,TSS,False,24,116
ENSG00000160633.12,chr19,5657347,5661520,3AS,False,58,119
ENSG00000160633.12,chr19,5667164,5667352,3AS,False,30,120
ENSG00000175221.14,chr19,886201,890136,ES,False,13,114
ENSG00000099622.13,chr19,1272051,1272426,IR,False,78,117
ENSG00000099622.13,chr19,1269327,1269410,TSS,True,14,126
ENSG00000099622.13,chr19,1272426,1274810,PAS,True,51,124
ENSG00000099622.13,chr19,1274648,1274810,PAS,True,87,126
ENSG00000105372.7,chr19,41860210,41860289,TSS,True,133,1093
ENSG00000105220.15,chr19,34365009,34365388,TSS,True,31,180
ENSG00000130255.12,chr19,5690266,5690327,TSS,False,46,343
ENSG00000179271.2,chr19,12956862,12957224,TSS,False,72,146
ENSG00000183207.13,chr19,48993533,48993923,TSS,True,41,195
ENSG00000178980.14,chr19,47778284,47778814,TSS,True,57,119
ENSG00000130726.11,chr19,58544064,58545097,TSS,True,33,246
ENSG00000024422.11,chr19,47713404,47713538,TSS,True,86,131
ENSG00000125753.13,chr19,45522581,45522720,3AS,True,19,124
ENSG00000125753.13,chr19,45523695,45523843,3AS,True,13,124
ENSG00000011422.11,chr19,43648334,43649143,PAS,True,21,180
ENSG00000011422.11,chr19,43645681,43646548,PAS,False,161,181
ENSG00000123159.15,chr19,14491743,14496036,ES,False,105,236
ENSG00000123159.15,chr19,14496036,14496297,TSS,True,41,297
ENSG00000141985.9,chr19,4400323,4400567,TSS,True,56,150
ENSG00000130813.17,chr19,10091353,10091475,IR,False,44,120
ENSG00000170889.13,chr19,54200830,54200888,TSS,True,48,110
ENSG00000170889.13,chr19,54201157,54201281,TSS,True,78,110
ENSG00000185236.11,chr19,8402565,8403412,IR,True,92,112
ENSG00000185236.11,chr19,8403412,8404442,PAS,False,21,112
ENSG00000185236.11,chr19,8402484,8404434,PAS,True,91,111
ENSG00000105701.15,chr19,18538433,18539370,3AS,False,105,296
ENSG00000167658.15,chr19,3985377,3985472,TSS,True,171,708
ENSG00000130204.12,chr19,44891314,44891406,IR,False,144,201
ENSG00000130204.12,chr19,44891314,44891409,3AS,False,26,170
ENSG00000130204.12,chr19,44891224,44891689,TSS,True,172,229
ENSG00000130204.12,chr19,44891215,44891314,TSS,True,59,229
ENSG00000104979.8,chr19,13774454,13774574,TSS,True,14,102
ENSG00000104979.8,chr19,13774788,13774903,TSS,False,88,102
ENSG00000073008.14,chr19,44643677,44644175,TSS,True,97,181
ENSG00000160410.14,chr19,40580936,40586773,ES,True,12,118
ENSG00000104774.12,chr19,12658510,12661259,3AS,True,102,117
ENSG00000105404.10,chr19,41959236,41959377,TSS,True,16,153
ENSG00000105438.8,chr19,48391267,48391570,TSS,True,20,168
ENSG00000196961.12,chr19,49766954,49767200,TSS,True,43,104
ENSG00000196961.12,chr19,49801345,49801621,TSS,False,92,104
ENSG00000011243.17,chr19,15397855,15399301,ES,False,113,127
ENSG00000011243.17,chr19,15399410,15400294,IR,True,125,140
ENSG00000011243.17,chr19,15403555,15403657,IR,False,18,133
ENSG00000105135.15,chr19,15125655,15125819,TSS,False,50,116
ENSG00000105135.15,chr19,15124924,15125709,TSS,True,99,116
ENSG00000105135.15,chr19,15125379,15125701,TSS,True,86,116
ENSG00000130176.7,chr19,11538810,11538990,TSS,True,34,235
ENSG00000167674.14,chr19,4472220,4472422,TSS,True,33,116
ENSG00000130309.10,chr19,17555590,17555973,TSS,False,31,144
ENSG00000105373.18,chr19,47745517,47745783,TSS,True,55,123
ENSG00000105373.18,chr19,47756707,47756744,TSS,True,73,122
ENSG00000104824.17,chr19,38849699,38849991,TSS,True,57,120
ENSG00000042753.11,chr19,46850763,46850855,TSS,True,32,150
ENSG00000042753.11,chr19,46850133,46850295,TSS,False,124,150
ENSG00000105568.17,chr19,52189990,52190174,TSS,True,87,379
ENSG00000105568.17,chr19,52212685,52212833,TSS,False,315,378
ENSG00000105655.18,chr19,18438092,18438179,TSS,True,21,126
ENSG00000115268.9,chr19,1438368,1438428,TSS,True,70,458
ENSG00000079805.16,chr19,10795439,10798485,ME,False,59,148
ENSG00000079805.16,chr19,10830378,10830980,3AS,False,33,155
ENSG00000079805.16,chr19,10718022,10718403,TSS,True,20,162
ENSG00000079805.16,chr19,10830977,10831906,PAS,True,36,158
ENSG00000079805.16,chr19,10830980,10831905,PAS,False,125,158
ENSG00000074842.7,chr19,4670160,4670409,TSS,True,91,290
ENSG00000123144.10,chr19,12734312,12734725,TSS,True,25,168
ENSG00000099624.7,chr19,1244440,1244736,IR,False,74,120
ENSG00000099624.7,chr19,1241726,1241991,TSS,True,39,130
ENSG00000099624.7,chr19,1244313,1244440,TSS,True,104,130
ENSG00000099624.7,chr19,1244736,1244829,PAS,False,56,130
ENSG00000196365.11,chr19,5719703,5720479,TSS,True,13,126
ENSG00000221983.7,chr19,18571887,18573292,5AS,False,87,158
ENSG00000221983.7,chr19,18571801,18571887,TSS,False,109,198
ENSG00000221983.7,chr19,18571846,18571909,TSS,True,127,198
ENSG00000221983.7,chr19,18571902,18573403,TSS,True,176,198
ENSG00000099875.14,chr19,2037463,2037829,PAS,True,72,102
ENSG00000099875.14,chr19,2051095,2051247,TSS,True,62,102
ENSG00000105290.11,chr19,35877825,35878084,3AS,False,80,119
ENSG00000105290.11,chr19,35877825,35878583,ES,False,19,133
ENSG00000011304.19,chr19,805187,806407,ES,False,56,181
ENSG00000011304.19,chr19,797388,797505,TSS,True,79,229
ENSG00000125912.10,chr19,3206190,3206264,3AS,False,64,115
ENSG00000125912.10,chr19,3185867,3186214,TSS,True,30,138
ENSG00000104805.15,chr19,48900264,48900372,TSS,False,42,266
ENSG00000104805.15,chr19,48900783,48900931,TSS,True,235,266
ENSG00000161091.12,chr19,3538266,3538756,PAS,True,96,128
ENSG00000161091.12,chr19,3543770,3544732,PAS,False,36,128
ENSG00000161091.12,chr19,3557105,3557616,TSS,True,20,135
ENSG00000130202.9,chr19,44878222,44878941,PAS,True,186,596
ENSG00000130202.9,chr19,44888109,44889227,PAS,True,443,607
ENSG00000125734.15,chr19,6737456,6737625,TSS,True,21,102
ENSG00000125734.15,chr19,6736989,6737305,TSS,True,90,102
ENSG00000064961.18,chr19,3572910,3572994,TSS,True,23,103
ENSG00000064961.18,chr19,3572968,3573347,TSS,True,89,103
ENSG00000198258.10,chr19,9827984,9828326,5AS,False,159,179
ENSG00000198258.10,chr19,9827896,9827984,TSS,True,30,190
ENSG00000198258.10,chr19,9827900,9828064,TSS,True,170,190
ENSG00000142541.16,chr19,49487604,49487644,TSS,True,87,641
ENSG00000064666.14,chr19,1032696,1036415,ES,False,14,138
ENSG00000064666.14,chr19,1026557,1026724,TSS,True,66,203
ENSG00000142453.11,chr19,10921127,10921614,ES,False,89,112
ENSG00000108107.14,chr19,55384686,55385965,TSS,False,36,280
ENSG00000130203.9,chr19,44905408,44905841,TSS,False,55,543
ENSG00000104960.15,chr19,49860336,49860613,3AS,False,88,109
ENSG00000104960.15,chr19,49850701,49851499,TSS,True,29,112
ENSG00000104960.15,chr19,49860613,49860744,PAS,True,24,112
ENSG00000104960.15,chr19,49860565,49860744,PAS,True,91,112
ENSG00000104969.9,chr19,2783232,2783395,TSS,True,16,115
ENSG00000105618.13,chr19,54115212,54115797,TSS,True,13,111
ENSG00000170892.10,chr19,54190220,54190450,TSS,True,106,120
ENSG00000170892.10,chr19,54190300,54191607,TSS,True,25,120
ENSG00000133275.15,chr19,1941094,1941418,TSS,False,16,105
ENSG00000099817.11,chr19,1095258,1095386,TSS,True,17,139
ENSG00000105401.8,chr19,10395343,10395434,IR,False,196,237
ENSG00000099797.14,chr19,14529263,14529711,TSS,True,29,122
ENSG00000099797.14,chr19,14563431,14564097,TSS,True,97,121
ENSG00000167468.16,chr19,1103996,1104127,TSS,True,19,179
ENSG00000105058.11,chr19,16185516,16185623,IR,False,123,146
ENSG00000105058.11,chr19,16185400,16185516,TSS,True,29,152
ENSG00000105058.11,chr19,16185409,16185765,TSS,True,129,152
ENSG00000089351.14,chr19,35000264,35000486,TSS,True,19,108
ENSG00000130311.10,chr19,17309510,17309657,TSS,True,14,103
ENSG00000099783.11,chr19,8465362,8465479,IR,False,89,246
ENSG00000099783.11,chr19,8474244,8485602,ES,False,56,253
ENSG00000099783.11,chr19,8444867,8445111,TSS,True,32,276
ENSG00000165629.19,chr10,7802854,7807658,ES,False,75,139
ENSG00000154473.17,chr10,123162828,123165046,3AS,False,30,104
ENSG00000154473.17,chr10,123163819,123165365,PAS,True,42,116
ENSG00000154473.17,chr10,123165046,123165365,PAS,True,86,116
ENSG00000154473.17,chr10,123162611,123165365,PAS,True,104,116
ENSG00000148700.14,chr10,110007927,110008299,TSS,True,24,101
ENSG00000107816.17,chr10,100997031,100997234,TSS,True,94,115
ENSG00000107816.17,chr10,100999302,100999952,TSS,False,35,115
ENSG00000138279.15,chr10,73414011,73414088,TSS,True,30,139
ENSG00000138279.15,chr10,73400802,73400860,TSS,True,115,139
ENSG00000123240.16,chr10,13100302,13109111,ES,False,155,201
ENSG00000123240.16,chr10,13116340,13118905,3AS,False,56,220
ENSG00000123240.16,chr10,13100036,13100302,TSS,True,131,339
ENSG00000123240.16,chr10,13133532,13133581,TSS,True,220,333
ENSG00000107796.13,chr10,88990938,88991345,TSS,True,217,265
ENSG00000107796.13,chr10,88952730,88952817,TSS,True,65,264
ENSG00000176986.15,chr10,73744349,73744437,TSS,True,100,152
ENSG00000176986.15,chr10,73764545,73765589,TSS,True,83,152
ENSG00000151465.13,chr10,12195956,12196319,TSS,True,15,131
ENSG00000099194.5,chr10,100347100,100347531,TSS,False,60,195
ENSG00000148484.17,chr10,16782084,16817314,ES,False,37,147
ENSG00000148484.17,chr10,16817084,16817314,IR,True,111,138
ENSG00000148484.17,chr10,16817314,16817488,TSS,False,32,180
ENSG00000148484.17,chr10,16816972,16817432,TSS,True,153,180
ENSG00000173915.15,chr10,103392466,103396408,ES,False,161,188
ENSG00000059573.8,chr10,95656596,95656890,TSS,False,20,148
ENSG00000067082.14,chr10,3784912,3785253,TSS,True,20,132
ENSG00000067057.16,chr10,3067340,3067707,TSS,True,79,502
ENSG00000108010.11,chr10,130179341,130179671,PAS,True,20,105
ENSG00000108010.11,chr10,130180112,130182406,PAS,True,87,105
ENSG00000150093.18,chr10,32935558,32957758,5AS,True,96,113
ENSG00000150093.18,chr10,32958144,32958379,TSS,True,717,4015
ENSG00000148677.6,chr10,90912090,90912976,PAS,False,17,126
ENSG00000148677.6,chr10,90921000,90921091,TSS,False,487,605
ENSG00000122884.12,chr10,73030370,73046924,ME,False,149,333
ENSG00000197746.13,chr10,71822007,71825836,5AS,True,317,487
ENSG00000035403.17,chr10,73997891,73998375,TSS,True,59,213
ENSG00000169813.16,chr10,43409130,43409209,TSS,True,124,193
ENSG00000169813.16,chr10,43396455,43396802,TSS,True,149,193
ENSG00000169813.16,chr10,43407716,43407818,TSS,False,151,193
ENSG00000165637.13,chr10,75210627,75210938,TSS,True,36,306
ENSG00000170759.10,chr10,32008197,32011516,PAS,False,28,103
ENSG00000170759.10,chr10,32055847,32056448,TSS,False,25,113
ENSG00000119917.13,chr10,89327997,89328078,TSS,False,341,431
ENSG00000119917.13,chr10,89332527,89332627,TSS,False,107,431
ENSG00000171206.14,chr10,102643653,102645187,TSS,True,48,102
ENSG00000134452.19,chr10,5890099,5890346,TSS,True,12,106
ENSG00000165801.9,chr14,21069646,21070399,TSS,True,38,109
ENSG00000100664.10,chr14,103334182,103334260,TSS,False,69,439
ENSG00000100664.10,chr14,103334236,103334597,TSS,True,385,439
ENSG00000197324.8,chr14,22871716,22872337,TSS,True,33,176
ENSG00000100911.15,chr14,24143584,24143622,TSS,True,123,149
ENSG00000100911.15,chr14,24146533,24147264,TSS,True,30,149
ENSG00000139926.15,chr14,51701135,51702511,5AS,False,150,329
ENSG00000139926.15,chr14,51651855,51651996,TSS,False,57,355
ENSG00000092199.17,chr14,21230366,21230996,5AS,False,207,301
ENSG00000092199.17,chr14,21234229,21269297,ES,False,104,296
ENSG00000092199.17,chr14,21263336,21269297,3AS,False,167,191
ENSG00000073712.14,chr14,52950920,52951262,TSS,True,57,181
ENSG00000073712.14,chr14,52893292,52893325,TSS,False,147,181
ENSG00000165949.12,chr14,94110797,94111658,3AS,False,295,529
ENSG00000165949.12,chr14,94110797,94114850,ES,False,156,683
ENSG00000100644.16,chr14,61695839,61720381,3AS,False,254,362
ENSG00000092010.14,chr14,24136149,24136301,TSS,True,137,187
ENSG00000092010.14,chr14,24138509,24138560,TSS,True,56,187
ENSG00000080824.18,chr14,102080737,102081821,PAS,True,45,278
ENSG00000080824.18,chr14,102084827,102084998,PAS,True,228,271
ENSG00000080824.18,chr14,102086985,102087336,TSS,True,65,279
ENSG00000080824.18,chr14,102085297,102085712,TSS,True,245,278
ENSG00000140105.17,chr14,100361921,100375282,ES,False,38,365
ENSG00000140105.17,chr14,100361921,100376259,ES,False,16,139
ENSG00000140105.17,chr14,100369258,100375282,ES,False,265,318
ENSG00000140105.17,chr14,100369258,100376259,ES,False,108,124
ENSG00000140105.17,chr14,100376259,100376343,TSS,True,510,652
ENSG00000140105.17,chr14,100375282,100375628,TSS,True,299,652
ENSG00000126777.17,chr14,55580354,55612018,ES,False,125,150
ENSG00000126777.17,chr14,55661612,55667240,ES,False,96,157
ENSG00000126777.17,chr14,55673012,55675834,ES,False,102,160
ENSG00000165527.6,chr14,49892994,49893157,TSS,False,38,175
ENSG00000142208.16,chr14,104792722,104795483,ES,False,378,426
ENSG00000129515.18,chr14,34630110,34630199,TSS,True,29,177
ENSG00000129515.18,chr14,34629906,34630145,TSS,True,157,177
ENSG00000072042.12,chr14,67695629,67695774,TSS,True,127,264
ENSG00000129474.15,chr14,22981260,22982631,TSS,True,20,126
ENSG00000100823.11,chr14,20455192,20455394,TSS,True,66,122
ENSG00000100823.11,chr14,20455193,20455703,TSS,True,83,122
ENSG00000075413.17,chr14,103467191,103468080,3AS,False,67,138
ENSG00000075413.17,chr14,103492034,103502881,ES,False,30,139
ENSG00000075413.17,chr14,103498528,103502881,ES,False,49,108
ENSG00000100504.16,chr14,50905216,50905556,PAS,True,13,116
ENSG00000100504.16,chr14,50944160,50944580,TSS,True,16,117
ENSG00000090060.17,chr14,96502375,96502600,TSS,True,11,101
ENSG00000100926.14,chr14,24189144,24189808,PAS,True,38,101
ENSG00000100926.14,chr14,24195345,24195687,TSS,True,16,101
ENSG00000050130.17,chr14,59484593,59486730,3AS,False,29,105
ENSG00000100462.15,chr14,22920522,22921056,PAS,True,14,104
ENSG00000100462.15,chr14,22920523,22920731,PAS,True,92,104
ENSG00000100462.15,chr14,22929251,22929462,TSS,True,54,154
ENSG00000100889.11,chr14,24094196,24094434,TSS,True,12,104
ENSG00000126214.21,chr14,103677523,103679407,3AS,True,20,143
ENSG00000126214.21,chr14,103629157,103629494,TSS,True,36,173
ENSG00000126214.21,chr14,103685637,103688126,PAS,True,107,147
ENSG00000126214.21,chr14,103701200,103701552,PAS,True,60,154
ENSG00000116685.15,chr1,11919588,11920332,PAS,True,13,123
ENSG00000116685.15,chr1,11925204,11926430,TSS,True,15,123
ENSG00000078618.21,chr1,51836212,51840225,ES,False,105,119
ENSG00000188157.14,chr1,1047189,1047895,TSS,True,127,144
ENSG00000078808.16,chr1,1231891,1232067,TSS,True,53,226
ENSG00000188290.10,chr1,999613,999691,IR,False,120,159
ENSG00000188290.10,chr1,999787,999865,IR,False,72,160
ENSG00000188290.10,chr1,999525,1000094,TSS,True,150,181
ENSG00000188290.10,chr1,999865,1000097,TSS,True,92,181
ENSG00000188290.10,chr1,999691,1000097,TSS,True,125,181
ENSG00000134686.18,chr1,33332404,33334184,5AS,False,33,127
ENSG00000134686.18,chr1,33349596,33349941,TSS,True,14,134
ENSG00000160691.18,chr1,154962594,154963518,IR,True,27,142
ENSG00000160691.18,chr1,154966077,154966161,3AS,False,39,141
ENSG00000160691.18,chr1,154962283,154963931,PAS,False,28,144
ENSG00000160691.18,chr1,154962286,154962594,PAS,True,131,158
ENSG00000160691.18,chr1,154970031,154972606,TSS,True,32,158
ENSG00000116260.16,chr1,180196599,180197332,IR,False,45,135
ENSG00000116260.16,chr1,180196890,180197332,IR,False,13,103
ENSG00000116260.16,chr1,180154800,180155172,TSS,True,31,161
ENSG00000116260.16,chr1,180196261,180200294,PAS,True,61,151
ENSG00000116260.16,chr1,180197332,180200293,PAS,True,98,159
ENSG00000116251.10,chr1,6199561,6199604,TSS,False,34,124
ENSG00000116251.10,chr1,6197651,6199556,TSS,True,107,124
ENSG00000163565.18,chr1,159032691,159051678,ES,False,18,104
ENSG00000143641.9,chr1,230066903,230067406,TSS,True,30,151
ENSG00000154380.17,chr1,225652685,225653366,TSS,True,126,165
ENSG00000060718.21,chr1,102876467,102878165,PAS,True,79,514
ENSG00000060718.21,chr1,103071493,103074780,PAS,True,203,234
ENSG00000060718.21,chr1,103108072,103108641,TSS,True,295,525
ENSG00000143183.16,chr1,165768681,165768892,TSS,True,14,101
ENSG00000169231.13,chr1,155207797,155209114,TSS,True,25,186
ENSG00000117228.9,chr1,89065159,89065359,TSS,True,14,121
ENSG00000234741.7,chr1,173863894,173864075,PAS,True,16,102
ENSG00000090273.13,chr1,26921700,26921929,TSS,False,52,219
ENSG00000090273.13,chr1,26945642,26945686,TSS,True,175,219
ENSG00000188976.10,chr1,944800,945056,5AS,False,158,255
ENSG00000092969.11,chr1,218347047,218405168,ES,False,150,173
ENSG00000143753.12,chr1,224183201,224183418,TSS,True,109,268
ENSG00000153187.19,chr1,244862730,244863673,5AS,False,174,311
ENSG00000153187.19,chr1,244863673,244864567,TSS,True,149,323
ENSG00000153187.19,chr1,244863616,244864545,TSS,True,189,323
ENSG00000116209.11,chr1,54040837,54041723,3AS,True,195,276
ENSG00000162458.12,chr1,15758848,15764495,3AS,False,96,166
ENSG00000162458.12,chr1,15764547,15764963,5AS,False,42,173
ENSG00000162458.12,chr1,15758727,15758848,TSS,True,38,205
ENSG00000084623.11,chr1,32222378,32222444,TSS,True,35,164
ENSG00000084623.11,chr1,32222440,32222630,TSS,True,137,164
ENSG00000157191.19,chr1,16440696,16440853,TSS,True,18,154
ENSG00000004487.16,chr1,23030634,23050386,ES,False,133,245
ENSG00000126709.14,chr1,27668535,27669244,5AS,False,1306,1531
ENSG00000117298.15,chr1,21345375,21345560,TSS,True,116,148
ENSG00000143761.15,chr1,228082667,228082765,TSS,True,132,773
ENSG00000143367.15,chr1,151540426,151562584,ES,False,100,116
ENSG00000117385.15,chr1,42746852,42747271,5AS,False,387,469
ENSG00000008130.15,chr1,1778288,1778524,TSS,True,14,112
ENSG00000197982.13,chr1,37807794,37808306,TSS,False,49,106
ENSG00000197982.13,chr1,37807795,37808732,TSS,True,83,106
ENSG00000117143.13,chr1,162590511,162592734,3AS,False,27,104
ENSG00000157916.19,chr1,2391958,2395783,ES,False,174,204
ENSG00000157916.19,chr1,2391958,2395783,5AS,True,174,198
ENSG00000157916.19,chr1,2391762,2391958,TSS,True,59,264
ENSG00000117335.19,chr1,207767195,207767778,ES,False,143,159
ENSG00000117335.19,chr1,207785682,207793518,ES,False,100,187
ENSG00000171793.14,chr1,40979639,40979829,TSS,True,12,104
ENSG00000097033.14,chr1,86704565,86704971,TSS,True,23,150
ENSG00000143742.12,chr1,225783368,225789239,ES,False,194,249
ENSG00000009307.15,chr1,114736855,114737962,ES,False,341,402
ENSG00000142864.14,chr1,67424277,67424887,3AS,False,147,210
ENSG00000142864.14,chr1,67424959,67425082,3AS,False,91,211
ENSG00000116649.9,chr1,11059776,11060069,TSS,True,41,346
ENSG00000117411.16,chr1,43978889,43979511,TSS,True,20,104
ENSG00000116871.15,chr1,36173478,36176198,ES,False,44,106
ENSG00000116871.15,chr1,36176321,36176417,IR,False,44,107
ENSG00000116871.15,chr1,36178201,36178445,3AS,False,14,109
ENSG00000116871.15,chr1,36179315,36179514,3AS,False,92,109
ENSG00000116871.15,chr1,36156124,36156463,TSS,True,45,144
ENSG00000121774.17,chr1,32013701,32014377,TSS,True,19,123
ENSG00000116754.13,chr1,70250503,70250610,3AS,False,32,108
ENSG00000116754.13,chr1,70205642,70205780,TSS,True,63,118
ENSG00000116754.13,chr1,70221351,70221839,TSS,True,67,118
ENSG00000116754.13,chr1,70250610,70253052,PAS,True,79,111
ENSG00000116754.13,chr1,70250607,70253052,PAS,True,35,111
ENSG00000184007.20,chr1,31911826,31918969,ES,False,14,112
ENSG00000184007.20,chr1,31937986,31938382,TSS,True,15,125
ENSG00000168653.10,chr1,39026398,39028722,5AS,False,83,174
ENSG00000168653.10,chr1,39026309,39026398,TSS,False,103,186
ENSG00000168653.10,chr1,39026321,39026402,TSS,True,95,186
ENSG00000213625.8,chr1,65420523,65420740,TSS,True,14,123
ENSG00000183291.16,chr1,86914027,86914371,TSS,False,17,116
ENSG00000158710.14,chr1,159925449,159925570,TSS,True,40,349
ENSG00000155366.16,chr1,112703806,112707077,ES,False,244,411
ENSG00000155366.16,chr1,112707077,112707369,TSS,False,49,462
ENSG00000049245.12,chr1,7771385,7773441,5AS,True,122,138
ENSG00000049245.12,chr1,7771274,7771385,TSS,False,27,151
ENSG00000142676.14,chr1,23691829,23692611,3AS,False,32,216
ENSG00000142676.14,chr1,23691780,23691829,TSS,False,67,283
ENSG00000265241.6,chr1,145927359,145929701,TSS,True,46,127
ENSG00000265241.6,chr1,145926481,145926999,TSS,True,91,127
ENSG00000078369.17,chr1,1825499,1890819,ES,False,74,391
ENSG00000078369.17,chr1,1890819,1891427,TSS,True,52,443
ENSG00000122218.15,chr1,160343130,160343536,TSS,True,43,255
ENSG00000116288.12,chr1,7961735,7962762,5AS,False,96,134
ENSG00000116288.12,chr1,7961614,7961735,TSS,True,49,145
ENSG00000116288.12,chr1,7961660,7961793,TSS,True,107,145
ENSG00000221978.11,chr1,1390865,1393395,3AS,False,14,136
ENSG00000221978.11,chr1,1391575,1392678,IR,False,20,127
ENSG00000221978.11,chr1,1385709,1387582,PAS,True,25,177
ENSG00000221978.11,chr1,1390777,1392803,PAS,True,144,165
ENSG00000142871.16,chr1,85580756,85581047,TSS,False,44,262
ENSG00000127463.14,chr1,19251414,19251743,TSS,True,19,111
ENSG00000116717.12,chr1,67685156,67685538,TSS,True,66,177
ENSG00000119280.16,chr1,230868179,230868573,TSS,True,27,199
ENSG00000117859.18,chr1,51730001,51745535,5AS,False,20,110
ENSG00000117859.18,chr1,51750195,51760689,ES,False,56,151
ENSG00000117859.18,chr1,51617067,51617221,TSS,True,116,159
ENSG00000117859.18,chr1,51729793,51730124,TSS,True,69,159
ENSG00000117859.18,chr1,51729814,51730001,TSS,True,139,159
ENSG00000142937.11,chr1,44775522,44775600,TSS,True,34,236
ENSG00000142937.11,chr1,44775558,44776140,TSS,True,211,236
ENSG00000117394.21,chr1,42958633,42958934,TSS,True,74,375
ENSG00000163399.15,chr1,116373181,116373523,TSS,True,48,175
ENSG00000198492.15,chr1,28736478,28737147,TSS,True,18,154
ENSG00000143418.19,chr1,150974618,150974993,TSS,True,28,155
ENSG00000083444.16,chr1,11934647,11934855,TSS,True,64,422
ENSG00000171603.17,chr1,9823642,9823992,TSS,True,43,111
ENSG00000116337.15,chr1,109626912,109627174,IR,True,96,107
ENSG00000116337.15,chr1,109619806,109620278,TSS,True,47,122
ENSG00000122406.13,chr1,92831989,92832117,TSS,False,435,618
ENSG00000122406.13,chr1,92837516,92837633,TSS,True,216,618
ENSG00000125944.19,chr1,23318688,23321527,3AS,False,129,145
ENSG00000125944.19,chr1,23338608,23344210,ES,False,104,142
ENSG00000160789.19,chr1,156137653,156140079,PAS,True,160,584
ENSG00000160789.19,chr1,156139079,156140087,PAS,True,427,586
ENSG00000131236.16,chr1,40040783,40059333,5AS,False,100,323
ENSG00000131236.16,chr1,40040783,40059336,3AS,False,200,304
ENSG00000131236.16,chr1,40040783,40059336,5AS,False,200,680
ENSG00000131236.16,chr1,40040783,40059336,IR,False,200,423
ENSG00000131236.16,chr1,40040801,40059336,3AS,False,469,692
ENSG00000131236.16,chr1,40040240,40040801,TSS,True,406,1109
ENSG00000131236.16,chr1,40040243,40040783,TSS,True,802,1109
ENSG00000143774.16,chr1,228140363,228145510,ES,False,205,234
ENSG00000143774.16,chr1,228147699,228148664,ES,False,28,253
ENSG00000155363.18,chr1,112674421,112674729,TSS,True,64,125
ENSG00000155363.18,chr1,112674715,112675049,TSS,True,81,125
ENSG00000116857.16,chr1,201154444,201154501,TSS,True,19,111
ENSG00000143393.16,chr1,151327270,151327710,TSS,True,27,100
ENSG00000143393.16,chr1,151315572,151316429,TSS,True,81,100
ENSG00000196923.13,chr5,177497527,177497637,TSS,True,115,704
ENSG00000113070.7,chr5,140346282,140346607,TSS,False,67,215
ENSG00000113070.7,chr5,140334657,140334750,TSS,True,176,215
ENSG00000113140.10,chr5,151686864,151687036,TSS,True,1740,7496
ENSG00000186468.12,chr5,82278319,82278619,TSS,True,22,208
ENSG00000013561.17,chr5,141969030,141969167,TSS,False,35,103
ENSG00000013561.17,chr5,141969104,141969234,TSS,True,81,103
ENSG00000120708.16,chr5,136028853,136029189,TSS,True,687,1666
ENSG00000039560.13,chr5,34656162,34656475,TSS,False,20,109
ENSG00000205302.6,chr5,122775030,122775211,TSS,False,16,121
ENSG00000213585.10,chr5,133993015,134004646,3AS,False,59,355
ENSG00000213585.10,chr5,134004646,134004776,TSS,True,45,400
ENSG00000153113.23,chr5,96722698,96727488,ES,False,94,178
ENSG00000153113.23,chr5,96727530,96729611,ES,False,34,178
ENSG00000153113.23,chr5,96762372,96765223,3AS,False,33,186
ENSG00000153113.23,chr5,96662077,96662497,TSS,True,94,187
ENSG00000153113.23,chr5,96662941,96663166,TSS,True,138,187
ENSG00000153113.23,chr5,96702645,96702915,TSS,True,154,187
ENSG00000131446.16,chr5,180802679,180802855,TSS,True,43,255
ENSG00000113648.16,chr5,135346057,135360496,ME,False,61,116
ENSG00000113648.16,chr5,135360604,135369405,3AS,False,75,118
ENSG00000113648.16,chr5,135399061,135399382,TSS,True,18,138
ENSG00000113068.9,chr5,140281533,140303040,ES,False,30,181
ENSG00000113328.18,chr5,163437664,163437764,IR,False,89,274
ENSG00000113328.18,chr5,163437578,163437804,TSS,True,92,277
ENSG00000113328.18,chr5,163437594,163437664,TSS,True,188,277
ENSG00000197043.13,chr5,151109846,151117126,ES,False,19,109
ENSG00000197043.13,chr5,151157679,151157949,TSS,True,22,118
ENSG00000145907.14,chr5,151772036,151786602,3AS,False,68,247
ENSG00000145907.14,chr5,151771913,151772036,TSS,True,36,284
ENSG00000164294.13,chr5,55160243,55160329,IR,False,22,141
ENSG00000164294.13,chr5,55160152,55160243,TSS,True,132,164
ENSG00000164294.13,chr5,55160169,55160396,TSS,True,45,164
ENSG00000122203.14,chr5,176348356,176359480,ES,False,17,146
ENSG00000122203.14,chr5,176361601,176361814,TSS,True,44,206
ENSG00000113282.13,chr5,157789513,157791702,3AS,False,86,126
ENSG00000120727.12,chr5,139341823,139341980,TSS,True,53,103
ENSG00000120727.12,chr5,139363761,139363922,TSS,True,60,103
ENSG00000120727.12,chr5,139368732,139369717,PAS,True,21,101
ENSG00000120727.12,chr5,139364563,139365212,PAS,True,86,100
ENSG00000113712.17,chr5,149496860,149505482,5AS,False,89,227
ENSG00000113712.17,chr5,149513209,149520289,ES,False,202,227
ENSG00000164405.10,chr5,132866687,132866868,5AS,False,128,143
ENSG00000164405.10,chr5,132866585,132866687,TSS,True,691,822
ENSG00000145730.20,chr5,102961229,102990271,ME,True,37,135
ENSG00000145730.20,chr5,102961229,102990271,ES,False,61,211
ENSG00000145730.20,chr5,102974436,102990271,ES,True,100,115
ENSG00000145730.20,chr5,103019843,103025133,3AS,False,15,145
ENSG00000145730.20,chr5,103019843,103028184,ES,False,26,108
ENSG00000145730.20,chr5,103019843,103028184,3AS,False,26,117
ENSG00000145730.20,chr5,103025334,103028184,3AS,False,82,133
ENSG00000145730.20,chr5,102755028,102755348,TSS,False,79,220
ENSG00000145730.20,chr5,102865497,102866284,TSS,True,148,220
ENSG00000174695.9,chr5,83077320,83077466,TSS,True,24,107
ENSG00000172239.13,chr5,43555999,43556818,5AS,False,47,149
ENSG00000172239.13,chr5,43556581,43557126,TSS,True,65,168
ENSG00000172239.13,chr5,43556818,43557178,TSS,True,121,168
ENSG00000044115.20,chr5,138753379,138753510,TSS,True,90,359
ENSG00000044115.20,chr5,138924604,138924710,TSS,True,323,359
ENSG00000072682.18,chr5,132218644,132227789,ES,False,393,541
ENSG00000072682.18,chr5,132227221,132227789,3AS,False,116,148
ENSG00000072682.18,chr5,132227789,132227891,TSS,False,90,634
ENSG00000145592.13,chr5,40835182,40835284,TSS,False,72,190
ENSG00000145592.13,chr5,40834470,40835213,TSS,True,135,190
ENSG00000164251.4,chr5,76818964,76819264,TSS,True,15,141
ENSG00000213523.10,chr5,140557272,140557427,IR,False,67,110
ENSG00000213523.10,chr5,140557427,140557472,TSS,True,43,110
ENSG00000213523.10,chr5,140557146,140557456,TSS,True,67,110
ENSG00000161013.16,chr5,179806486,179807506,TSS,True,27,133
ENSG00000161013.16,chr5,179798512,179798555,TSS,True,110,133
ENSG00000161011.19,chr5,179807003,179807123,TSS,True,177,201
ENSG00000161011.19,chr5,179820881,179821141,TSS,True,53,193
ENSG00000164253.13,chr5,77436394,77437335,5AS,True,144,163
ENSG00000164253.13,chr5,77492169,77492549,TSS,True,20,171
ENSG00000113758.13,chr5,177473435,177473746,TSS,True,33,281
ENSG00000164587.12,chr5,150449702,150449742,TSS,False,118,624
ENSG00000127022.14,chr5,179698902,179699102,TSS,True,112,466
ENSG00000015479.18,chr5,139322967,139325439,3AS,False,168,196
ENSG00000015479.18,chr5,139293607,139293805,TSS,True,69,200
ENSG00000015479.18,chr5,139293749,139294028,TSS,True,156,200
ENSG00000181104.6,chr5,76716113,76716395,TSS,True,33,298
ENSG00000133706.17,chr5,146182487,146182677,TSS,True,15,112
ENSG00000171604.11,chr5,139647831,139648845,TSS,True,108,546
ENSG00000171604.11,chr5,139648925,139649009,TSS,True,457,546
ENSG00000124762.13,chr6,36678709,36678798,TSS,True,156,1107
ENSG00000231925.11,chr6,33314004,33314266,TSS,True,25,119
ENSG00000137309.19,chr6,34236837,34236963,TSS,False,58,123
ENSG00000010810.17,chr6,111780635,111872967,ES,False,52,146
ENSG00000025796.13,chr6,107957885,107958281,TSS,True,13,107
ENSG00000234745.10,chr6,31357085,31357218,TSS,True,104,762
ENSG00000135316.17,chr6,85640564,85642796,ES,False,38,159
ENSG00000135316.17,chr6,85607002,85612923,PAS,True,120,178
ENSG00000135316.17,chr6,85611321,85615347,PAS,True,73,175
ENSG00000135316.17,chr6,85642796,85643330,TSS,True,20,179
ENSG00000112715.21,chr6,43778918,43784540,ES,False,55,129
ENSG00000112715.21,chr6,43770202,43771312,TSS,True,17,146
ENSG00000112763.16,chr6,26457918,26458142,TSS,True,14,100
ENSG00000120265.17,chr6,149802369,149810615,5AS,False,74,135
ENSG00000120265.17,chr6,149810615,149812368,PAS,True,20,155
ENSG00000120265.17,chr6,149802199,149803052,PAS,True,135,154
ENSG00000124614.15,chr6,34426031,34426132,TSS,True,68,198
ENSG00000124614.15,chr6,34425071,34426065,TSS,True,169,198
ENSG00000124614.15,chr6,34425795,34426037,TSS,False,168,198
ENSG00000180573.9,chr6,26124749,26138053,ES,True,45,121
ENSG00000180573.9,chr6,26124170,26124749,TSS,True,15,136
ENSG00000180573.9,chr6,26124171,26124633,TSS,False,121,136
ENSG00000198563.13,chr6,31541949,31542461,TSS,True,12,100
ENSG00000092820.17,chr6,158819316,158819418,TSS,True,101,200
ENSG00000092820.17,chr6,158818081,158818419,TSS,True,128,200
ENSG00000186340.15,chr6,169253723,169253903,TSS,True,104,208
ENSG00000137312.14,chr6,30742526,30742825,TSS,True,56,147
ENSG00000137312.14,chr6,30730021,30730112,TSS,True,115,143
ENSG00000156508.17,chr6,73520999,73521033,TSS,False,348,1398
ENSG00000156508.17,chr6,73519882,73521032,TSS,True,1253,1398
ENSG00000112339.14,chr6,135002842,135039572,ES,False,99,111
ENSG00000112081.16,chr6,36598983,36601151,ES,False,138,185
ENSG00000277443.2,chr6,113857344,113857847,TSS,False,82,334
ENSG00000204592.8,chr6,30489472,30489595,TSS,False,13,121
ENSG00000137409.19,chr6,36970694,36972702,5AS,False,346,794
ENSG00000137285.9,chr6,3227486,3227655,TSS,False,19,110
ENSG00000124783.13,chr6,7313041,7313316,TSS,True,35,176
ENSG00000124783.13,chr6,7301309,7301400,TSS,True,151,175
ENSG00000157593.18,chr6,44257399,44257554,TSS,True,27,140
ENSG00000137267.5,chr6,3157406,3157547,TSS,False,92,518
ENSG00000131165.14,chr16,89651646,89657581,3AS,True,20,146
ENSG00000131165.14,chr16,89657581,89657726,TSS,True,106,253
ENSG00000167397.14,chr16,31091342,31094556,ES,False,17,101
ENSG00000205937.11,chr16,2264331,2268054,ES,False,94,174
ENSG00000205937.11,chr16,2268054,2268391,TSS,False,53,227
ENSG00000140937.13,chr16,65121879,65122142,TSS,True,42,165
ENSG00000102898.11,chr16,67846891,67846985,TSS,True,15,110
ENSG00000102898.11,chr16,67846924,67847456,TSS,True,98,110
ENSG00000198931.10,chr16,88809706,88810069,3AS,False,22,120
ENSG00000198931.10,chr16,88809466,88809840,PAS,True,25,123
ENSG00000198931.10,chr16,88809468,88809706,PAS,True,101,123
ENSG00000140983.13,chr16,668079,668236,TSS,True,23,103
ENSG00000065054.13,chr16,2037600,2037858,3AS,False,24,149
ENSG00000065054.13,chr16,2037825,2039025,PAS,True,36,157
ENSG00000065054.13,chr16,2037858,2039025,PAS,True,133,157
ENSG00000182149.20,chr16,71894627,71895589,TSS,False,17,116
ENSG00000102900.12,chr16,56730074,56730211,TSS,True,53,195
ENSG00000134419.15,chr16,18790309,18790336,TSS,False,79,366
ENSG00000140682.18,chr16,31472130,31472201,TSS,True,40,195
ENSG00000140682.18,chr16,31472166,31473556,TSS,True,171,195
ENSG00000166848.5,chr16,75647764,75648552,TSS,False,26,169
ENSG00000179889.18,chr16,14974991,14975220,TSS,True,63,175
ENSG00000179889.18,chr16,15036015,15037698,PAS,True,25,119
ENSG00000069329.17,chr16,46689130,46689199,TSS,False,28,216
ENSG00000069329.17,chr16,46683507,46683608,TSS,True,194,216
ENSG00000103495.13,chr16,29808741,29810076,ES,False,75,125
ENSG00000103495.13,chr16,29806339,29806893,TSS,True,78,138
ENSG00000103495.13,chr16,29806687,29808293,TSS,True,91,138
ENSG00000103495.13,chr16,29806546,29807828,TSS,False,118,138
ENSG00000189067.12,chr16,11586885,11586951,TSS,True,37,144
ENSG00000103342.12,chr16,11896782,11897839,3AS,False,42,238
ENSG00000141002.19,chr16,89907322,89910590,ES,False,139,163
ENSG00000050820.16,chr16,75251470,75251719,TSS,True,163,275
ENSG00000050820.16,chr16,75265824,75266014,TSS,True,224,276
ENSG00000050820.16,chr16,75242469,75243091,TSS,True,217,275
ENSG00000065427.14,chr16,75641723,75647577,ES,False,91,138
ENSG00000065427.14,chr16,75647577,75648662,TSS,True,19,157
ENSG00000258947.6,chr16,89923321,89923458,TSS,True,34,216
ENSG00000166123.13,chr16,46884325,46884467,TSS,False,17,117
ENSG00000167526.13,chr16,89560649,89560712,TSS,False,149,576
ENSG00000167526.13,chr16,89560681,89561063,TSS,True,442,576
ENSG00000089486.16,chr16,4538701,4538833,TSS,True,64,101
ENSG00000089486.16,chr16,4538324,4538505,TSS,True,82,101
ENSG00000103202.12,chr16,397313,398989,ES,False,104,116
ENSG00000103202.12,chr16,397174,397313,TSS,True,144,263
ENSG00000090861.15,chr16,70289420,70289555,TSS,False,19,100
ENSG00000140941.12,chr16,87392312,87392467,TSS,True,76,697
ENSG00000169682.17,chr16,28974770,28975392,TSS,True,28,145
ENSG00000149923.13,chr16,30076094,30076314,5AS,False,242,300
ENSG00000149923.13,chr16,30075971,30076094,TSS,True,70,313
ENSG00000149923.13,chr16,30075980,30076100,TSS,True,256,313
ENSG00000103266.10,chr16,680052,680684,TSS,True,19,184
ENSG00000129925.10,chr16,381700,382008,TSS,True,21,124
ENSG00000184110.14,chr16,28711448,28711518,TSS,True,164,696
ENSG00000184110.14,chr16,28711453,28711787,TSS,True,619,696
ENSG00000103257.8,chr16,87868884,87869508,TSS,False,210,352
ENSG00000140931.19,chr16,66604279,66604952,TSS,True,42,113
ENSG00000140988.15,chr16,1964448,1964826,TSS,True,2044,2359
ENSG00000140988.15,chr16,1964806,1964828,TSS,True,851,2359
ENSG00000140988.15,chr16,1962735,1962772,TSS,True,1845,2359
ENSG00000140859.15,chr16,57758909,57759727,ES,False,35,122
ENSG00000140859.15,chr16,57802369,57802710,TSS,True,34,144
ENSG00000167930.15,chr16,234790,234857,TSS,True,38,162
ENSG00000103005.11,chr16,58001398,58001581,TSS,True,16,131
ENSG00000131653.12,chr16,2155508,2155858,TSS,True,38,126
ENSG00000230989.6,chr16,83807968,83808121,TSS,False,43,200
ENSG00000103363.14,chr16,2776992,2777242,TSS,True,196,267
ENSG00000103363.14,chr16,2777236,2777295,TSS,True,74,267
ENSG00000132612.15,chr16,69311311,69311532,TSS,False,11,103
ENSG00000118680.13,chr18,3262132,3262237,TSS,False,207,454
ENSG00000141429.13,chr18,35581862,35654559,ES,True,125,140
ENSG00000141429.13,chr18,35581071,35581862,TSS,False,59,200
ENSG00000133313.14,chr18,74496431,74499936,3AS,False,60,152
ENSG00000133313.14,chr18,74496269,74496431,TSS,True,22,178
ENSG00000101608.12,chr18,3247784,3247909,TSS,True,114,631
ENSG00000265681.7,chr18,49492457,49492487,TSS,True,166,379
ENSG00000265681.7,chr18,49491531,49492479,TSS,True,341,379
ENSG00000265681.7,chr18,49492274,49492467,TSS,True,326,379
ENSG00000134440.11,chr18,57620648,57621707,3AS,False,70,338
ENSG00000176014.12,chr18,12325066,12326577,PAS,True,73,686
ENSG00000101557.14,chr18,158310,158714,TSS,True,19,112
ENSG00000134779.14,chr18,36793606,36797050,PAS,True,15,111
ENSG00000141380.13,chr18,26035127,26038554,ES,False,98,122
ENSG00000141380.13,chr18,26090500,26090896,TSS,True,14,134
ENSG00000170558.8,chr18,28176962,28178071,TSS,False,45,186
ENSG00000141424.12,chr18,36127016,36129113,5AS,False,88,102
ENSG00000141424.12,chr18,36129113,36129843,TSS,True,21,110
ENSG00000141424.12,chr18,36129100,36129823,TSS,True,96,110
ENSG00000002586.19,chrX,2726373,2738202,3AS,False,34,332
ENSG00000187243.16,chrX,52066453,52066864,IR,False,91,102
ENSG00000010404.17,chrX,149505034,149505347,TSS,True,14,103
ENSG00000130066.16,chrX,23783883,23785327,ES,False,93,107
ENSG00000130066.16,chrX,23783883,23785327,IR,True,93,112
ENSG00000123562.16,chrX,103678600,103685170,3AS,False,202,314
ENSG00000123562.16,chrX,103678620,103685170,3AS,True,13,105
ENSG00000147140.15,chrX,71283582,71283721,TSS,True,18,161
ENSG00000198910.13,chrX,153886064,153886185,TSS,True,77,100
ENSG00000198910.13,chrX,153867799,153867908,TSS,True,82,100
ENSG00000203879.11,chrX,154440139,154440374,IR,False,100,112
ENSG00000198918.7,chrX,119791573,119791631,TSS,False,78,285
ENSG00000196924.15,chrX,154355072,154357433,ES,False,78,203
ENSG00000196924.15,chrX,154370872,154371356,TSS,True,475,533
ENSG00000147065.16,chrX,65667588,65667853,TSS,False,35,288
ENSG00000179222.17,chrX,51893605,51893755,TSS,True,121,599
ENSG00000131828.13,chrX,19343890,19344094,TSS,True,48,160
ENSG00000102038.15,chrX,129447233,129448332,5AS,True,176,202
ENSG00000102038.15,chrX,129447233,129448332,3AS,True,176,213
ENSG00000102038.15,chrX,129492093,129496749,ES,False,54,239
ENSG00000102038.15,chrX,129446400,129447233,PAS,True,41,243
ENSG00000102038.15,chrX,129446401,129447301,PAS,True,203,243
ENSG00000185825.16,chrX,153724333,153724437,TSS,False,108,366
ENSG00000185825.16,chrX,153703958,153705217,TSS,True,319,365
ENSG00000130985.16,chrX,47193755,47194024,TSS,True,73,113
ENSG00000130985.16,chrX,47205083,47206444,TSS,True,83,113
ENSG00000169100.13,chrX,1391898,1392911,TSS,True,189,548
ENSG00000102024.17,chrX,115561106,115561260,TSS,True,122,605
ENSG00000102024.17,chrX,115593273,115593632,TSS,True,508,605
ENSG00000102316.16,chrX,54809223,54809302,IR,False,101,160
ENSG00000102316.16,chrX,54815690,54815880,IR,True,784,945
ENSG00000102316.16,chrX,54807596,54807802,TSS,True,274,966
ENSG00000102316.16,chrX,54809019,54809223,TSS,True,865,966
ENSG00000102316.16,chrX,54815880,54816059,PAS,False,165,966
ENSG00000102316.16,chrX,54815247,54817069,PAS,True,801,960
ENSG00000126945.8,chrX,101408307,101411935,5AS,True,24,136
ENSG00000126945.8,chrX,101408188,101408319,TSS,False,30,142
ENSG00000126945.8,chrX,101408209,101408307,TSS,True,118,142
ENSG00000130741.10,chrX,24054665,24055037,TSS,True,15,141
ENSG00000182492.15,chrX,153494831,153495113,TSS,True,20,103
ENSG00000154545.16,chrX,52184965,52185921,3AS,False,19,106
ENSG00000154545.16,chrX,52187230,52187641,IR,False,94,108
ENSG00000154545.16,chrX,52191861,52192056,5AS,False,92,108
ENSG00000005022.5,chrX,119468423,119468626,TSS,True,63,183
ENSG00000005893.15,chrX,120428045,120431462,PAS,True,134,321
ENSG00000005893.15,chrX,120436493,120439293,PAS,True,188,319
ENSG00000071859.14,chrX,154444103,154444346,TSS,True,23,123
ENSG00000102401.19,chrX,101623276,101623813,3AS,False,103,122
ENSG00000102401.19,chrX,101623112,101623276,TSS,True,28,150
ENSG00000147403.16,chrX,154398376,154398542,TSS,True,62,595
ENSG00000166681.13,chrX,103377106,103377509,3AS,False,100,134
ENSG00000166681.13,chrX,103376345,103376613,TSS,True,20,152
ENSG00000166681.13,chrX,103377462,103378077,PAS,True,101,139
ENSG00000166681.13,chrX,103377509,103378075,PAS,True,39,139
ENSG00000102317.17,chrX,48574435,48574573,TSS,True,31,131
ENSG00000102226.9,chrX,47232960,47233219,TSS,False,18,157
ENSG00000133106.14,chr13,42888502,42895008,ES,False,96,108
ENSG00000133106.14,chr13,42917624,42926335,ES,False,87,109
ENSG00000134871.18,chr13,110307021,110307528,TSS,True,522,672
ENSG00000187498.15,chr13,110306943,110307669,TSS,True,437,669
ENSG00000150403.17,chr13,113539507,113548302,ES,True,27,180
ENSG00000150403.17,chr13,113549424,113550233,PAS,True,27,214
ENSG00000120686.11,chr13,38349813,38349921,TSS,True,35,160
ENSG00000133104.13,chr13,36346224,36346505,TSS,False,67,100
ENSG00000133104.13,chr13,36346581,36346780,TSS,True,56,100
ENSG00000134882.15,chr13,99200747,99200939,TSS,False,13,119
ENSG00000132963.7,chr13,28659093,28659187,TSS,False,305,489
ENSG00000189403.14,chr13,30465795,30465967,TSS,True,35,188
ENSG00000189403.14,chr13,30463530,30464779,TSS,True,169,188
ENSG00000102804.14,chr13,44436503,44436857,TSS,True,29,109
ENSG00000102804.14,chr13,44573162,44577306,TSS,True,93,110
ENSG00000132432.13,chr7,54759157,54759235,TSS,True,33,189
ENSG00000105993.14,chr7,157385540,157386324,PAS,True,138,254
ENSG00000105993.14,chr7,157416015,157417440,PAS,True,117,255
ENSG00000106484.15,chr7,130492067,130492339,TSS,True,47,313
ENSG00000136261.14,chr7,16646288,16665436,5AS,False,95,109
ENSG00000136261.14,chr7,16645855,16646288,TSS,True,18,113
ENSG00000136261.14,chr7,16646140,16646304,TSS,True,99,113
ENSG00000122566.21,chr7,26192338,26192494,IR,False,254,286
ENSG00000122566.21,chr7,26197732,26200571,ES,False,182,224
ENSG00000122566.21,chr7,26189657,26190460,PAS,False,274,337
ENSG00000122566.21,chr7,26190124,26192338,PAS,True,79,332
ENSG00000122566.21,chr7,26200571,26201617,TSS,True,113,339
ENSG00000122566.21,chr7,26192494,26192579,TSS,True,251,338
ENSG00000105974.11,chr7,116524979,116525092,TSS,True,316,464
ENSG00000105974.11,chr7,116526328,116526689,TSS,True,207,464
ENSG00000164692.17,chr7,94394693,94395101,TSS,True,2347,9636
ENSG00000005486.16,chr7,75879260,75881828,ES,False,92,114
ENSG00000146540.14,chr7,1028257,1028377,TSS,True,72,124
ENSG00000146540.14,chr7,1138188,1138280,TSS,True,90,126
ENSG00000146963.17,chr7,139360322,139376061,ES,False,97,109
ENSG00000146963.17,chr7,139422162,139425489,PAS,True,17,117
ENSG00000146963.17,chr7,139417537,139423111,PAS,True,100,116
ENSG00000241685.9,chr7,99325872,99326004,TSS,True,21,201
ENSG00000164889.13,chr7,151059561,151059762,TSS,True,100,246
ENSG00000130429.14,chr7,99374781,99385701,ES,False,208,232
ENSG00000105854.12,chr7,95411743,95412311,3AS,False,20,127
ENSG00000128595.16,chr7,128748804,128758870,ME,False,251,1514
ENSG00000146535.13,chr7,2843852,2844342,TSS,False,16,125
ENSG00000241468.7,chr7,99460193,99466128,5AS,False,85,116
ENSG00000241468.7,chr7,99466110,99466167,TSS,True,89,120
ENSG00000241468.7,chr7,99466128,99466169,TSS,True,35,120
ENSG00000086232.12,chr7,6042990,6044561,3AS,True,28,181
ENSG00000164828.17,chr7,815868,816673,TSS,True,69,135
ENSG00000122565.18,chr7,26201591,26201826,TSS,True,30,186
ENSG00000159840.15,chr7,143381409,143381559,3AS,True,142,292
ENSG00000159840.15,chr7,143380384,143381409,TSS,False,76,369
ENSG00000070669.16,chr7,97872350,97872508,TSS,True,28,105
ENSG00000070669.16,chr7,97858277,97858404,TSS,False,78,105
ENSG00000075618.17,chr7,5592808,5593768,TSS,False,17,119
ENSG00000106682.14,chr7,74189918,74194740,ES,False,319,366
ENSG00000106263.17,chr7,2379511,2380278,3AS,False,199,446
ENSG00000106263.17,chr7,2380203,2380748,PAS,True,254,497
ENSG00000106263.17,chr7,2380278,2380746,PAS,False,298,497
ENSG00000091136.13,chr7,108002848,108003158,TSS,True,118,152
ENSG00000091136.13,chr7,108003110,108003326,TSS,False,81,152
ENSG00000106366.8,chr7,101127098,101127244,TSS,False,244,1250
ENSG00000122786.19,chr7,134965386,134968553,3AS,False,128,611
ENSG00000122786.19,chr7,134779389,134779749,TSS,True,83,667
ENSG00000122786.19,chr7,134968339,134970728,PAS,True,148,627
ENSG00000122786.19,chr7,134968553,134970723,PAS,True,539,667
ENSG00000106628.10,chr7,44122109,44123510,3AS,True,77,104
ENSG00000106397.11,chr7,101217165,101217751,TSS,True,31,196
ENSG00000106052.13,chr7,27816394,27816889,5AS,False,185,219
ENSG00000136280.16,chr7,45000363,45063917,ES,False,43,107
ENSG00000136295.14,chr7,2631914,2632278,TSS,True,70,100
ENSG00000136279.20,chr7,44058280,44058431,3AS,False,108,137
ENSG00000186591.12,chr7,129952502,129952986,TSS,True,18,179
ENSG00000171867.16,chr20,4686512,4699215,3AS,False,55,133
ENSG00000171867.16,chr20,4686325,4686512,TSS,True,32,165
ENSG00000171867.16,chr20,4699215,4701587,PAS,True,84,139
ENSG00000171867.16,chr20,4699210,4701589,PAS,True,55,139
ENSG00000088832.16,chr20,1369039,1369771,IR,False,39,229
ENSG00000088832.16,chr20,1368976,1370072,PAS,True,48,237
ENSG00000088832.16,chr20,1368977,1369039,PAS,True,203,245
ENSG00000101310.16,chr20,18507518,18507990,TSS,True,60,111
ENSG00000101310.16,chr20,18507525,18507972,TSS,False,69,111
ENSG00000149658.17,chr20,63215865,63216245,TSS,True,28,115
ENSG00000149658.17,chr20,63202286,63203161,TSS,True,99,115
ENSG00000125868.15,chr20,17569786,17570211,TSS,True,223,870
ENSG00000171858.17,chr20,62387060,62387136,TSS,True,20,145
ENSG00000214078.12,chr20,35664759,35664949,TSS,True,53,104
ENSG00000214078.12,chr20,35664801,35664937,TSS,True,70,104
ENSG00000132824.13,chr20,44521912,44522094,TSS,True,20,199
ENSG00000101266.18,chr20,543671,543818,TSS,True,17,116
ENSG00000100991.11,chr20,35021332,35035122,3AS,False,121,344
ENSG00000100994.11,chr20,25248012,25248421,TSS,False,41,332
ENSG00000130706.12,chr20,62303045,62303567,5AS,True,24,221
ENSG00000130706.12,chr20,62303781,62306196,ES,False,29,233
ENSG00000130706.12,chr20,62302936,62303049,TSS,False,43,241
ENSG00000130706.12,chr20,62302818,62303045,TSS,True,216,241
ENSG00000131051.22,chr20,35709256,35713018,3AS,False,63,160
ENSG00000131051.22,chr20,35739017,35740823,ES,False,112,153
ENSG00000101161.7,chr20,63981097,63981316,TSS,False,30,152
ENSG00000064601.18,chr20,45890233,45891379,TSS,False,23,125
ENSG00000064601.18,chr20,45891371,45891762,TSS,True,108,125
ENSG00000125826.20,chr20,410411,410764,PAS,False,152,186
ENSG00000125826.20,chr20,430349,432139,PAS,True,39,195
ENSG00000101365.20,chr20,2658392,2658522,PAS,False,80,102
ENSG00000101365.20,chr20,2664152,2664219,TSS,True,48,102
ENSG00000101198.14,chr20,63241506,63242538,IR,True,138,156
ENSG00000101198.14,chr20,63241506,63244023,ES,False,49,188
ENSG00000101198.14,chr20,63240778,63241506,PAS,True,30,218
ENSG00000101198.14,chr20,63254396,63254625,TSS,False,47,218
ENSG00000060491.16,chr20,62804789,62805030,TSS,True,19,166
ENSG00000087460.24,chr20,58895684,58903527,ES,False,364,545
ENSG00000087460.24,chr20,58895684,58903530,ES,False,139,1099
ENSG00000087460.24,chr20,58895684,58903530,3AS,False,139,684
ENSG00000087460.24,chr20,58898985,58903530,3AS,False,961,1143
ENSG00000166913.12,chr20,44885886,44901530,ES,False,220,270
ENSG00000101150.17,chr20,63873816,63882718,ES,False,35,144
ENSG00000101182.14,chr20,62139074,62139185,TSS,True,234,345
ENSG00000101182.14,chr20,62143207,62143457,TSS,True,113,345
ENSG00000101335.9,chr20,36541417,36541561,TSS,True,54,389
ENSG00000101384.12,chr20,10673449,10674044,TSS,False,90,167
ENSG00000242372.7,chr20,35284725,35285780,TSS,True,88,172
ENSG00000242372.7,chr20,35284380,35284734,TSS,True,98,172
ENSG00000125995.15,chr20,35699451,35699632,5AS,False,44,109
ENSG00000125995.15,chr20,35699387,35699451,TSS,False,89,133
ENSG00000125995.15,chr20,35699383,35699456,TSS,True,68,133
ENSG00000132792.18,chr20,37694012,37694152,TSS,True,28,102
ENSG00000196839.12,chr20,44651574,44651748,TSS,True,25,174
ENSG00000124214.19,chr20,49113680,49113713,IR,True,53,115
ENSG00000124214.19,chr20,49113337,49114893,PAS,True,55,114
ENSG00000124214.19,chr20,49113340,49113680,PAS,True,63,116
ENSG00000124214.19,chr20,49117776,49117963,TSS,True,65,115
ENSG00000124214.19,chr20,49188115,49188417,TSS,False,57,116
ENSG00000125835.18,chr20,2461793,2462635,3AS,False,58,126
ENSG00000125835.18,chr20,2461633,2461939,PAS,True,58,126
ENSG00000125835.18,chr20,2461633,2461793,PAS,True,69,127
ENSG00000168036.17,chr3,41239354,41239659,IR,False,59,117
ENSG00000168036.17,chr3,41239354,41239818,3AS,False,142,212
ENSG00000168036.17,chr3,41239354,41239818,IR,False,142,200
ENSG00000168036.17,chr3,41199199,41199670,TSS,True,59,314
ENSG00000168036.17,chr3,41239659,41240446,PAS,True,236,296
ENSG00000168036.17,chr3,41239133,41240445,PAS,True,237,294
ENSG00000168036.17,chr3,41239818,41240452,PAS,True,169,314
ENSG00000214706.10,chr3,50288271,50288408,IR,False,96,113
ENSG00000214706.10,chr3,50286002,50288271,PAS,False,18,114
ENSG00000214706.10,chr3,50285972,50288504,PAS,True,99,114
ENSG00000047849.21,chr3,47852938,47853162,3AS,False,34,131
ENSG00000047849.21,chr3,47850688,47853039,PAS,True,35,132
ENSG00000047849.21,chr3,47850681,47852938,PAS,True,98,132
ENSG00000047849.21,chr3,47853162,47853298,TSS,True,141,255
ENSG00000188846.13,chr3,40457295,40457363,TSS,False,20,115
ENSG00000162244.11,chr3,51995856,51995952,TSS,False,28,190
ENSG00000170017.12,chr3,105550259,105552467,ES,False,12,108
ENSG00000170017.12,chr3,105366511,105367481,TSS,True,13,116
ENSG00000057019.15,chr3,98795966,98799841,PAS,True,21,114
ENSG00000057019.15,chr3,98901121,98901734,TSS,True,24,127
ENSG00000081154.11,chr3,101574279,101579841,3AS,False,73,158
ENSG00000017260.19,chr3,130894337,130930415,ES,False,39,106
ENSG00000017260.19,chr3,130893964,130894337,TSS,True,37,143
ENSG00000017260.19,chr3,130893968,130894775,TSS,True,123,143
ENSG00000017260.19,chr3,131001219,131003154,PAS,True,63,143
ENSG00000017260.19,chr3,131016151,131016759,PAS,True,84,143
ENSG00000070087.14,chr3,149966264,149968357,3AS,False,118,134
ENSG00000070087.14,chr3,149964901,149966264,PAS,True,19,137
ENSG00000070087.14,chr3,149964900,149966586,PAS,True,121,137
ENSG00000172053.17,chr3,49104616,49104815,TSS,True,31,154
ENSG00000172053.17,chr3,49104323,49104757,TSS,True,136,154
ENSG00000114867.20,chr3,184323241,184323407,3AS,False,67,106
ENSG00000114867.20,chr3,184314489,184314674,TSS,True,120,157
ENSG00000114867.20,chr3,184321278,184322103,TSS,True,126,156
ENSG00000254999.3,chr3,10115642,10115819,TSS,False,12,119
ENSG00000114503.10,chr3,196942425,196942560,TSS,True,41,109
ENSG00000114503.10,chr3,196941934,196942433,TSS,True,93,109
ENSG00000168028.13,chr3,39406705,39406764,TSS,False,60,219
ENSG00000168028.13,chr3,39409960,39411777,TSS,True,187,219
ENSG00000114019.14,chr3,134374341,134374517,TSS,True,44,111
ENSG00000114019.14,chr3,134370699,134371495,TSS,True,86,111
ENSG00000114354.13,chr3,100736704,100744832,5AS,False,58,210
ENSG00000114354.13,chr3,100709362,100709721,TSS,False,27,213
ENSG00000114030.12,chr3,122496570,122514874,5AS,False,17,122
ENSG00000114030.12,chr3,122514756,122514948,TSS,True,38,142
ENSG00000114030.12,chr3,122514874,122514954,TSS,False,125,142
ENSG00000170248.14,chr3,33798568,33798937,TSS,True,26,138
ENSG00000168268.10,chr3,52533505,52533816,TSS,True,66,203
ENSG00000168268.10,chr3,52527828,52527929,TSS,True,150,203
ENSG00000170266.15,chr3,33097010,33097408,TSS,True,64,339
ENSG00000075420.12,chr3,172039561,172039771,TSS,True,70,106
ENSG00000075420.12,chr3,172040257,172040624,TSS,True,73,106
ENSG00000169251.12,chr3,161221287,161221409,TSS,True,29,102
ENSG00000169251.12,chr3,161221287,161221724,TSS,False,89,102
ENSG00000008952.16,chr3,169982706,169982885,PAS,True,158,202
ENSG00000008952.16,chr3,169992593,169996465,PAS,True,51,202
ENSG00000163938.16,chr3,52685651,52686105,TSS,True,22,123
ENSG00000134107.4,chr3,4979426,4979798,TSS,True,59,244
ENSG00000169714.16,chr3,129171277,129171445,3AS,False,203,274
ENSG00000169714.16,chr3,129171538,129171654,5AS,False,117,266
ENSG00000071282.11,chr3,8567439,8569980,PAS,True,54,253
ENSG00000071282.11,chr3,8549873,8551274,PAS,False,224,252
ENSG00000114054.13,chr3,136250319,136250558,TSS,True,43,105
ENSG00000114054.13,chr3,136328755,136328857,TSS,True,67,105
ENSG00000156976.16,chr3,186783639,186784431,3AS,False,130,160
ENSG00000156976.16,chr3,186784696,186785882,ES,False,49,165
ENSG00000156976.16,chr3,186787882,186789124,ES,False,116,136
ENSG00000156976.16,chr3,186787882,186789124,3AS,True,116,129
ENSG00000156976.16,chr3,186787882,186789124,IR,False,116,137
ENSG00000156976.16,chr3,186789124,186789901,PAS,True,34,170
ENSG00000156976.16,chr3,186787802,186790270,PAS,True,150,170
ENSG00000068001.13,chr3,50321365,50321478,TSS,True,14,111
ENSG00000121579.12,chr3,113724092,113745941,3AS,False,36,117
ENSG00000161203.13,chr3,184180251,184180848,3AS,True,170,1129
ENSG00000164054.15,chr3,48504018,48504380,TSS,False,289,381
ENSG00000164054.15,chr3,48473009,48473208,TSS,True,160,381
ENSG00000058262.9,chr3,128052302,128052559,TSS,False,110,522
ENSG00000174748.20,chr3,23917129,23917173,TSS,False,192,869
ENSG00000157020.17,chr3,10318094,10321049,5AS,False,193,225
ENSG00000157020.17,chr3,10321049,10321188,TSS,True,43,245
ENSG00000114391.12,chr3,101686671,101686718,TSS,True,22,169
ENSG00000114391.12,chr3,101686481,101686682,TSS,True,150,169
ENSG00000144810.15,chr3,99638473,99638664,TSS,True,21,115
ENSG00000136068.14,chr3,58008378,58008856,TSS,False,93,115
ENSG00000136068.14,chr3,58151554,58153641,TSS,True,102,115
ENSG00000091986.15,chr3,112640326,112641299,TSS,True,53,208
ENSG00000182899.16,chr3,197950181,197950221,TSS,True,130,337
ENSG00000182899.16,chr3,197950205,197950299,TSS,True,284,337
ENSG00000182899.16,chr3,197954052,197954147,TSS,True,289,336
