gene,chr,start,end,splice_type,novel,chondrocyte_ENCFF545CXA_in_cov,chondrocyte_ENCFF545CXA_total_cov
ENSG00000142168.14,chr21,31659625,31659841,TSS,True,19,159
ENSG00000160310.17,chr21,46635763,46636443,3AS,True,26,218
ENSG00000160310.17,chr21,46635763,46636895,ES,False,79,290
ENSG00000160310.17,chr21,46664294,46665698,PAS,True,153,332
ENSG00000160310.17,chr21,46658744,46661269,PAS,True,205,317
ENSG00000160209.18,chr21,43719070,43719381,TSS,True,55,165
ENSG00000182871.14,chr21,45505431,45505837,3AS,False,435,526
ENSG00000182871.14,chr21,45405114,45405241,TSS,False,230,583
ENSG00000142192.20,chr21,26170563,26170820,TSS,True,44,135
ENSG00000154723.12,chr21,25734852,25734925,TSS,True,19,115
ENSG00000142173.14,chr21,46097844,46098173,TSS,True,778,2901
ENSG00000142173.14,chr21,46131953,46132850,PAS,False,340,2901
ENSG00000115561.15,chr2,86563303,86563463,TSS,True,33,116
ENSG00000198380.12,chr2,69387064,69387284,TSS,True,15,132
ENSG00000204843.12,chr2,74391793,74392075,TSS,False,48,264
ENSG00000138073.13,chr2,27133337,27133531,IR,False,101,114
ENSG00000138073.13,chr2,27134286,27134676,TSS,True,13,118
ENSG00000124006.14,chr2,219570220,219571824,TSS,True,31,101
ENSG00000170577.7,chr2,45006485,45008550,5AS,True,104,122
ENSG00000170577.7,chr2,45008544,45009426,TSS,True,111,129
ENSG00000170577.7,chr2,45008550,45009425,TSS,False,25,129
ENSG00000115461.4,chr2,216694438,216695549,TSS,True,104,140
ENSG00000196141.13,chr2,200419496,200440648,ES,False,144,325
ENSG00000196141.13,chr2,200306075,200306601,TSS,True,296,343
ENSG00000196141.13,chr2,200306553,200306922,TSS,True,78,343
ENSG00000204262.12,chr2,189179507,189180073,TSS,True,805,1514
ENSG00000082153.17,chr2,200811559,200811990,TSS,True,43,339
ENSG00000077232.17,chr2,182732542,182740298,ES,False,28,185
ENSG00000115694.14,chr2,241508135,241508504,5AS,False,22,166
ENSG00000115694.14,chr2,241508005,241508623,TSS,True,191,288
ENSG00000115694.14,chr2,241508442,241508635,TSS,True,135,288
ENSG00000168385.17,chr2,241315861,241315982,TSS,True,108,936
ENSG00000135931.17,chr2,231198339,231198698,TSS,True,48,106
ENSG00000135931.17,chr2,231198630,231198941,TSS,False,84,106
ENSG00000135931.17,chr2,231371512,231376850,PAS,True,86,105
ENSG00000115419.12,chr2,190932715,190935568,PAS,True,46,152
ENSG00000115419.12,chr2,190962829,190965552,PAS,True,118,153
ENSG00000115677.16,chr2,241315101,241315254,TSS,True,896,1189
ENSG00000115677.16,chr2,241272760,241272937,TSS,True,594,1189
ENSG00000115307.16,chr2,74528935,74529131,IR,False,102,128
ENSG00000071082.10,chr2,101002260,101002315,TSS,True,98,254
ENSG00000071082.10,chr2,101002291,101002808,TSS,True,168,254
ENSG00000132329.10,chr2,237859296,237859727,TSS,True,25,222
ENSG00000189292.15,chr2,280149,283110,3AS,False,57,111
ENSG00000189292.15,chr2,278291,280149,PAS,True,55,113
ENSG00000189292.15,chr2,278285,280152,PAS,True,59,113
ENSG00000189292.15,chr2,288552,289017,TSS,False,37,130
ENSG00000114942.13,chr2,206159580,206159684,TSS,True,133,163
ENSG00000114942.13,chr2,206159602,206160059,TSS,True,35,163
ENSG00000063660.8,chr2,240435349,240436084,TSS,False,110,900
ENSG00000115216.13,chr2,27428731,27433253,3AS,False,22,178
ENSG00000115107.19,chr2,119223888,119245488,ES,False,188,250
ENSG00000115107.19,chr2,119223632,119223888,TSS,True,84,334
ENSG00000115107.19,chr2,119229830,119231034,TSS,True,298,334
ENSG00000213626.12,chr2,30231529,30231764,TSS,True,25,125
ENSG00000115524.15,chr2,197434971,197435113,TSS,True,36,230
ENSG00000135916.15,chr2,230864920,230865145,TSS,True,19,133
ENSG00000068912.13,chr2,53801842,53809213,ES,False,42,227
ENSG00000143947.13,chr2,55232655,55232708,TSS,True,58,327
ENSG00000143947.13,chr2,55232687,55232872,TSS,True,273,327
ENSG00000168542.14,chr2,188974188,188974568,TSS,True,2926,24297
ENSG00000163359.15,chr2,237334625,237334820,TSS,False,44,128
ENSG00000034510.5,chr2,84905651,84905718,TSS,False,762,1796
ENSG00000034510.5,chr2,84905817,84906117,TSS,True,1055,1796
ENSG00000115129.13,chr2,24084730,24085052,TSS,True,60,101
ENSG00000115129.13,chr2,24084188,24084978,TSS,True,83,101
ENSG00000134308.13,chr2,9630940,9631046,TSS,False,114,436
ENSG00000134308.13,chr2,9630158,9630765,TSS,True,335,436
ENSG00000123989.13,chr2,219543224,219543902,TSS,True,82,743
ENSG00000138085.16,chr2,27212467,27213176,5AS,False,109,133
ENSG00000138085.16,chr2,27212015,27212467,TSS,False,27,136
ENSG00000138085.16,chr2,27212343,27212607,TSS,True,113,136
ENSG00000213639.9,chr2,28751796,28752176,TSS,True,54,314
ENSG00000154518.9,chr2,175181655,175181711,TSS,False,12,110
ENSG00000152518.7,chr2,43226264,43226606,TSS,False,98,311
ENSG00000144567.10,chr2,219178219,219178633,TSS,True,69,100
ENSG00000115414.18,chr2,215372015,215372108,IR,False,7681,10393
ENSG00000115414.18,chr2,215372015,215373321,ES,False,3413,11044
ENSG00000115414.18,chr2,215372015,215373321,3AS,False,3413,6120
ENSG00000115414.18,chr2,215372300,215373321,3AS,False,2081,10339
ENSG00000115414.18,chr2,215379317,215382211,ES,False,8230,13046
ENSG00000115414.18,chr2,215394527,215394723,TSS,True,9235,14370
ENSG00000115414.18,chr2,215435654,215436121,TSS,True,9088,14560
ENSG00000143727.15,chr2,271939,275139,ME,False,53,100
ENSG00000130508.10,chr2,1684151,1691927,ES,False,30,136
ENSG00000130508.10,chr2,1648171,1649673,TSS,True,219,294
ENSG00000130508.10,chr2,1744255,1744568,TSS,True,163,295
ENSG00000138448.11,chr2,186589809,186590523,TSS,True,32,106
ENSG00000119777.19,chr2,27032901,27033166,TSS,True,35,169
ENSG00000119013.8,chr2,201071991,201072059,TSS,True,74,111
ENSG00000153250.19,chr2,160281364,160284774,ES,False,76,119
ENSG00000153250.19,chr2,160285044,160286977,5AS,False,58,121
ENSG00000153250.19,chr2,160407463,160408117,TSS,False,28,125
ENSG00000197756.9,chr2,216498814,216498877,TSS,True,34,229
ENSG00000197756.9,chr2,216498869,216499398,TSS,True,204,229
ENSG00000077380.15,chr2,171687433,171687627,TSS,True,103,198
ENSG00000077380.15,chr2,171687620,171687873,TSS,True,105,198
ENSG00000077380.15,chr2,171747775,171749697,PAS,True,29,196
ENSG00000179526.16,chr8,144099205,144099276,IR,True,87,100
ENSG00000179526.16,chr8,144103552,144104905,TSS,True,17,130
ENSG00000178860.8,chr8,71843644,71844245,TSS,False,16,139
ENSG00000120992.17,chr8,54101754,54102030,TSS,True,13,107
ENSG00000104341.16,chr8,97775787,97776108,TSS,True,29,160
ENSG00000187954.12,chr8,144449579,144450770,PAS,True,67,102
ENSG00000187954.12,chr8,144451120,144452570,PAS,True,78,101
ENSG00000187954.12,chr8,144464808,144465440,TSS,True,87,102
ENSG00000187954.12,chr8,144465352,144465496,TSS,True,90,102
ENSG00000198363.17,chr8,61638360,61642887,3AS,False,44,276
ENSG00000198363.17,chr8,61643433,61644599,ES,False,37,277
ENSG00000198363.17,chr8,61644632,61651049,ES,False,50,278
ENSG00000198363.17,chr8,61499796,61503509,PAS,True,177,293
ENSG00000198363.17,chr8,61623699,61626280,PAS,True,116,283
ENSG00000120913.23,chr8,22579087,22579527,TSS,True,46,102
ENSG00000120913.23,chr8,22586570,22589374,TSS,True,76,102
ENSG00000169398.19,chr8,141001124,141001674,TSS,True,45,107
ENSG00000169398.19,chr8,141000879,141001122,TSS,True,92,107
ENSG00000169398.19,chr8,140718316,140718672,TSS,True,86,104
ENSG00000168487.18,chr8,22197420,22201802,3AS,False,88,108
ENSG00000168487.18,chr8,22164896,22165553,TSS,True,60,333
ENSG00000168487.18,chr8,22201117,22201482,PAS,True,113,309
ENSG00000168487.18,chr8,22211593,22212326,PAS,True,201,324
ENSG00000134013.15,chr8,23403953,23404194,TSS,True,117,804
ENSG00000147649.9,chr8,97691188,97706625,ES,False,18,157
ENSG00000161016.17,chr8,144792365,144792428,TSS,False,62,353
ENSG00000158669.11,chr8,41578038,41578278,TSS,True,22,134
ENSG00000077782.20,chr8,38418373,38419538,5AS,False,17,129
ENSG00000077782.20,chr8,38428093,38428351,5AS,False,85,118
ENSG00000077782.20,chr8,38428435,38457355,ES,False,104,117
ENSG00000077782.20,chr8,38467980,38468832,TSS,True,49,154
ENSG00000179950.13,chr8,143818534,143821596,ES,False,112,255
ENSG00000179950.13,chr8,143821913,143829279,ES,False,30,237
ENSG00000179950.13,chr8,143824396,143829279,3AS,False,21,207
ENSG00000179950.13,chr8,143829279,143829376,TSS,True,40,277
ENSG00000164924.17,chr8,100951928,100952852,TSS,True,53,210
ENSG00000147535.16,chr8,38267960,38268370,IR,False,84,107
ENSG00000147535.16,chr8,38263118,38264604,PAS,True,47,111
ENSG00000147535.16,chr8,38266979,38267391,PAS,True,82,108
ENSG00000147535.16,chr8,38269125,38269564,TSS,False,19,113
ENSG00000104529.17,chr8,143586849,143597347,3AS,False,17,157
ENSG00000104529.17,chr8,143597347,143598252,TSS,True,38,196
ENSG00000156482.10,chr8,98045507,98045561,TSS,False,33,185
ENSG00000156482.10,chr8,98045346,98045513,TSS,True,162,185
ENSG00000104763.18,chr8,18056296,18057623,PAS,True,19,141
ENSG00000104763.18,chr8,18063470,18067298,PAS,True,123,140
ENSG00000179632.9,chr8,144103871,144104858,TSS,True,20,180
ENSG00000137575.11,chr8,58572314,58575902,3AS,False,49,213
ENSG00000104635.13,chr8,22367230,22367408,TSS,True,22,186
ENSG00000185803.9,chr8,144358554,144359065,TSS,True,20,126
ENSG00000179091.4,chr8,144095228,144095832,IR,False,140,166
ENSG00000179091.4,chr8,144095054,144095228,TSS,False,30,175
ENSG00000179091.4,chr8,144095055,144096029,TSS,True,149,175
ENSG00000159322.17,chr15,72752892,72755555,3AS,False,61,103
ENSG00000159322.17,chr15,72751294,72752895,PAS,True,67,109
ENSG00000159322.17,chr15,72751294,72752892,PAS,True,46,109
ENSG00000159322.17,chr15,72783458,72783781,TSS,True,12,111
ENSG00000166147.13,chr15,48645574,48645758,TSS,True,243,301
ENSG00000103647.12,chr15,68511945,68512963,TSS,True,36,151
ENSG00000128951.13,chr15,48331405,48331479,TSS,True,87,100
ENSG00000128951.13,chr15,48331399,48332406,TSS,False,85,100
ENSG00000128951.13,chr15,48331409,48331795,TSS,True,36,100
ENSG00000166887.15,chr15,42208080,42208335,TSS,True,18,103
ENSG00000103855.17,chr15,73684201,73684460,TSS,True,36,162
ENSG00000260916.7,chr15,55354628,55356409,PAS,True,241,375
ENSG00000260916.7,chr15,55355238,55360944,PAS,True,134,363
ENSG00000260916.7,chr15,55408220,55408470,TSS,True,89,375
ENSG00000260916.7,chr15,55407846,55408373,TSS,False,308,375
ENSG00000140553.17,chr15,90935330,90935543,5AS,False,71,135
ENSG00000140553.17,chr15,90935216,90935330,TSS,True,78,149
ENSG00000140553.17,chr15,90935268,90935375,TSS,True,85,149
ENSG00000137809.16,chr15,68432014,68432203,TSS,False,186,780
ENSG00000140157.14,chr15,22838643,22838921,TSS,True,20,107
ENSG00000140157.14,chr15,22838647,22839174,TSS,True,96,107
ENSG00000182718.16,chr15,60386086,60397942,ME,False,94,105
ENSG00000182718.16,chr15,60386086,60397942,ME,False,94,105
ENSG00000182718.16,chr15,60386086,60397942,ME,False,87,105
ENSG00000182718.16,chr15,60386086,60397942,ME,False,86,104
ENSG00000182718.16,chr15,60386086,60397942,ME,False,82,105
ENSG00000136378.14,chr15,78765644,78767054,TSS,True,113,136
ENSG00000136378.14,chr15,78767378,78767590,TSS,True,107,136
ENSG00000136378.14,chr15,78811120,78811522,TSS,True,107,138
ENSG00000136378.14,chr15,78771161,78771248,TSS,True,117,136
ENSG00000140416.20,chr15,63042943,63043705,IR,False,91,235
ENSG00000140416.20,chr15,63043831,63056984,5AS,False,103,234
ENSG00000140416.20,chr15,63060939,63062214,ME,False,317,1390
ENSG00000140416.20,chr15,63060939,63061712,ES,False,317,362
ENSG00000140416.20,chr15,63042137,63042943,TSS,True,225,1497
ENSG00000273749.4,chr15,22980286,22980440,TSS,True,20,130
ENSG00000140564.11,chr15,90871538,90871605,TSS,False,63,117
ENSG00000028528.14,chr15,64095898,64096172,TSS,True,14,112
ENSG00000140497.16,chr15,74873198,74873392,TSS,True,12,115
ENSG00000137801.10,chr15,39581076,39581228,TSS,True,249,284
ENSG00000137801.10,chr15,39587544,39589086,TSS,True,254,283
ENSG00000137801.10,chr15,39589784,39590023,TSS,True,203,283
ENSG00000129009.12,chr15,74173814,74174019,TSS,False,141,176
ENSG00000129009.12,chr15,74174554,74174653,TSS,False,99,176
ENSG00000185787.14,chr15,78872781,78873057,TSS,True,80,461
ENSG00000206190.11,chr15,25678710,25679974,PAS,False,36,149
ENSG00000206190.11,chr15,25862647,25863535,TSS,True,60,181
ENSG00000114062.19,chr15,25438488,25439115,TSS,True,41,105
ENSG00000114062.19,chr15,25340084,25340139,TSS,True,68,102
ENSG00000182774.12,chr15,82540425,82540460,TSS,True,42,217
ENSG00000182774.12,chr15,82539980,82540445,TSS,True,191,217
ENSG00000179010.14,chr4,6640708,6640827,IR,False,59,154
ENSG00000179010.14,chr4,6640655,6640708,TSS,False,97,156
ENSG00000179010.14,chr4,6640682,6641258,TSS,True,61,156
ENSG00000152795.17,chr4,82424883,82426036,IR,False,171,231
ENSG00000152795.17,chr4,82422746,82424883,PAS,True,80,260
ENSG00000152795.17,chr4,82423203,82426129,PAS,True,176,234
ENSG00000152795.17,chr4,82429247,82430469,TSS,True,41,260
ENSG00000071127.16,chr4,10116650,10116986,TSS,True,34,306
ENSG00000154277.12,chr4,41256875,41257020,TSS,True,65,421
ENSG00000159674.11,chr4,1172543,1172866,TSS,True,71,284
ENSG00000159674.11,chr4,1171851,1172094,TSS,True,255,284
ENSG00000163069.12,chr4,52029863,52038226,ES,True,24,205
ENSG00000163069.12,chr4,52038226,52038315,TSS,True,31,236
ENSG00000138801.8,chr4,107720119,107720395,TSS,False,28,252
ENSG00000163682.16,chr4,39458890,39458946,TSS,True,24,119
ENSG00000163682.16,chr4,39458393,39458911,TSS,True,101,119
ENSG00000163956.11,chr4,3532208,3532446,TSS,True,51,335
ENSG00000163956.11,chr4,3514751,3514825,TSS,True,290,335
ENSG00000087274.16,chr4,2905015,2907742,5AS,False,222,269
ENSG00000087274.16,chr4,2843837,2844024,TSS,True,31,287
ENSG00000138758.11,chr4,76949691,76949930,TSS,True,48,259
ENSG00000138758.11,chr4,77030782,77038607,PAS,True,186,228
ENSG00000138758.11,chr4,77034496,77040154,PAS,True,91,228
ENSG00000138758.11,chr4,77039742,77040382,PAS,True,223,259
ENSG00000129116.18,chr4,168630913,168631900,TSS,True,397,556
ENSG00000129116.18,chr4,168831990,168832171,TSS,True,271,551
ENSG00000150961.14,chr4,118815155,118815450,3AS,True,166,222
ENSG00000109475.16,chr4,108620535,108620600,TSS,False,76,362
ENSG00000109475.16,chr4,108620576,108622024,TSS,True,297,362
ENSG00000155011.8,chr4,107035369,107036474,TSS,True,154,510
ENSG00000155011.8,chr4,106925798,106925952,TSS,True,366,510
ENSG00000109762.15,chr4,185363384,185363974,PAS,True,11,100
ENSG00000109332.19,chr4,102827426,102827835,TSS,True,91,177
ENSG00000109332.19,chr4,102826484,102827192,TSS,True,136,177
ENSG00000109332.19,chr4,102827591,102827920,TSS,True,145,177
ENSG00000168785.7,chr4,98482175,98507677,ES,True,18,107
ENSG00000151729.10,chr4,185143253,185143483,TSS,True,32,278
ENSG00000145425.9,chr4,151099569,151099714,TSS,True,184,733
ENSG00000168936.10,chr4,1720632,1721320,TSS,True,23,102
ENSG00000145431.10,chr4,156850416,156970785,ES,False,90,109
ENSG00000145431.10,chr4,156970785,156972046,TSS,True,17,126
ENSG00000123933.16,chr4,2261916,2262128,TSS,True,110,292
ENSG00000138668.18,chr4,82355401,82356795,ES,False,99,191
ENSG00000138668.18,chr4,82359639,82373445,ES,False,31,189
ENSG00000138668.18,chr4,82373445,82374086,TSS,True,41,230
ENSG00000138668.18,chr4,82355303,82355380,TSS,True,195,230
ENSG00000138674.16,chr4,82829058,82844385,ES,False,140,199
ENSG00000138674.16,chr4,82857764,82862533,ES,False,52,157
ENSG00000138674.16,chr4,82857764,82863317,ES,False,37,193
ENSG00000138674.16,chr4,82881937,82891087,3AS,False,38,192
ENSG00000138674.16,chr4,82891087,82891255,TSS,False,24,217
ENSG00000132463.13,chr4,70839470,70839959,TSS,False,27,112
ENSG00000132463.13,chr4,70832306,70832452,TSS,True,98,112
ENSG00000159692.15,chr4,1212423,1212912,3AS,False,66,120
ENSG00000159692.15,chr4,1238337,1248915,ES,False,24,104
ENSG00000159692.15,chr4,1211432,1212426,PAS,True,67,121
ENSG00000159692.15,chr4,1211429,1212423,PAS,True,55,121
ENSG00000159692.15,chr4,1248915,1249467,TSS,True,21,127
ENSG00000161970.14,chr17,8383156,8383197,TSS,False,23,229
ENSG00000243678.11,chr17,51166265,51166497,TSS,True,38,296
ENSG00000108312.14,chr17,44220739,44221037,TSS,True,72,100
ENSG00000108312.14,chr17,44219444,44219904,TSS,True,55,100
ENSG00000108821.13,chr17,50186922,50187010,IR,True,44,249
ENSG00000108821.13,chr17,50186922,50187017,IR,True,46,251
ENSG00000108821.13,chr17,50190588,50190811,3AS,True,46,181
ENSG00000108821.13,chr17,50193041,50193938,3AS,True,21,162
ENSG00000108821.13,chr17,50193043,50193942,IR,True,30,173
ENSG00000108821.13,chr17,50201410,50201696,TSS,False,11264,53045
ENSG00000182473.21,chr17,76103632,76103791,TSS,True,56,236
ENSG00000219200.11,chr17,7012757,7013665,5AS,False,15,114
ENSG00000219200.11,chr17,7012575,7012761,TSS,True,23,122
ENSG00000219200.11,chr17,7012622,7012757,TSS,True,107,122
ENSG00000183010.16,chr17,81936861,81937261,5AS,False,133,175
ENSG00000183010.16,chr17,81937261,81937328,TSS,True,251,384
ENSG00000183010.16,chr17,81936747,81937288,TSS,True,272,384
ENSG00000183010.16,chr17,81937241,81937269,TSS,True,343,384
ENSG00000131473.16,chr17,41893174,41897748,ES,False,65,135
ENSG00000131473.16,chr17,41913896,41918879,3AS,False,69,119
ENSG00000131473.16,chr17,41918879,41919084,TSS,True,33,154
ENSG00000167543.15,chr17,29568613,29568830,TSS,True,25,154
ENSG00000157637.12,chr17,81294822,81295503,TSS,True,48,282
ENSG00000070540.12,chr17,68450897,68457341,ES,False,36,141
ENSG00000183688.4,chr17,445835,445940,TSS,False,17,120
ENSG00000128422.16,chr17,41624077,41624579,TSS,True,30,219
ENSG00000141367.11,chr17,59619349,59620173,TSS,True,30,175
ENSG00000108784.9,chr17,42536215,42536655,TSS,True,22,164
ENSG00000030582.17,chr17,44345096,44345334,TSS,True,116,824
ENSG00000108946.14,chr17,68512399,68512548,TSS,True,123,548
ENSG00000141696.12,chr17,41811453,41812635,TSS,True,37,295
ENSG00000132383.11,chr17,1829950,1830126,TSS,False,16,143
ENSG00000184009.11,chr17,81512733,81512855,TSS,True,304,2309
ENSG00000108298.11,chr17,39200112,39200349,TSS,False,281,641
ENSG00000108298.11,chr17,39200339,39203109,TSS,True,392,641
ENSG00000141522.11,chr17,81871297,81871406,TSS,True,61,176
ENSG00000108883.12,chr17,44899368,44899648,TSS,True,17,141
ENSG00000062716.12,chr17,59707510,59707748,TSS,False,17,119
ENSG00000168610.14,chr17,42317224,42322284,5AS,False,12,117
ENSG00000168610.14,chr17,42348517,42388278,3AS,False,25,110
ENSG00000168610.14,chr17,42388278,42388586,TSS,True,23,133
ENSG00000159199.13,chr17,48892759,48892840,TSS,False,33,100
ENSG00000002834.17,chr17,38869798,38870258,TSS,True,89,265
PB_novel_304648,chr17,50185777,50185857,PAS,True,240,290
ENSG00000182534.13,chr17,76680879,76685071,ES,False,112,147
ENSG00000182534.13,chr17,76679568,76680879,PAS,True,54,203
ENSG00000182534.13,chr17,76675416,76677702,PAS,False,155,206
ENSG00000108465.14,chr17,47975653,47975868,IR,False,68,100
ENSG00000108465.14,chr17,47971015,47971152,TSS,True,27,106
ENSG00000108465.14,chr17,47971020,47971407,TSS,True,90,106
ENSG00000125691.12,chr17,38853697,38853764,TSS,True,88,151
ENSG00000125691.12,chr17,38852603,38853720,TSS,True,74,151
ENSG00000188612.11,chr17,75182813,75182990,TSS,True,20,129
ENSG00000087191.12,chr17,63827380,63827514,TSS,True,28,153
ENSG00000087191.12,chr17,63827460,63827923,TSS,True,137,153
ENSG00000109113.19,chr17,28715122,28715218,5AS,False,35,167
ENSG00000109113.19,chr17,28717212,28718419,TSS,True,45,179
ENSG00000109113.19,chr17,28718121,28718530,TSS,True,152,179
ENSG00000072778.19,chr17,7222081,7222176,IR,False,307,443
ENSG00000072778.19,chr17,7222302,7222666,IR,True,345,444
ENSG00000072778.19,chr17,7222865,7223132,IR,False,226,449
ENSG00000072778.19,chr17,7219853,7220046,TSS,True,70,460
ENSG00000161547.16,chr17,76735158,76736153,IR,False,126,141
ENSG00000161547.16,chr17,76734114,76735158,PAS,True,19,150
ENSG00000161547.16,chr17,76736798,76737877,TSS,True,39,183
ENSG00000167193.7,chr17,1423650,1436789,5AS,False,60,115
ENSG00000108828.15,chr17,43021935,43022417,TSS,True,43,338
ENSG00000108654.14,chr17,64500326,64500548,IR,True,906,1067
ENSG00000108654.14,chr17,64500773,64502009,IR,False,713,1053
ENSG00000108654.14,chr17,64498253,64500326,PAS,True,173,1085
ENSG00000108654.14,chr17,64498254,64502069,PAS,True,932,1082
ENSG00000177469.12,chr17,42422626,42423258,TSS,False,96,708
ENSG00000225663.7,chr17,81822907,81823208,IR,False,14,107
ENSG00000225663.7,chr17,81822412,81823311,PAS,True,17,107
ENSG00000225663.7,chr17,81822416,81822907,PAS,True,94,108
ENSG00000225663.7,chr17,81833237,81833309,TSS,True,11,108
ENSG00000175061.17,chr17,16439414,16440184,ES,False,162,252
ENSG00000175061.17,chr17,16440253,16441367,ES,False,33,254
ENSG00000175061.17,chr17,16438983,16439060,TSS,True,40,266
ENSG00000175061.17,chr17,16438984,16439414,TSS,True,239,266
ENSG00000197879.16,chr17,1491599,1491883,TSS,True,139,192
ENSG00000197879.16,chr17,1485693,1486131,TSS,True,119,192
ENSG00000006744.18,chr17,13017702,13018044,TSS,True,15,142
ENSG00000182446.13,chr17,81636915,81637112,TSS,True,42,103
ENSG00000177731.15,chr17,18251813,18251998,3AS,False,102,253
ENSG00000177731.15,chr17,18258627,18258774,TSS,True,58,302
ENSG00000142507.9,chr17,4796133,4796296,TSS,True,113,235
ENSG00000172809.12,chr17,74203710,74203917,5AS,False,30,154
ENSG00000172809.12,chr17,74203674,74203710,TSS,False,135,165
ENSG00000172809.12,chr17,74203671,74203745,TSS,True,41,165
ENSG00000131469.14,chr17,42998395,42998471,TSS,False,56,222
ENSG00000131469.14,chr17,42998437,43000102,TSS,True,195,222
ENSG00000131469.14,chr17,42998448,42998831,TSS,False,196,222
ENSG00000173812.10,chr17,41688884,41689069,TSS,False,37,327
ENSG00000109079.9,chr17,28335711,28335856,TSS,True,77,105
ENSG00000108528.13,chr17,4939815,4940068,TSS,True,35,147
ENSG00000166482.11,chr17,19387149,19387224,TSS,False,74,534
ENSG00000171298.12,chr17,80101625,80104554,ES,False,72,110
ENSG00000171298.12,chr17,80101141,80101625,TSS,True,39,149
ENSG00000011028.13,chr17,62627131,62627920,TSS,True,269,389
ENSG00000141552.17,chr17,81891657,81891833,TSS,True,65,106
ENSG00000141552.17,chr17,81891731,81891841,TSS,True,54,106
ENSG00000109099.14,chr17,15260649,15260840,TSS,True,110,144
ENSG00000109099.14,chr17,15262428,15262555,TSS,True,39,144
ENSG00000006282.20,chr17,50547285,50548282,ES,False,17,111
ENSG00000006282.20,chr17,50550115,50550207,IR,False,101,116
ENSG00000006282.20,chr17,50551679,50551968,IR,False,105,121
ENSG00000132507.17,chr17,7307460,7307752,TSS,True,73,615
ENSG00000108561.8,chr17,5438841,5439193,TSS,False,34,162
ENSG00000169727.12,chr17,82054049,82054509,3AS,False,129,152
ENSG00000169727.12,chr17,82054975,82055164,3AS,False,27,155
ENSG00000169727.12,chr17,82051518,82051964,TSS,False,28,159
ENSG00000128309.16,chr22,37019036,37019774,TSS,True,92,113
ENSG00000128309.16,chr22,37019747,37019872,TSS,True,34,113
ENSG00000099956.19,chr22,23791867,23793558,5AS,False,63,167
ENSG00000100364.18,chr22,45240639,45240943,TSS,True,67,141
ENSG00000100364.18,chr22,45211955,45212635,TSS,True,105,141
ENSG00000100234.11,chr22,32801684,32802122,TSS,False,13,108
ENSG00000100325.14,chr22,29825257,29832244,ES,False,27,120
ENSG00000100325.14,chr22,29832342,29838177,ES,False,67,119
ENSG00000100258.17,chr22,50507581,50507802,TSS,True,39,173
ENSG00000100258.17,chr22,50506781,50507745,TSS,True,154,173
ENSG00000099998.17,chr22,24244552,24245748,TSS,True,17,101
ENSG00000184076.13,chr22,29767548,29769677,5AS,True,90,105
ENSG00000184076.13,chr22,29767381,29767607,TSS,True,91,106
ENSG00000184076.13,chr22,29767378,29767548,TSS,False,16,106
ENSG00000196419.12,chr22,41621215,41621345,TSS,True,42,305
ENSG00000185340.15,chr22,29306828,29307153,TSS,False,33,104
ENSG00000185340.15,chr22,29307023,29308738,TSS,True,90,104
ENSG00000196576.14,chr22,50307552,50307691,TSS,True,99,157
ENSG00000100345.21,chr22,36387806,36388109,TSS,False,384,686
ENSG00000100242.15,chr22,38755762,38756048,TSS,True,40,105
ENSG00000070413.19,chr22,19122127,19122446,TSS,True,22,101
ENSG00000100138.14,chr22,41688793,41688884,TSS,True,28,108
ENSG00000100225.17,chr22,32475124,32479132,3AS,False,12,114
ENSG00000100225.17,chr22,32474703,32475124,TSS,True,27,147
ENSG00000100225.17,chr22,32475222,32475398,TSS,True,123,147
ENSG00000198792.12,chr22,38272883,38273049,TSS,True,60,206
ENSG00000099901.16,chr22,20126368,20126954,3AS,False,38,106
ENSG00000099901.16,chr22,20126951,20127354,PAS,True,40,108
ENSG00000099901.16,chr22,20126954,20127368,PAS,True,70,108
ENSG00000100106.20,chr22,37751828,37754915,3AS,True,21,148
ENSG00000100106.20,chr22,37773782,37776523,PAS,True,19,156
ENSG00000100075.9,chr22,19178579,19178878,TSS,True,22,118
ENSG00000100075.9,chr22,19178386,19178736,TSS,False,105,118
ENSG00000100387.8,chr22,40951353,40951476,TSS,True,31,130
ENSG00000100387.8,chr22,40967798,40967884,TSS,True,104,130
ENSG00000077942.18,chr22,45562911,45563362,PAS,True,163,242
ENSG00000077942.18,chr22,45600306,45602846,PAS,False,79,242
ENSG00000182944.17,chr22,29288786,29291564,3AS,False,66,113
ENSG00000182944.17,chr22,29268100,29268349,TSS,True,22,127
ENSG00000100227.17,chr22,42614798,42614964,TSS,True,18,108
ENSG00000100359.20,chr22,40400813,40402138,ES,False,43,123
ENSG00000100359.20,chr22,40409018,40409249,IR,False,100,122
ENSG00000100359.20,chr22,40370560,40370688,TSS,True,24,148
ENSG00000128245.14,chr22,31944515,31944820,TSS,True,45,324
ENSG00000196305.17,chr9,92289426,92293610,5AS,False,93,152
ENSG00000196305.17,chr9,92293440,92293716,TSS,True,110,169
ENSG00000196305.17,chr9,92293610,92293745,TSS,True,76,169
ENSG00000107223.12,chr9,136862117,136862345,PAS,False,20,120
ENSG00000148180.19,chr9,121281562,121301962,ME,False,85,113
ENSG00000148180.19,chr9,121281562,121301962,ME,False,85,113
ENSG00000148180.19,chr9,121281562,121301962,ME,False,85,113
ENSG00000148180.19,chr9,121281562,121301962,ME,False,84,113
ENSG00000148180.19,chr9,121281562,121301962,ME,False,83,113
ENSG00000148180.19,chr9,121281562,121301962,ME,False,81,113
ENSG00000148180.19,chr9,121281562,121301962,ME,False,81,113
ENSG00000148180.19,chr9,121281562,121301962,ES,False,378,501
ENSG00000148180.19,chr9,121267812,121268219,TSS,True,143,693
ENSG00000148180.19,chr9,121299800,121300005,TSS,False,610,693
ENSG00000147883.10,chr9,22008797,22009305,TSS,False,23,165
ENSG00000148248.13,chr9,133375921,133376131,TSS,True,48,297
ENSG00000119487.16,chr9,125484583,125543058,ES,False,34,130
ENSG00000119487.16,chr9,125669907,125706970,ES,False,15,137
ENSG00000148303.16,chr9,133348206,133348246,TSS,False,85,171
ENSG00000148303.16,chr9,133348240,133349042,TSS,True,140,171
ENSG00000106976.20,chr9,128250940,128254008,3AS,True,30,103
ENSG00000106976.20,chr9,128203344,128203631,TSS,True,38,127
ENSG00000106976.20,chr9,128254005,128255256,PAS,True,34,106
ENSG00000106976.20,chr9,128254008,128255256,PAS,False,76,106
ENSG00000159069.13,chr9,136943890,136944795,TSS,True,255,296
ENSG00000159069.13,chr9,136944593,136944762,TSS,True,53,296
ENSG00000148120.16,chr9,95003833,95004286,TSS,False,94,110
ENSG00000148120.16,chr9,95004931,95005065,TSS,True,45,110
ENSG00000148120.16,chr9,94921184,94921345,TSS,True,124,139
ENSG00000148120.16,chr9,95086681,95087481,PAS,True,63,139
ENSG00000148120.16,chr9,95082574,95087157,PAS,True,117,133
ENSG00000135047.14,chr9,87726062,87726253,TSS,False,98,137
ENSG00000135047.14,chr9,87725582,87726398,TSS,True,95,137
ENSG00000188229.5,chr9,137241286,137241417,TSS,True,70,183
ENSG00000106991.13,chr9,127854288,127854749,TSS,True,43,253
ENSG00000130720.12,chr9,130938535,130938851,TSS,True,93,121
ENSG00000130720.12,chr9,130939002,130939247,TSS,True,92,121
ENSG00000099139.13,chr9,75890599,75891373,TSS,True,31,117
ENSG00000165119.20,chr9,83969380,83970161,3AS,False,150,299
ENSG00000165119.20,chr9,83973399,83974516,ES,False,39,292
ENSG00000165119.20,chr9,83967990,83969440,PAS,True,150,299
ENSG00000165119.20,chr9,83968082,83969380,PAS,True,149,299
ENSG00000165119.20,chr9,83980502,83980645,TSS,True,137,327
ENSG00000165119.20,chr9,83980152,83980270,TSS,True,238,327
ENSG00000176978.13,chr9,137112230,137112744,IR,True,83,103
ENSG00000176978.13,chr9,137114646,137114909,TSS,True,25,104
ENSG00000176978.13,chr9,137114462,137115159,TSS,True,87,104
ENSG00000160445.10,chr9,128771814,128771942,TSS,False,86,105
ENSG00000160445.10,chr9,128771580,128771936,TSS,True,28,105
ENSG00000198467.14,chr9,35684550,35684731,IR,False,52,101
ENSG00000198467.14,chr9,35684550,35685268,ME,False,225,252
ENSG00000198467.14,chr9,35684550,35685063,IR,False,226,275
ENSG00000167123.18,chr9,128420443,128421074,TSS,True,42,303
ENSG00000054148.17,chr9,136848968,136849590,TSS,True,25,148
ENSG00000148334.14,chr9,128127438,128128446,TSS,True,12,105
ENSG00000137106.17,chr9,37422614,37422833,TSS,True,88,121
ENSG00000165688.11,chr9,136416391,136416950,IR,False,113,128
ENSG00000130635.15,chr9,134825904,134834970,ME,False,223,1866
ENSG00000165072.9,chr9,70043733,70044231,TSS,False,22,169
ENSG00000167110.17,chr9,128275892,128276056,TSS,True,79,100
ENSG00000023734.10,chr12,15882819,15889927,ES,False,38,312
ENSG00000092841.18,chr12,56160320,56161386,ES,False,104,946
ENSG00000092841.18,chr12,56160320,56161386,IR,True,104,143
ENSG00000092841.18,chr12,56158337,56158404,TSS,True,283,1025
ENSG00000092841.18,chr12,56158359,56159730,TSS,True,801,1024
ENSG00000060138.12,chr12,10704148,10713210,ES,False,168,559
ENSG00000184575.11,chr12,64404318,64404804,TSS,False,15,110
ENSG00000182199.10,chr12,57229648,57229811,TSS,True,104,139
ENSG00000182199.10,chr12,57233176,57233345,TSS,True,54,139
ENSG00000135677.10,chr12,64759084,64759446,TSS,True,18,168
ENSG00000151491.13,chr12,15789160,15790148,TSS,True,22,194
ENSG00000211455.7,chr12,27244230,27244332,TSS,True,18,140
ENSG00000063046.17,chr12,53006278,53006496,TSS,True,33,120
ENSG00000011465.16,chr12,91179361,91179559,TSS,True,1407,2051
ENSG00000011465.16,chr12,91182654,91182916,TSS,True,992,2051
ENSG00000011465.16,chr12,91151653,91151678,TSS,True,1829,2036
ENSG00000089009.15,chr12,112409586,112409634,TSS,True,104,405
ENSG00000089009.15,chr12,112408419,112409605,TSS,True,328,405
ENSG00000174099.11,chr12,65278865,65326825,ES,False,74,120
ENSG00000174099.11,chr12,65278494,65278865,TSS,True,24,144
ENSG00000089157.15,chr12,120201082,120201113,TSS,True,331,959
ENSG00000089157.15,chr12,120199309,120199489,TSS,True,715,959
ENSG00000182196.13,chr12,122980745,122981128,5AS,False,72,107
ENSG00000182196.13,chr12,122981809,122982030,IR,False,22,143
ENSG00000182196.13,chr12,122980468,122980745,TSS,True,71,143
ENSG00000182196.13,chr12,122980680,122980812,TSS,True,113,143
ENSG00000135390.18,chr12,53676052,53676736,TSS,True,44,106
ENSG00000135390.18,chr12,53672575,53674181,TSS,True,90,106
ENSG00000196531.10,chr12,56725262,56725531,TSS,True,33,214
ENSG00000134294.13,chr12,46372508,46373583,TSS,True,31,115
ENSG00000198431.15,chr12,104286893,104287109,TSS,True,33,106
ENSG00000198431.15,chr12,104286935,104287346,TSS,True,89,106
ENSG00000089053.12,chr12,121328458,121330582,3AS,False,103,292
ENSG00000089053.12,chr12,121346031,121346895,IR,False,249,286
ENSG00000135506.15,chr12,57715970,57716091,3AS,False,567,766
ENSG00000135506.15,chr12,57719182,57720405,ES,False,397,776
ENSG00000183160.8,chr12,108592397,108597969,ES,False,123,152
ENSG00000183160.8,chr12,108597969,108598096,TSS,True,25,176
ENSG00000173598.13,chr12,93395533,93398770,3AS,False,57,105
ENSG00000173598.13,chr12,93377868,93378421,TSS,True,53,153
ENSG00000127314.17,chr12,68611043,68648698,5AS,False,84,121
ENSG00000127314.17,chr12,68610571,68611043,TSS,True,51,139
ENSG00000127314.17,chr12,68610868,68611052,TSS,True,102,139
ENSG00000151135.9,chr12,106956065,106967110,ES,False,37,106
ENSG00000151135.9,chr12,106955810,106956065,TSS,True,29,135
ENSG00000151135.9,chr12,106956877,106957149,TSS,True,120,135
ENSG00000257727.5,chr12,56306277,56310595,PAS,True,13,105
ENSG00000257727.5,chr12,56313611,56314966,PAS,True,91,104
ENSG00000110811.19,chr12,6828011,6828938,TSS,False,27,136
ENSG00000150991.14,chr12,124914586,124914848,TSS,False,129,1036
ENSG00000022840.15,chr12,120563070,120563346,3AS,False,187,211
ENSG00000135480.15,chr12,52232613,52233620,TSS,True,33,174
ENSG00000135480.15,chr12,52232611,52232791,TSS,True,156,174
ENSG00000229117.8,chr12,56116425,56116659,TSS,True,143,1239
ENSG00000166598.14,chr12,103930362,103930564,TSS,True,65,565
ENSG00000159335.15,chr12,6766149,6766750,TSS,True,42,129
ENSG00000110880.10,chr12,108731428,108731991,TSS,True,33,126
ENSG00000139641.12,chr12,56133873,56134109,3AS,False,140,166
ENSG00000139641.12,chr12,56128093,56128709,TSS,True,27,180
ENSG00000175203.15,chr12,57535845,57546027,5AS,True,109,128
ENSG00000175203.15,chr12,57547027,57547280,TSS,True,76,208
ENSG00000111652.9,chr12,6724152,6724613,5AS,False,15,120
ENSG00000111652.9,chr12,6724179,6724613,5AS,False,87,105
ENSG00000111652.9,chr12,6724818,6728222,ES,False,13,124
ENSG00000111652.9,chr12,6724014,6724179,TSS,True,42,128
ENSG00000111652.9,chr12,6723952,6724152,TSS,True,113,128
ENSG00000111652.9,chr12,6724099,6724250,TSS,True,111,128
ENSG00000075415.12,chr12,98593740,98593974,IR,False,158,205
ENSG00000075415.12,chr12,98593626,98593740,TSS,True,70,236
ENSG00000075415.12,chr12,98593685,98594135,TSS,True,188,236
ENSG00000111716.12,chr12,21657750,21657845,TSS,False,43,347
ENSG00000135486.17,chr12,54282874,54283811,ES,False,303,360
ENSG00000004700.15,chr12,21501169,21501643,TSS,True,64,141
ENSG00000004700.15,chr12,21501412,21501657,TSS,True,115,141
ENSG00000004700.15,chr12,21501462,21501664,TSS,True,115,141
ENSG00000139211.6,chr12,47079065,47079461,ES,False,81,125
ENSG00000139211.6,chr12,47076455,47079065,PAS,True,15,142
ENSG00000139211.6,chr12,47079461,47080427,TSS,True,19,142
ENSG00000185633.10,chr12,57235809,57236592,5AS,False,108,132
ENSG00000111186.12,chr12,1530145,1530950,TSS,False,35,316
ENSG00000244242.1,chr11,1749014,1749393,TSS,True,96,143
ENSG00000244242.1,chr11,1750358,1750595,TSS,True,101,143
ENSG00000244242.1,chr11,1747666,1748189,TSS,True,123,143
ENSG00000244242.1,chr11,1750065,1750100,TSS,True,126,143
ENSG00000110756.17,chr11,18321945,18322501,TSS,True,40,113
ENSG00000110756.17,chr11,18322076,18322531,TSS,True,99,113
ENSG00000110717.12,chr11,68030605,68030733,TSS,True,21,112
ENSG00000110717.12,chr11,68030680,68032209,TSS,False,98,112
ENSG00000014216.15,chr11,65181225,65181410,TSS,False,180,215
ENSG00000014216.15,chr11,65181270,65182013,TSS,True,74,215
ENSG00000085733.15,chr11,70398392,70398614,TSS,True,24,116
ENSG00000165915.13,chr11,47408441,47408662,TSS,True,64,314
ENSG00000165915.13,chr11,47410083,47410395,TSS,True,273,314
ENSG00000126391.13,chr11,65389528,65394040,ES,False,25,110
ENSG00000172500.12,chr11,65885186,65885529,5AS,False,99,112
ENSG00000149257.14,chr11,75562085,75562319,TSS,False,50,400
ENSG00000129084.17,chr11,14513887,14514402,IR,False,122,137
ENSG00000129084.17,chr11,14519041,14520296,5AS,False,109,138
ENSG00000129084.17,chr11,14520296,14520407,TSS,False,30,139
ENSG00000129084.17,chr11,14519904,14520402,TSS,True,121,139
ENSG00000085063.15,chr11,33722463,33736381,ES,False,176,258
ENSG00000085063.15,chr11,33736381,33736477,TSS,True,55,313
ENSG00000250644.3,chr11,1748119,1753802,ES,False,72,117
ENSG00000172638.12,chr11,65866712,65866844,IR,False,39,232
ENSG00000172638.12,chr11,65866299,65867079,PAS,True,53,245
ENSG00000172638.12,chr11,65866305,65866712,PAS,True,205,250
ENSG00000019144.18,chr11,118607582,118607699,TSS,True,93,113
ENSG00000019144.18,chr11,118620830,118621538,TSS,False,80,113
ENSG00000019144.18,chr11,118627360,118628650,TSS,True,101,113
ENSG00000167792.12,chr11,67606833,67607076,TSS,True,27,116
ENSG00000084234.17,chr11,130122513,130126699,ES,False,472,536
ENSG00000084234.17,chr11,130069835,130070082,TSS,True,58,576
ENSG00000168439.16,chr11,64186053,64186270,TSS,True,24,209
ENSG00000176973.7,chr11,65572960,65573362,3AS,False,126,180
ENSG00000176973.7,chr11,65573362,65574190,PAS,True,71,197
ENSG00000176973.7,chr11,65573352,65574190,PAS,True,143,197
ENSG00000166181.12,chr11,43335994,43342432,3AS,False,57,102
ENSG00000166181.12,chr11,43342427,43344530,PAS,True,64,110
ENSG00000166181.12,chr11,43342432,43344530,PAS,True,53,110
ENSG00000087053.18,chr11,95865676,95888155,ES,False,66,107
ENSG00000166333.13,chr11,6603822,6604225,3AS,False,187,252
ENSG00000166333.13,chr11,6603724,6603822,TSS,False,31,284
ENSG00000165916.8,chr11,47426204,47426475,TSS,False,28,241
ENSG00000110092.3,chr11,69641087,69641511,TSS,True,45,116
ENSG00000135387.20,chr11,34051660,34051871,TSS,True,45,128
ENSG00000135387.20,chr11,34052073,34052636,TSS,True,91,128
ENSG00000135387.20,chr11,34099302,34102610,PAS,True,22,128
ENSG00000135387.20,chr11,34097697,34102086,PAS,True,106,128
ENSG00000084207.16,chr11,67583513,67583844,TSS,True,39,338
ENSG00000167986.13,chr11,61332907,61333791,TSS,True,58,299
ENSG00000168003.16,chr11,62879988,62881447,TSS,True,17,148
ENSG00000129083.12,chr11,14498985,14499706,5AS,False,173,197
ENSG00000129083.12,chr11,14498985,14499741,5AS,False,50,249
ENSG00000129083.12,chr11,14499706,14499866,TSS,True,95,268
ENSG00000129083.12,chr11,14499741,14499878,TSS,True,218,268
ENSG00000130600.18,chr11,1996286,1997229,TSS,True,147,166
ENSG00000130600.18,chr11,1996517,1997824,TSS,True,37,166
ENSG00000085741.12,chr11,76210471,76210912,TSS,False,166,217
ENSG00000085741.12,chr11,76210346,76210761,TSS,True,181,217
ENSG00000085741.12,chr11,76206324,76206506,TSS,True,102,217
ENSG00000023191.16,chr11,502181,507112,3AS,False,77,219
ENSG00000023191.16,chr11,507112,507279,TSS,True,100,329
ENSG00000023191.16,chr11,506608,506871,TSS,True,249,329
ENSG00000205531.12,chr11,2945646,2951258,ES,False,138,185
ENSG00000205531.12,chr11,2992253,2992431,TSS,True,69,191
ENSG00000205531.12,chr11,2991793,2992260,TSS,False,147,191
ENSG00000177697.18,chr11,833026,836062,ES,False,163,326
ENSG00000177697.18,chr11,832731,833026,TSS,True,127,454
ENSG00000221968.8,chr11,61876455,61876865,IR,False,285,415
ENSG00000050165.17,chr11,12009171,12009385,TSS,False,993,1473
ENSG00000050165.17,chr11,12008369,12008649,TSS,True,710,1473
ENSG00000070081.16,chr11,17282943,17295323,ES,False,146,169
ENSG00000070081.16,chr11,17276685,17276828,TSS,True,80,211
ENSG00000070081.16,chr11,17276963,17277095,TSS,True,180,211
ENSG00000070081.16,chr11,17311192,17311283,TSS,True,175,211
ENSG00000076706.16,chr11,119317034,119317444,TSS,True,31,121
ENSG00000110321.16,chr11,10801087,10802048,ES,False,153,1184
ENSG00000172757.12,chr11,65858096,65858215,TSS,True,100,665
ENSG00000166441.12,chr11,8682731,8682816,TSS,False,39,161
ENSG00000166441.12,chr11,8682809,8683265,TSS,True,131,161
ENSG00000118181.10,chr11,119018281,119018345,TSS,True,29,271
ENSG00000118181.10,chr11,119017361,119018342,TSS,True,243,271
ENSG00000142186.16,chr11,65536750,65537036,3AS,False,56,145
ENSG00000142186.16,chr11,65525031,65525264,TSS,True,28,151
ENSG00000177030.16,chr11,694758,696635,TSS,False,20,167
ENSG00000172531.14,chr11,67401727,67401888,TSS,True,16,156
ENSG00000177830.17,chr11,904859,910774,ES,False,128,147
ENSG00000177830.17,chr11,868194,869956,PAS,True,35,169
ENSG00000177830.17,chr11,880866,882515,PAS,False,139,168
ENSG00000177830.17,chr11,910774,910894,TSS,True,24,171
ENSG00000173511.9,chr11,64237222,64237520,3AS,False,23,133
ENSG00000173511.9,chr11,64234487,64234893,TSS,True,19,139
ENSG00000182087.13,chr19,1011612,1011740,3AS,False,57,319
ENSG00000182087.13,chr19,1012188,1012462,IR,False,274,331
ENSG00000182087.13,chr19,1013340,1014191,3AS,False,296,330
ENSG00000105185.11,chr19,32581185,32581327,TSS,True,46,116
ENSG00000105185.11,chr19,32582647,32585011,TSS,True,76,116
ENSG00000142227.10,chr19,48325356,48325610,TSS,True,90,261
ENSG00000142227.10,chr19,48327599,48327623,TSS,True,180,261
ENSG00000129353.14,chr19,10602416,10602561,TSS,True,44,124
ENSG00000129353.14,chr19,10625460,10625670,TSS,True,105,124
ENSG00000105281.12,chr19,46787399,46788597,TSS,False,20,131
ENSG00000126254.11,chr19,35631405,35633097,3AS,False,38,110
ENSG00000167815.11,chr19,12796819,12797166,PAS,True,45,284
ENSG00000167815.11,chr19,12801739,12802015,TSS,True,49,284
ENSG00000105223.19,chr19,40348724,40365552,5AS,False,25,132
ENSG00000105223.19,chr19,40348724,40365717,5AS,False,15,144
ENSG00000105223.19,chr19,40348724,40365717,IR,False,15,119
ENSG00000105223.19,chr19,40348768,40365661,3AS,False,22,103
ENSG00000105223.19,chr19,40348768,40366418,ME,False,154,178
ENSG00000105223.19,chr19,40348768,40365717,3AS,False,127,230
ENSG00000105223.19,chr19,40348768,40366418,ES,False,107,366
ENSG00000105223.19,chr19,40348768,40366418,3AS,False,107,130
ENSG00000105223.19,chr19,40365585,40366418,5AS,False,31,128
ENSG00000105223.19,chr19,40348542,40348768,TSS,True,711,1100
ENSG00000105223.19,chr19,40364079,40365930,TSS,False,653,1100
ENSG00000125505.16,chr19,54189337,54189735,TSS,False,20,108
ENSG00000104852.14,chr19,49107712,49107821,3AS,False,73,233
ENSG00000104852.14,chr19,49085154,49085636,TSS,True,131,273
ENSG00000104852.14,chr19,49102417,49104735,TSS,True,196,273
ENSG00000104852.14,chr19,49107794,49108613,PAS,True,74,234
ENSG00000104852.14,chr19,49107821,49108613,PAS,True,161,234
ENSG00000105254.11,chr19,36114962,36115674,TSS,True,14,116
ENSG00000179262.9,chr19,12949159,12949277,3AS,False,57,110
ENSG00000099860.8,chr19,2476125,2476402,TSS,False,17,158
ENSG00000160633.12,chr19,5657347,5661520,3AS,False,96,174
ENSG00000160633.12,chr19,5667164,5667352,3AS,False,41,176
ENSG00000099622.13,chr19,1272051,1272426,IR,False,143,218
ENSG00000099622.13,chr19,1269327,1269410,TSS,True,25,226
ENSG00000099622.13,chr19,1272426,1274810,PAS,True,82,222
ENSG00000099622.13,chr19,1274648,1274810,PAS,True,164,225
ENSG00000105372.7,chr19,41860210,41860289,TSS,True,81,689
ENSG00000105220.15,chr19,34365009,34365388,TSS,True,26,161
ENSG00000130255.12,chr19,5690266,5690327,TSS,False,24,188
ENSG00000130255.12,chr19,5690327,5690600,TSS,True,168,188
ENSG00000179271.2,chr19,12956862,12957224,TSS,False,57,125
ENSG00000183207.13,chr19,48993902,48999318,5AS,False,12,103
ENSG00000183207.13,chr19,48993533,48993923,TSS,True,40,133
ENSG00000183207.13,chr19,49015589,49015686,TSS,True,117,132
ENSG00000178980.14,chr19,47778284,47778814,TSS,True,78,168
ENSG00000130726.11,chr19,58544064,58545097,TSS,True,29,184
ENSG00000024422.11,chr19,47713404,47713538,TSS,True,145,229
ENSG00000123159.15,chr19,14491743,14496036,ES,False,51,126
ENSG00000123159.15,chr19,14496036,14496297,TSS,True,25,164
ENSG00000141985.9,chr19,4400323,4400567,TSS,True,51,169
ENSG00000170889.13,chr19,54200830,54200888,TSS,True,44,136
ENSG00000170889.13,chr19,54201157,54201281,TSS,True,117,136
ENSG00000185236.11,chr19,8402565,8403412,IR,True,138,156
ENSG00000185236.11,chr19,8403412,8404442,PAS,False,18,156
ENSG00000185236.11,chr19,8402484,8404434,PAS,True,138,156
ENSG00000105701.15,chr19,18538433,18539370,3AS,False,98,256
ENSG00000124299.13,chr19,33521743,33521839,TSS,True,14,121
ENSG00000167658.15,chr19,3985377,3985472,TSS,True,146,713
ENSG00000130204.12,chr19,44891314,44891406,IR,False,78,100
ENSG00000130204.12,chr19,44891224,44891689,TSS,True,94,116
ENSG00000130204.12,chr19,44891215,44891314,TSS,True,24,116
ENSG00000070404.9,chr19,676373,676526,TSS,False,63,328
ENSG00000073008.14,chr19,44643677,44644175,TSS,True,48,111
ENSG00000104774.12,chr19,12658510,12661259,3AS,True,89,105
ENSG00000104774.12,chr19,12666542,12666762,TSS,True,19,120
ENSG00000105438.8,chr19,48391267,48391570,TSS,True,24,116
ENSG00000196961.12,chr19,49766954,49767200,TSS,True,37,113
ENSG00000011243.17,chr19,15418910,15419049,TSS,True,17,100
ENSG00000142230.11,chr19,47130795,47131028,TSS,True,25,209
ENSG00000105135.15,chr19,15125655,15125819,TSS,False,60,182
ENSG00000105135.15,chr19,15125379,15125701,TSS,True,150,182
ENSG00000090006.17,chr19,40614446,40619346,ES,False,24,101
ENSG00000090006.17,chr19,40619493,40623603,ES,False,11,105
ENSG00000090006.17,chr19,40613340,40614038,TSS,True,102,116
ENSG00000090006.17,chr19,40601173,40601637,TSS,False,55,123
ENSG00000105647.16,chr19,18153119,18153294,TSS,False,26,217
ENSG00000167674.14,chr19,4472220,4472422,TSS,True,33,112
ENSG00000130309.10,chr19,17555590,17555973,TSS,False,27,136
ENSG00000088256.8,chr19,3094361,3094787,TSS,True,50,135
ENSG00000104824.17,chr19,38849699,38849991,TSS,True,50,122
ENSG00000105568.17,chr19,52189990,52190174,TSS,True,50,295
ENSG00000115268.9,chr19,1438368,1438428,TSS,True,45,356
ENSG00000079805.16,chr19,10795439,10798485,ME,False,21,134
ENSG00000079805.16,chr19,10830378,10830980,3AS,False,31,141
ENSG00000079805.16,chr19,10830977,10831906,PAS,True,37,147
ENSG00000079805.16,chr19,10830980,10831905,PAS,False,116,147
ENSG00000074842.7,chr19,4670160,4670409,TSS,True,73,256
ENSG00000123144.10,chr19,12734312,12734725,TSS,True,21,119
ENSG00000276043.4,chr19,4909349,4909655,TSS,True,30,113
ENSG00000196365.11,chr19,5719703,5720479,TSS,True,13,116
ENSG00000221983.7,chr19,18571801,18571887,TSS,False,37,100
ENSG00000221983.7,chr19,18571846,18571909,TSS,True,75,100
ENSG00000071655.17,chr19,1576632,1578158,PAS,True,17,138
ENSG00000071655.17,chr19,1592617,1592910,TSS,False,37,145
ENSG00000011304.19,chr19,805187,806407,ES,False,36,200
ENSG00000011304.19,chr19,797388,797505,TSS,True,94,247
ENSG00000105419.17,chr19,47407428,47409098,3AS,False,91,104
ENSG00000105419.17,chr19,47414815,47415050,3AS,False,25,101
ENSG00000105419.17,chr19,47403111,47403553,PAS,True,11,107
ENSG00000105419.17,chr19,47419069,47419530,TSS,True,12,113
ENSG00000104870.12,chr19,49512261,49512750,TSS,True,65,134
ENSG00000104870.12,chr19,49513020,49513473,TSS,True,76,134
ENSG00000125912.10,chr19,3206190,3206264,3AS,False,63,143
ENSG00000125912.10,chr19,3185867,3186214,TSS,True,37,171
ENSG00000104805.15,chr19,48900264,48900372,TSS,False,64,414
ENSG00000104805.15,chr19,48900783,48900931,TSS,True,371,414
ENSG00000167772.11,chr19,8366319,8371055,ES,False,17,120
ENSG00000167645.16,chr19,38315859,38315985,TSS,True,109,124
ENSG00000167645.16,chr19,38315868,38315996,TSS,True,46,124
ENSG00000104823.8,chr19,38831720,38831916,TSS,False,58,187
ENSG00000104823.8,chr19,38817064,38817274,TSS,True,142,187
ENSG00000130202.9,chr19,44878222,44878941,PAS,True,47,206
ENSG00000130202.9,chr19,44888109,44889227,PAS,True,169,207
ENSG00000064961.18,chr19,3572910,3572994,TSS,True,24,117
ENSG00000064961.18,chr19,3572968,3573347,TSS,True,103,117
ENSG00000198258.10,chr19,9827896,9827984,TSS,True,21,100
ENSG00000198258.10,chr19,9827900,9828064,TSS,True,87,100
ENSG00000142453.11,chr19,10921127,10921614,ES,False,101,115
ENSG00000142453.11,chr19,10871331,10871922,TSS,True,14,122
ENSG00000104960.15,chr19,49860336,49860613,3AS,False,127,151
ENSG00000104960.15,chr19,49850701,49851499,TSS,True,29,156
ENSG00000104960.15,chr19,49860613,49860744,PAS,True,29,156
ENSG00000104960.15,chr19,49860565,49860744,PAS,True,132,156
ENSG00000105618.13,chr19,54115212,54115797,TSS,True,19,126
ENSG00000105618.13,chr19,54117239,54118455,TSS,True,111,126
ENSG00000133243.8,chr19,2015296,2015723,TSS,True,15,100
ENSG00000105726.16,chr19,19654074,19654542,3AS,False,14,104
ENSG00000105401.8,chr19,10395343,10395434,IR,False,161,191
ENSG00000099797.14,chr19,14529263,14529711,TSS,True,12,110
ENSG00000105058.11,chr19,16185516,16185623,IR,False,76,101
ENSG00000105058.11,chr19,16185400,16185516,TSS,True,29,105
ENSG00000105058.11,chr19,16185409,16185765,TSS,True,80,105
ENSG00000099783.11,chr19,8465362,8465479,IR,False,90,318
ENSG00000099783.11,chr19,8474244,8485602,ES,False,69,330
ENSG00000099783.11,chr19,8444867,8445111,TSS,True,39,354
ENSG00000154473.17,chr10,123162828,123165046,3AS,False,13,101
ENSG00000154473.17,chr10,123163819,123165365,PAS,True,23,111
ENSG00000154473.17,chr10,123165046,123165365,PAS,True,99,112
ENSG00000148700.14,chr10,110007927,110008299,TSS,True,42,125
ENSG00000148700.14,chr10,110005757,110006151,TSS,False,101,125
ENSG00000107816.17,chr10,100997031,100997234,TSS,True,113,131
ENSG00000107816.17,chr10,100999302,100999952,TSS,False,33,131
ENSG00000138279.15,chr10,73414011,73414088,TSS,True,27,164
ENSG00000138279.15,chr10,73400802,73400860,TSS,True,140,164
ENSG00000123240.16,chr10,13100302,13109111,ES,False,93,108
ENSG00000123240.16,chr10,13116340,13118905,3AS,False,36,116
ENSG00000123240.16,chr10,13100036,13100302,TSS,True,42,152
ENSG00000123240.16,chr10,13133532,13133581,TSS,True,117,150
ENSG00000156515.23,chr10,69318833,69319010,TSS,False,28,225
ENSG00000171307.18,chr10,97446353,97451670,ES,False,104,121
ENSG00000171307.18,chr10,97453663,97454713,ES,False,29,107
ENSG00000171307.18,chr10,97454799,97455713,3AS,False,13,107
ENSG00000107581.12,chr10,119080627,119080883,TSS,True,29,116
ENSG00000108039.17,chr10,109923401,109923563,TSS,True,15,100
ENSG00000148484.17,chr10,16782084,16817314,ES,False,29,151
ENSG00000148484.17,chr10,16817084,16817314,IR,True,123,149
ENSG00000148484.17,chr10,16817314,16817488,TSS,False,36,188
ENSG00000148484.17,chr10,16816972,16817432,TSS,True,162,188
ENSG00000079332.14,chr10,70170412,70170529,TSS,True,47,236
ENSG00000119977.20,chr10,95693643,95693962,TSS,True,15,120
ENSG00000130640.13,chr10,133308822,133309165,TSS,True,32,121
ENSG00000059573.8,chr10,95656596,95656890,TSS,False,33,280
ENSG00000067082.14,chr10,3784912,3785253,TSS,True,15,103
ENSG00000067064.11,chr10,1048863,1049359,TSS,False,13,100
ENSG00000067057.16,chr10,3067340,3067707,TSS,True,36,233
ENSG00000166272.17,chr10,102743922,102744143,TSS,True,51,101
ENSG00000166272.17,chr10,102776132,102776417,TSS,False,76,101
ENSG00000150093.18,chr10,32958144,32958379,TSS,True,187,1522
ENSG00000122884.12,chr10,73030370,73046924,ME,False,76,117
ENSG00000197746.13,chr10,71822007,71825836,5AS,True,251,472
ENSG00000197746.13,chr10,71851181,71851322,TSS,True,62,522
ENSG00000035403.17,chr10,73997891,73998375,TSS,True,49,255
ENSG00000169813.16,chr10,43409130,43409209,TSS,True,110,198
ENSG00000169813.16,chr10,43396455,43396802,TSS,True,162,198
ENSG00000169813.16,chr10,43407716,43407818,TSS,False,161,198
ENSG00000165637.13,chr10,75210627,75210938,TSS,True,14,135
ENSG00000134452.19,chr10,5890346,5906036,ES,False,35,132
ENSG00000096746.17,chr10,68338642,68339139,5AS,False,15,101
ENSG00000096746.17,chr10,68332040,68332235,TSS,True,53,117
ENSG00000096746.17,chr10,68332029,68332216,TSS,True,88,117
ENSG00000165801.9,chr14,21069646,21070399,TSS,True,70,204
ENSG00000100664.10,chr14,103334182,103334260,TSS,False,34,263
ENSG00000197102.11,chr14,102015100,102015332,TSS,True,79,111
ENSG00000197102.11,chr14,102040234,102040410,TSS,False,93,110
ENSG00000197324.8,chr14,22871716,22872337,TSS,True,35,212
ENSG00000092199.17,chr14,21230366,21230996,5AS,False,139,196
ENSG00000092199.17,chr14,21234229,21269297,ES,False,54,192
ENSG00000184887.13,chr14,105249085,105249156,IR,False,88,102
ENSG00000184887.13,chr14,105248532,105248560,TSS,False,96,108
ENSG00000184887.13,chr14,105248558,105249085,TSS,True,28,108
ENSG00000184887.13,chr14,105248565,105249247,TSS,False,96,108
ENSG00000073712.14,chr14,52950920,52951262,TSS,True,60,219
ENSG00000073712.14,chr14,52893292,52893325,TSS,False,174,215
ENSG00000100644.16,chr14,61695839,61720381,3AS,False,315,428
ENSG00000126778.9,chr14,60648629,60649482,TSS,True,30,286
ENSG00000092010.14,chr14,24136149,24136301,TSS,True,79,115
ENSG00000092010.14,chr14,24138509,24138560,TSS,True,37,115
ENSG00000165617.14,chr14,58641747,58645368,3AS,False,97,136
ENSG00000165617.14,chr14,58637824,58638547,TSS,True,18,153
ENSG00000165617.14,chr14,58645368,58648318,PAS,True,40,139
ENSG00000165617.14,chr14,58645257,58648318,PAS,True,100,139
ENSG00000080824.18,chr14,102080737,102081821,PAS,True,51,315
ENSG00000080824.18,chr14,102084827,102084998,PAS,True,255,306
ENSG00000080824.18,chr14,102086985,102087336,TSS,True,96,321
ENSG00000080824.18,chr14,102085297,102085712,TSS,True,274,321
ENSG00000140105.17,chr14,100376259,100376343,TSS,True,66,140
ENSG00000140105.17,chr14,100375282,100375628,TSS,True,102,140
ENSG00000126777.17,chr14,55580354,55612018,ES,False,131,175
ENSG00000126777.17,chr14,55661612,55667240,ES,False,124,178
ENSG00000126777.17,chr14,55673012,55675834,ES,False,123,185
ENSG00000165527.6,chr14,49892994,49893157,TSS,False,34,161
ENSG00000142208.16,chr14,104792722,104795483,ES,False,532,599
ENSG00000129515.18,chr14,34630110,34630199,TSS,True,22,135
ENSG00000129515.18,chr14,34629906,34630145,TSS,True,114,135
ENSG00000072042.12,chr14,67695629,67695774,TSS,True,69,173
ENSG00000179364.13,chr14,105314590,105315037,TSS,True,23,112
ENSG00000100823.11,chr14,20455338,20455577,5AS,False,13,113
ENSG00000100823.11,chr14,20455394,20455577,IR,False,96,109
ENSG00000100823.11,chr14,20455192,20455394,TSS,True,65,163
ENSG00000100823.11,chr14,20455193,20455703,TSS,True,138,163
ENSG00000075413.17,chr14,103467191,103468080,3AS,False,33,118
ENSG00000075413.17,chr14,103498528,103502881,ES,False,60,111
ENSG00000100926.14,chr14,24192356,24192647,IR,True,143,162
ENSG00000100926.14,chr14,24195036,24195345,5AS,False,129,149
ENSG00000100926.14,chr14,24189144,24189808,PAS,True,26,168
ENSG00000100926.14,chr14,24191033,24193269,PAS,True,142,163
ENSG00000100926.14,chr14,24195345,24195687,TSS,True,34,169
ENSG00000100926.14,chr14,24195308,24195637,TSS,True,147,169
ENSG00000119681.11,chr14,74502652,74502881,TSS,True,158,178
ENSG00000119681.11,chr14,74504982,74505176,TSS,True,154,178
ENSG00000156411.9,chr14,103921469,103921573,TSS,True,11,102
ENSG00000165516.10,chr14,49779675,49779747,IR,False,86,117
ENSG00000100462.15,chr14,22929251,22929462,TSS,True,26,108
ENSG00000126214.21,chr14,103629157,103629494,TSS,True,31,114
ENSG00000143543.14,chr1,153977169,153977677,TSS,True,25,128
ENSG00000132716.18,chr1,160262116,160262528,TSS,True,74,113
ENSG00000132716.18,chr1,160262448,160262618,TSS,False,94,113
ENSG00000132716.18,chr1,160262275,160262486,TSS,True,74,113
ENSG00000196154.11,chr1,153544809,153545752,ES,True,91,138
ENSG00000196154.11,chr1,153545752,153545807,TSS,True,20,158
ENSG00000084636.17,chr1,31668855,31671614,ES,False,94,230
ENSG00000084636.17,chr1,31679685,31680041,ES,False,53,217
ENSG00000084636.17,chr1,31703836,31704526,TSS,True,113,277
ENSG00000078808.16,chr1,1231891,1232067,TSS,True,58,214
ENSG00000134686.18,chr1,33332404,33334184,5AS,False,27,110
ENSG00000160691.18,chr1,154962594,154963518,IR,True,33,146
ENSG00000160691.18,chr1,154966077,154966161,3AS,False,52,146
ENSG00000160691.18,chr1,154962283,154963931,PAS,False,35,148
ENSG00000160691.18,chr1,154962286,154962594,PAS,True,131,164
ENSG00000160691.18,chr1,154970031,154972606,TSS,True,34,164
ENSG00000116260.16,chr1,180196599,180197332,IR,False,38,129
ENSG00000116260.16,chr1,180196890,180197332,IR,False,17,108
ENSG00000116260.16,chr1,180154800,180155172,TSS,True,22,152
ENSG00000116260.16,chr1,180196261,180200294,PAS,True,54,145
ENSG00000116260.16,chr1,180197332,180200293,PAS,True,95,150
ENSG00000127483.17,chr1,20779911,20787194,ES,False,85,135
ENSG00000127483.17,chr1,20787194,20787532,TSS,True,34,175
ENSG00000142657.20,chr1,10399019,10399125,TSS,True,28,193
ENSG00000116251.10,chr1,6199561,6199604,TSS,False,29,104
ENSG00000060718.21,chr1,103108072,103108641,TSS,True,479,868
ENSG00000169231.13,chr1,155207797,155209114,TSS,True,18,120
ENSG00000132128.16,chr1,46303123,46303379,TSS,True,26,243
ENSG00000158109.14,chr1,3624972,3625273,TSS,True,20,130
ENSG00000116171.17,chr1,52927245,52927465,TSS,True,58,101
ENSG00000116171.17,chr1,53014890,53015043,TSS,True,43,101
ENSG00000135862.5,chr1,183023206,183024134,TSS,False,57,101
ENSG00000090273.13,chr1,26921700,26921929,TSS,False,52,191
ENSG00000090273.13,chr1,26945642,26945686,TSS,True,147,190
ENSG00000188976.10,chr1,944800,945056,5AS,False,160,223
ENSG00000117122.13,chr1,16977195,16978236,3AS,False,16,156
ENSG00000143753.12,chr1,224183201,224183418,TSS,True,110,250
ENSG00000153187.19,chr1,244862730,244863673,5AS,False,232,357
ENSG00000153187.19,chr1,244863673,244864567,TSS,True,147,379
ENSG00000153187.19,chr1,244863616,244864545,TSS,True,255,379
ENSG00000116209.11,chr1,54040837,54041723,3AS,True,159,229
ENSG00000163479.13,chr1,156020887,156020951,TSS,False,29,196
ENSG00000163479.13,chr1,156020012,156020876,TSS,True,172,196
ENSG00000162458.12,chr1,15758848,15764495,3AS,False,186,316
ENSG00000162458.12,chr1,15758727,15758848,TSS,True,88,405
ENSG00000253368.3,chr1,26993691,26994612,TSS,False,14,109
ENSG00000084623.11,chr1,32222378,32222444,TSS,True,44,152
ENSG00000084623.11,chr1,32222440,32222630,TSS,True,115,152
ENSG00000004487.16,chr1,23030634,23050386,ES,False,125,255
ENSG00000143761.15,chr1,228082667,228082765,TSS,True,80,768
ENSG00000117419.15,chr1,44355259,44355339,TSS,True,85,108
ENSG00000117419.15,chr1,44354891,44355269,TSS,True,52,108
ENSG00000117419.15,chr1,44352849,44355257,TSS,True,93,108
ENSG00000126088.13,chr1,45012121,45012285,TSS,True,22,100
ENSG00000008130.15,chr1,1778288,1778524,TSS,True,17,124
ENSG00000162520.14,chr1,32681860,32684257,ES,False,36,194
ENSG00000162520.14,chr1,32702607,32703144,TSS,True,29,216
ENSG00000172380.5,chr1,67833343,67833790,TSS,True,13,107
ENSG00000157916.19,chr1,2391958,2395783,ES,False,207,236
ENSG00000157916.19,chr1,2391762,2391958,TSS,True,49,285
ENSG00000159363.17,chr1,17011728,17012004,TSS,True,18,105
ENSG00000117335.19,chr1,207785682,207793518,ES,False,45,110
ENSG00000143742.12,chr1,225783368,225789239,ES,False,202,235
ENSG00000116774.11,chr1,113979442,113979630,TSS,True,125,160
ENSG00000142864.14,chr1,67424277,67424887,3AS,False,141,195
ENSG00000142864.14,chr1,67424959,67425082,3AS,False,83,194
ENSG00000116649.9,chr1,11059776,11060069,TSS,True,37,337
ENSG00000117411.16,chr1,43979511,43981113,3AS,True,19,182
ENSG00000117411.16,chr1,43978889,43979511,TSS,True,40,222
ENSG00000116754.13,chr1,70250503,70250610,3AS,False,38,103
ENSG00000116754.13,chr1,70205642,70205780,TSS,True,62,111
ENSG00000116754.13,chr1,70221351,70221839,TSS,True,60,111
ENSG00000116754.13,chr1,70250610,70253052,PAS,True,73,111
ENSG00000116754.13,chr1,70250607,70253052,PAS,True,46,111
ENSG00000143569.18,chr1,154234759,154235195,5AS,False,86,100
ENSG00000143569.18,chr1,154220848,154220975,TSS,True,73,105
ENSG00000143569.18,chr1,154220857,154221040,TSS,True,63,105
ENSG00000143569.18,chr1,154263102,154263505,PAS,True,28,102
ENSG00000143569.18,chr1,154270199,154271499,PAS,True,80,103
ENSG00000168653.10,chr1,39026398,39028722,5AS,False,86,111
ENSG00000168653.10,chr1,39026309,39026398,TSS,False,27,114
ENSG00000168653.10,chr1,39026321,39026402,TSS,True,89,114
ENSG00000213625.8,chr1,65420523,65420740,TSS,True,24,180
ENSG00000173436.14,chr1,19596974,19597109,TSS,True,11,103
ENSG00000183291.16,chr1,86914027,86914371,TSS,False,13,110
ENSG00000155366.16,chr1,112703806,112707077,ES,False,97,205
ENSG00000117448.13,chr1,45551155,45561788,ES,False,91,113
ENSG00000117448.13,chr1,45567020,45567981,IR,True,102,115
ENSG00000197965.11,chr1,167773368,167787819,ES,False,31,259
ENSG00000142676.14,chr1,23691829,23692611,3AS,False,21,200
ENSG00000142676.14,chr1,23691780,23691829,TSS,False,35,235
ENSG00000078369.17,chr1,1825499,1890819,ES,False,53,276
ENSG00000078369.17,chr1,1890819,1891427,TSS,True,54,331
ENSG00000122218.15,chr1,160343130,160343536,TSS,True,51,327
ENSG00000116288.12,chr1,7961735,7962762,5AS,False,109,168
ENSG00000116288.12,chr1,7961614,7961735,TSS,True,72,181
ENSG00000116288.12,chr1,7961660,7961793,TSS,True,122,181
ENSG00000221978.11,chr1,1391575,1392678,IR,False,45,177
ENSG00000142871.16,chr1,85580756,85581047,TSS,False,65,255
ENSG00000158747.14,chr1,19644187,19644446,TSS,False,43,291
ENSG00000117859.18,chr1,51730001,51745535,5AS,False,69,269
ENSG00000117859.18,chr1,51750195,51760689,ES,False,47,334
ENSG00000117859.18,chr1,51617067,51617221,TSS,True,284,351
ENSG00000117859.18,chr1,51729793,51730124,TSS,True,151,349
ENSG00000117859.18,chr1,51729814,51730001,TSS,True,280,349
ENSG00000142937.11,chr1,44775522,44775600,TSS,True,26,255
ENSG00000117394.21,chr1,42958633,42958934,TSS,True,24,110
ENSG00000162616.8,chr1,77979173,77979293,TSS,False,98,112
ENSG00000162616.8,chr1,78004872,78005321,TSS,True,21,112
ENSG00000143418.19,chr1,150974618,150974993,TSS,True,20,161
ENSG00000083444.16,chr1,11934647,11934855,TSS,True,49,356
ENSG00000171603.17,chr1,9823642,9823992,TSS,True,37,115
ENSG00000116133.12,chr1,54886888,54887251,TSS,False,57,113
ENSG00000197530.12,chr1,1615423,1615633,TSS,True,85,126
ENSG00000197530.12,chr1,1615455,1616100,TSS,True,102,126
ENSG00000197530.12,chr1,1628547,1628722,TSS,False,94,123
ENSG00000122406.13,chr1,92831989,92832117,TSS,False,237,335
ENSG00000122406.13,chr1,92837516,92837633,TSS,True,115,334
ENSG00000125944.19,chr1,23318688,23321527,3AS,False,248,283
ENSG00000125944.19,chr1,23338608,23344210,ES,False,177,275
ENSG00000160789.19,chr1,156137653,156140079,PAS,True,378,1007
ENSG00000160789.19,chr1,156139079,156140087,PAS,True,638,1009
ENSG00000131236.16,chr1,40040783,40059333,5AS,False,66,166
ENSG00000131236.16,chr1,40040783,40059336,3AS,False,136,203
ENSG00000131236.16,chr1,40040783,40059336,5AS,False,136,405
ENSG00000131236.16,chr1,40040783,40059336,IR,False,136,236
ENSG00000131236.16,chr1,40040801,40059336,3AS,False,263,364
ENSG00000131236.16,chr1,40040240,40040801,TSS,True,256,626
ENSG00000131236.16,chr1,40040243,40040783,TSS,True,423,626
ENSG00000132485.13,chr1,71069362,71070826,IR,True,97,111
ENSG00000143774.16,chr1,228140363,228145510,ES,False,157,186
ENSG00000143774.16,chr1,228147699,228148664,ES,False,23,206
ENSG00000143774.16,chr1,228140225,228140363,TSS,True,27,215
ENSG00000162434.11,chr1,64966332,64966572,TSS,False,25,120
ENSG00000143393.16,chr1,151307801,151315572,ES,False,89,124
ENSG00000143393.16,chr1,151316509,151327270,ES,False,63,104
ENSG00000143393.16,chr1,151327270,151327710,TSS,True,28,134
ENSG00000143393.16,chr1,151315572,151316429,TSS,True,114,134
ENSG00000116679.15,chr1,185305643,185307013,3AS,True,175,196
PB_novel_51308,chr11_KI270721v1_random,51699,52939,TSS,True,24,171
ENSG00000152684.10,chr5,52799667,52801120,TSS,True,23,136
ENSG00000152684.10,chr5,52787919,52788414,TSS,True,118,136
ENSG00000196923.13,chr5,177497527,177497637,TSS,True,112,640
ENSG00000113721.13,chr5,150155396,150156064,TSS,True,63,150
ENSG00000176087.14,chr5,140564444,140564858,TSS,True,22,167
ENSG00000113140.10,chr5,151686864,151687036,TSS,True,1797,7647
ENSG00000013561.17,chr5,141969030,141969167,TSS,False,34,112
ENSG00000013561.17,chr5,141969104,141969234,TSS,True,93,112
ENSG00000120708.16,chr5,136028853,136029189,TSS,True,146,403
ENSG00000138829.11,chr5,128257761,128259829,PAS,True,24,138
ENSG00000138829.11,chr5,128263424,128263571,TSS,True,92,122
ENSG00000138829.11,chr5,128537349,128538659,TSS,True,120,146
ENSG00000138829.11,chr5,128278634,128278738,TSS,True,97,122
ENSG00000120129.5,chr5,172767199,172769132,PAS,False,17,162
ENSG00000120129.5,chr5,172770585,172771198,TSS,False,18,162
ENSG00000213585.10,chr5,133993015,134004646,3AS,False,23,198
ENSG00000213585.10,chr5,134004646,134004776,TSS,True,33,232
ENSG00000153113.23,chr5,96722698,96727488,ES,False,85,117
ENSG00000153113.23,chr5,96727530,96729611,ES,False,28,117
ENSG00000153113.23,chr5,96762372,96765223,3AS,False,28,123
ENSG00000153113.23,chr5,96662077,96662497,TSS,True,50,125
ENSG00000153113.23,chr5,96702645,96702915,TSS,True,97,124
ENSG00000131446.16,chr5,180802679,180802855,TSS,True,50,353
ENSG00000113648.16,chr5,135346057,135360496,ME,False,28,151
ENSG00000113648.16,chr5,135360604,135369405,3AS,False,79,149
ENSG00000113648.16,chr5,135399061,135399382,TSS,True,40,189
ENSG00000113328.18,chr5,163437664,163437764,IR,False,29,101
ENSG00000113328.18,chr5,163437578,163437804,TSS,True,31,103
ENSG00000113328.18,chr5,163437594,163437664,TSS,True,74,103
ENSG00000197043.13,chr5,151109846,151117126,ES,False,12,102
ENSG00000197043.13,chr5,151157679,151157949,TSS,True,22,110
ENSG00000145907.14,chr5,151772036,151786602,3AS,False,59,260
ENSG00000145907.14,chr5,151771913,151772036,TSS,True,32,292
ENSG00000164294.13,chr5,55160243,55160329,IR,False,27,185
ENSG00000164294.13,chr5,55160152,55160243,TSS,True,173,214
ENSG00000164294.13,chr5,55160169,55160396,TSS,True,56,214
ENSG00000122203.14,chr5,176361601,176361814,TSS,True,16,115
ENSG00000113282.13,chr5,157789513,157791702,3AS,False,62,104
ENSG00000113712.17,chr5,149496860,149505482,5AS,False,32,124
ENSG00000113712.17,chr5,149513209,149520289,ES,False,110,126
ENSG00000197226.12,chr5,179907703,179908598,TSS,True,37,170
ENSG00000164405.10,chr5,132866585,132866687,TSS,True,733,909
ENSG00000145730.20,chr5,102961229,102990271,ME,True,21,179
ENSG00000145730.20,chr5,102961229,102990271,ES,False,105,290
ENSG00000145730.20,chr5,103019843,103028181,ES,False,49,112
ENSG00000145730.20,chr5,103019843,103028886,ME,False,97,125
ENSG00000145730.20,chr5,103019843,103028184,ES,False,48,150
ENSG00000145730.20,chr5,103019843,103028184,3AS,False,48,160
ENSG00000145730.20,chr5,103025334,103028184,3AS,False,101,163
ENSG00000145730.20,chr5,103025334,103028886,ES,False,27,190
ENSG00000145730.20,chr5,102755028,102755348,TSS,False,135,301
ENSG00000145730.20,chr5,102865497,102866284,TSS,True,180,301
ENSG00000172239.13,chr5,43555999,43556818,5AS,False,30,143
ENSG00000172239.13,chr5,43556581,43557126,TSS,True,40,154
ENSG00000172239.13,chr5,43556818,43557178,TSS,True,124,154
ENSG00000044115.20,chr5,138753379,138753510,TSS,True,79,372
ENSG00000072682.18,chr5,132218644,132227085,5AS,False,110,148
ENSG00000072682.18,chr5,132218644,132227789,ES,False,303,382
ENSG00000072682.18,chr5,132227789,132227891,TSS,False,98,480
ENSG00000145741.15,chr5,73498558,73499133,5AS,False,126,144
ENSG00000145741.15,chr5,73498430,73498799,TSS,True,132,150
ENSG00000145741.15,chr5,73498425,73498558,TSS,True,24,150
ENSG00000113389.15,chr5,32711266,32712545,TSS,True,75,161
ENSG00000161013.16,chr5,179806486,179807506,TSS,True,30,105
ENSG00000161013.16,chr5,179798512,179798555,TSS,True,81,105
ENSG00000161011.19,chr5,179807003,179807123,TSS,True,200,232
ENSG00000161011.19,chr5,179820881,179821141,TSS,True,61,230
ENSG00000164253.13,chr5,77436394,77437335,5AS,True,105,119
ENSG00000164253.13,chr5,77492169,77492549,TSS,True,16,124
ENSG00000083720.12,chr5,41870280,41870782,TSS,False,75,210
ENSG00000083720.12,chr5,41794421,41794642,TSS,True,179,210
ENSG00000113758.13,chr5,177473435,177473746,TSS,True,25,236
ENSG00000145740.18,chr5,69094338,69103061,ES,False,14,102
ENSG00000145740.18,chr5,69103128,69104630,3AS,False,86,102
ENSG00000145740.18,chr5,69129446,69131601,PAS,True,19,103
ENSG00000145740.18,chr5,69103961,69104740,PAS,True,86,102
ENSG00000164587.12,chr5,150449702,150449742,TSS,False,64,472
ENSG00000134986.13,chr5,111757561,111757729,TSS,True,108,138
ENSG00000134986.13,chr5,111757135,111757224,TSS,True,54,138
ENSG00000127022.14,chr5,179698902,179699102,TSS,True,109,595
ENSG00000015479.18,chr5,139293607,139293805,TSS,True,90,304
ENSG00000015479.18,chr5,139293749,139294028,TSS,True,251,304
ENSG00000049656.13,chr5,1339002,1341670,3AS,True,50,388
ENSG00000133706.17,chr5,146182487,146182677,TSS,True,12,100
ENSG00000171604.11,chr5,139647831,139648845,TSS,True,147,608
ENSG00000171604.11,chr5,139648925,139649009,TSS,True,488,608
ENSG00000124762.13,chr6,36678709,36678798,TSS,True,48,263
ENSG00000168994.13,chr6,3751275,3752086,TSS,True,19,177
ENSG00000231925.11,chr6,33314004,33314266,TSS,True,19,101
ENSG00000112697.15,chr6,75284401,75284829,TSS,True,33,291
ENSG00000135316.17,chr6,85607002,85612923,PAS,True,61,103
ENSG00000135316.17,chr6,85611321,85615347,PAS,True,49,102
ENSG00000135316.17,chr6,85642796,85643330,TSS,True,20,103
ENSG00000135316.17,chr6,85643749,85644016,TSS,False,91,103
ENSG00000071242.11,chr6,166626920,166627281,TSS,False,39,176
ENSG00000112759.17,chr6,44219282,44219782,TSS,True,177,247
ENSG00000112759.17,chr6,44223542,44223641,TSS,True,112,247
ENSG00000112531.16,chr6,163414377,163415335,TSS,True,19,107
ENSG00000112531.16,chr6,163570693,163573864,PAS,True,21,101
ENSG00000120265.17,chr6,149802369,149810615,5AS,False,56,102
ENSG00000124614.15,chr6,34426031,34426132,TSS,True,24,115
ENSG00000124614.15,chr6,34425795,34426037,TSS,False,99,115
ENSG00000012660.13,chr6,53348816,53349169,TSS,True,19,110
ENSG00000112210.11,chr6,57210445,57222022,5AS,True,13,106
ENSG00000112210.11,chr6,57221725,57222314,TSS,False,34,129
ENSG00000112210.11,chr6,57222022,57222324,TSS,True,116,129
ENSG00000013375.15,chr6,83188798,83193178,ES,False,29,147
ENSG00000146282.17,chr6,87589700,87590010,TSS,True,45,106
ENSG00000146282.17,chr6,87589921,87590011,TSS,False,70,106
ENSG00000172201.11,chr6,19837370,19838195,TSS,False,26,259
ENSG00000204574.12,chr6,30571380,30571560,TSS,True,17,104
ENSG00000186340.15,chr6,169253723,169253903,TSS,True,585,2484
ENSG00000146250.6,chr6,83512694,83523421,ES,True,87,104
ENSG00000137312.14,chr6,30742526,30742825,TSS,True,36,121
ENSG00000137312.14,chr6,30730021,30730112,TSS,True,91,117
ENSG00000156508.17,chr6,73520999,73521033,TSS,False,213,1504
ENSG00000204394.12,chr6,31795545,31795986,TSS,False,51,162
ENSG00000204394.12,chr6,31794830,31795959,TSS,True,138,162
ENSG00000204525.16,chr6,31271998,31272133,TSS,False,23,163
ENSG00000118515.11,chr6,134174731,134174888,TSS,True,28,110
ENSG00000118515.11,chr6,134175543,134175923,TSS,False,94,110
ENSG00000112081.16,chr6,36598983,36601151,ES,False,157,179
ENSG00000096696.13,chr6,7541332,7542085,TSS,True,72,124
ENSG00000096696.13,chr6,7580336,7581569,TSS,True,100,118
ENSG00000277443.2,chr6,113857344,113857847,TSS,False,115,475
ENSG00000111799.20,chr6,75085365,75087576,3AS,False,123,334
ENSG00000111799.20,chr6,75084324,75086557,PAS,True,170,381
ENSG00000111799.20,chr6,75084324,75085365,PAS,False,292,416
ENSG00000111799.20,chr6,75121301,75123018,TSS,True,332,374
ENSG00000111799.20,chr6,75090109,75090893,TSS,True,318,373
ENSG00000111799.20,chr6,75205776,75206204,TSS,True,360,416
ENSG00000137409.19,chr6,36970694,36972702,5AS,False,280,614
ENSG00000137285.9,chr6,3227486,3227655,TSS,False,20,141
ENSG00000112576.12,chr6,42048500,42048962,TSS,True,94,115
ENSG00000112576.12,chr6,41941451,41941880,TSS,False,22,115
ENSG00000124783.13,chr6,7313041,7313316,TSS,True,26,188
ENSG00000157593.18,chr6,44257399,44257554,TSS,True,32,188
ENSG00000137267.5,chr6,3157406,3157547,TSS,False,75,450
ENSG00000131165.14,chr16,89657581,89657726,TSS,True,74,230
ENSG00000205937.11,chr16,2264331,2268054,ES,False,63,123
ENSG00000205937.11,chr16,2268054,2268391,TSS,False,40,163
ENSG00000205937.11,chr16,2267662,2267859,TSS,False,144,163
ENSG00000140937.13,chr16,65121879,65122142,TSS,True,95,349
ENSG00000181019.12,chr16,69713129,69718122,ES,False,23,210
ENSG00000140983.13,chr16,668236,668357,3AS,False,11,101
ENSG00000140983.13,chr16,669606,670122,IR,False,98,109
ENSG00000140983.13,chr16,670175,670265,3AS,False,14,107
ENSG00000140983.13,chr16,671000,671082,IR,False,42,112
ENSG00000140983.13,chr16,672384,672488,IR,False,103,116
ENSG00000140983.13,chr16,672566,672702,IR,False,104,118
ENSG00000140983.13,chr16,668079,668236,TSS,True,20,122
ENSG00000140943.16,chr16,84116734,84116991,TSS,True,24,122
ENSG00000103051.18,chr16,70508464,70509230,IR,False,106,122
ENSG00000184207.8,chr16,2213703,2214053,PAS,True,12,104
ENSG00000182149.20,chr16,71894627,71895589,TSS,False,16,110
ENSG00000102900.12,chr16,56730074,56730211,TSS,True,42,189
ENSG00000134419.15,chr16,18790309,18790336,TSS,False,43,315
ENSG00000140682.18,chr16,31472130,31472201,TSS,True,31,197
ENSG00000140682.18,chr16,31472166,31473556,TSS,True,175,197
ENSG00000179889.18,chr16,14974991,14975220,TSS,True,56,217
ENSG00000179889.18,chr16,15036015,15037698,PAS,True,18,179
ENSG00000069329.17,chr16,46689130,46689199,TSS,False,25,191
ENSG00000149925.18,chr16,30064052,30064248,TSS,True,885,991
ENSG00000149925.18,chr16,30065720,30065927,TSS,True,210,991
ENSG00000103544.14,chr16,19555336,19555746,TSS,True,17,113
ENSG00000103495.13,chr16,29808741,29810076,ES,False,144,205
ENSG00000103495.13,chr16,29806339,29806893,TSS,True,93,231
ENSG00000103495.13,chr16,29806687,29808293,TSS,True,181,231
ENSG00000103495.13,chr16,29806546,29807828,TSS,False,205,231
ENSG00000103342.12,chr16,11896782,11897839,3AS,False,26,125
ENSG00000141002.19,chr16,89907322,89910590,ES,False,219,246
ENSG00000050820.16,chr16,75251470,75251719,TSS,True,106,155
ENSG00000050820.16,chr16,75265824,75266014,TSS,True,114,158
ENSG00000050820.16,chr16,75242469,75243091,TSS,True,127,155
ENSG00000065427.14,chr16,75647577,75648662,TSS,True,32,106
ENSG00000065427.14,chr16,75628568,75628614,TSS,True,83,105
ENSG00000167526.13,chr16,89560649,89560712,TSS,False,68,563
ENSG00000197912.15,chr16,89507689,89508600,TSS,True,26,151
ENSG00000103202.12,chr16,397174,397313,TSS,True,116,197
ENSG00000168140.4,chr16,4371847,4371993,TSS,False,20,178
ENSG00000090861.15,chr16,70289420,70289555,TSS,False,30,151
ENSG00000140941.12,chr16,87392312,87392467,TSS,True,47,442
ENSG00000169682.17,chr16,28974770,28975392,TSS,True,44,194
ENSG00000161999.11,chr16,683441,683529,IR,False,108,133
ENSG00000161999.11,chr16,684155,684233,IR,False,87,118
ENSG00000161999.11,chr16,684065,684357,TSS,True,112,141
ENSG00000161999.11,chr16,684233,684412,TSS,True,47,141
ENSG00000149923.13,chr16,30076094,30076314,5AS,False,129,169
ENSG00000149923.13,chr16,30075971,30076094,TSS,True,48,177
ENSG00000149923.13,chr16,30075980,30076100,TSS,True,136,177
ENSG00000102901.12,chr16,67830088,67830389,IR,False,42,106
ENSG00000102901.12,chr16,67830548,67831215,IR,False,91,104
ENSG00000102901.12,chr16,67833749,67833948,TSS,True,20,111
ENSG00000184110.14,chr16,28711448,28711518,TSS,True,78,570
ENSG00000140931.19,chr16,66604279,66604952,TSS,True,66,155
ENSG00000140988.15,chr16,1964448,1964826,TSS,True,1863,2087
ENSG00000140988.15,chr16,1964806,1964828,TSS,True,564,2087
ENSG00000140988.15,chr16,1962735,1962772,TSS,True,1760,2087
ENSG00000140859.15,chr16,57772288,57794998,ES,False,223,259
ENSG00000140859.15,chr16,57802369,57802710,TSS,True,48,295
ENSG00000167930.15,chr16,234790,234857,TSS,True,61,269
ENSG00000131653.12,chr16,2155508,2155858,TSS,True,32,106
ENSG00000013364.18,chr16,29820510,29830514,3AS,False,91,116
ENSG00000013364.18,chr16,29820419,29820510,TSS,True,44,163
ENSG00000230989.6,chr16,83807968,83808121,TSS,False,37,172
ENSG00000103507.13,chr16,31112027,31112120,IR,False,82,118
ENSG00000103507.13,chr16,31108368,31108479,TSS,True,16,121
ENSG00000103507.13,chr16,31112120,31112837,PAS,True,37,119
ENSG00000103507.13,chr16,31111868,31113359,PAS,True,83,119
ENSG00000103363.14,chr16,2776992,2777242,TSS,True,154,180
ENSG00000103363.14,chr16,2777236,2777295,TSS,True,29,180
ENSG00000118680.13,chr18,3262132,3262237,TSS,False,177,356
ENSG00000074695.5,chr18,59359030,59359271,TSS,True,23,178
ENSG00000141429.13,chr18,35581071,35581862,TSS,False,97,378
ENSG00000101608.12,chr18,3247784,3247909,TSS,True,78,384
ENSG00000265681.7,chr18,49492457,49492487,TSS,True,75,266
ENSG00000134440.11,chr18,57620648,57621707,3AS,False,29,157
ENSG00000176014.12,chr18,12325066,12326577,PAS,True,31,252
ENSG00000141380.13,chr18,26035127,26038554,ES,False,120,148
ENSG00000141424.12,chr18,36127016,36129113,5AS,False,104,131
ENSG00000141424.12,chr18,36129113,36129843,TSS,True,31,135
ENSG00000141424.12,chr18,36129100,36129823,TSS,True,108,135
ENSG00000187243.16,chrX,52062038,52062233,5AS,False,161,182
ENSG00000187243.16,chrX,52066453,52066864,IR,False,153,178
ENSG00000187243.16,chrX,52068173,52069129,3AS,False,52,174
ENSG00000187243.16,chrX,52068203,52069129,3AS,False,97,122
ENSG00000123562.16,chrX,103678600,103685170,ES,False,161,186
ENSG00000123562.16,chrX,103678600,103685170,3AS,False,161,287
ENSG00000123562.16,chrX,103678651,103685170,ES,False,86,112
ENSG00000123562.16,chrX,103686630,103686934,TSS,True,52,321
ENSG00000123562.16,chrX,103687988,103688106,TSS,True,277,321
ENSG00000133142.17,chrX,103585464,103585624,TSS,True,12,103
ENSG00000215301.10,chrX,41347012,41347314,3AS,False,36,107
ENSG00000215301.10,chrX,41333598,41334297,TSS,True,20,115
ENSG00000197976.11,chrX,1599432,1600658,IR,True,64,103
ENSG00000197976.11,chrX,1591532,1591769,TSS,True,14,125
ENSG00000197976.11,chrX,1599191,1602520,PAS,True,79,118
ENSG00000197976.11,chrX,1600658,1602523,PAS,True,42,120
ENSG00000184867.13,chrX,101658525,101659075,3AS,False,104,132
ENSG00000184867.13,chrX,101659136,101659418,3AS,False,25,101
ENSG00000184867.13,chrX,101659148,101659757,ES,False,13,101
ENSG00000184867.13,chrX,101659757,101659852,TSS,True,17,144
ENSG00000188153.13,chrX,108439784,108440206,TSS,True,43,109
ENSG00000203879.11,chrX,154440139,154440374,IR,False,107,125
ENSG00000203879.11,chrX,154436899,154437299,TSS,True,14,137
ENSG00000185222.9,chrX,103356606,103357614,ES,False,16,104
ENSG00000102241.11,chrX,136497206,136497439,TSS,True,59,111
ENSG00000102241.11,chrX,136497495,136497870,TSS,True,53,111
ENSG00000198918.7,chrX,119791573,119791631,TSS,False,38,180
ENSG00000196924.15,chrX,154355072,154357433,ES,False,103,245
ENSG00000196924.15,chrX,154370872,154371356,TSS,True,376,470
ENSG00000147065.16,chrX,65667588,65667853,TSS,False,52,403
ENSG00000179222.17,chrX,51893605,51893755,TSS,True,168,967
ENSG00000131828.13,chrX,19343890,19344094,TSS,True,35,136
ENSG00000184216.13,chrX,154019598,154019676,IR,False,99,118
ENSG00000184216.13,chrX,154019676,154019950,TSS,True,39,138
ENSG00000184216.13,chrX,154019430,154020505,TSS,True,116,138
ENSG00000102038.15,chrX,129447233,129448332,3AS,True,168,205
ENSG00000102038.15,chrX,129492093,129496749,ES,False,75,227
ENSG00000102038.15,chrX,129446400,129447233,PAS,True,46,230
ENSG00000102038.15,chrX,129446401,129447301,PAS,True,186,230
ENSG00000185825.16,chrX,153724333,153724437,TSS,False,69,249
ENSG00000130985.16,chrX,47193755,47194024,TSS,True,93,169
ENSG00000130985.16,chrX,47205083,47206444,TSS,True,129,169
ENSG00000022267.16,chrX,136147446,136147628,TSS,True,202,682
ENSG00000169100.13,chrX,1391898,1392911,TSS,True,173,523
ENSG00000102316.16,chrX,54809223,54809302,IR,False,76,172
ENSG00000102316.16,chrX,54815678,54815880,IR,True,23,171
ENSG00000102316.16,chrX,54815690,54815880,IR,True,713,861
ENSG00000102316.16,chrX,54807596,54807802,TSS,True,293,885
ENSG00000102316.16,chrX,54807747,54809376,TSS,True,789,885
ENSG00000102316.16,chrX,54815880,54816059,PAS,False,149,885
ENSG00000102316.16,chrX,54815247,54817069,PAS,True,731,879
ENSG00000126945.8,chrX,101408307,101411935,5AS,True,20,164
ENSG00000126945.8,chrX,101408188,101408319,TSS,False,25,169
ENSG00000126945.8,chrX,101408209,101408307,TSS,True,149,169
ENSG00000130741.10,chrX,24054665,24055037,TSS,True,15,119
ENSG00000182492.15,chrX,153494831,153495113,TSS,True,285,1210
ENSG00000154545.16,chrX,52184965,52185891,3AS,False,96,119
ENSG00000154545.16,chrX,52184965,52185921,3AS,False,39,158
ENSG00000154545.16,chrX,52187230,52187641,IR,False,140,168
ENSG00000154545.16,chrX,52191861,52192056,5AS,False,148,166
ENSG00000005022.5,chrX,119468423,119468626,TSS,True,57,206
ENSG00000005893.15,chrX,120428045,120431462,PAS,True,128,349
ENSG00000005893.15,chrX,120436493,120439293,PAS,True,222,345
ENSG00000071859.14,chrX,154444103,154444346,TSS,True,13,113
ENSG00000102401.19,chrX,101623276,101623813,3AS,False,158,191
ENSG00000102401.19,chrX,101623112,101623276,TSS,True,26,217
ENSG00000157514.16,chrX,107716689,107717062,TSS,True,58,310
ENSG00000147403.16,chrX,154398376,154398542,TSS,True,79,631
ENSG00000166681.13,chrX,103377106,103377509,3AS,False,81,116
ENSG00000166681.13,chrX,103377462,103378077,PAS,True,81,116
ENSG00000166681.13,chrX,103377509,103378075,PAS,True,35,116
ENSG00000147274.14,chrX,136869186,136870417,PAS,True,99,148
ENSG00000147274.14,chrX,136873443,136874452,PAS,True,51,147
ENSG00000134871.18,chr13,110307021,110307528,TSS,True,482,776
ENSG00000187498.15,chr13,110306943,110307669,TSS,True,343,659
ENSG00000198176.12,chr13,113623286,113633119,ES,False,15,148
ENSG00000198176.12,chr13,113637884,113640119,5AS,True,29,133
ENSG00000198176.12,chr13,113584673,113584888,TSS,True,27,162
ENSG00000065150.18,chr13,97976125,97976786,TSS,True,19,105
ENSG00000183722.8,chr13,39378526,39600831,3AS,True,13,123
ENSG00000150403.17,chr13,113539507,113548302,ES,True,32,304
ENSG00000120686.11,chr13,38349813,38349921,TSS,True,27,123
ENSG00000198542.13,chr13,101452378,101452931,TSS,True,95,799
ENSG00000198542.13,chr13,101715562,101717562,PAS,True,288,731
ENSG00000198542.13,chr13,101717498,101721422,PAS,True,521,786
ENSG00000133110.14,chr13,37564560,37569743,ES,False,450,2149
ENSG00000133110.14,chr13,37570669,37574571,ES,True,64,637
ENSG00000133110.14,chr13,37570669,37577752,ES,False,368,2071
ENSG00000133110.14,chr13,37571458,37577752,ES,False,1068,1645
ENSG00000133104.13,chr13,36335832,36346224,ES,True,100,113
ENSG00000133104.13,chr13,36346224,36346505,TSS,False,77,190
ENSG00000133104.13,chr13,36346581,36346780,TSS,True,161,190
ENSG00000139842.14,chr13,113208746,113209775,TSS,True,13,119
ENSG00000132963.7,chr13,28659093,28659187,TSS,False,159,318
ENSG00000189403.14,chr13,30465795,30465967,TSS,True,50,267
ENSG00000152767.16,chr13,98142661,98143492,TSS,True,47,185
ENSG00000102804.14,chr13,44436503,44436857,TSS,True,41,134
ENSG00000102804.14,chr13,44573162,44577306,TSS,True,104,135
ENSG00000049540.16,chr7,74053309,74056671,ME,True,78,156
ENSG00000049540.16,chr7,74056713,74059885,ES,False,3154,6536
ENSG00000049540.16,chr7,74065732,74066731,ES,False,3823,6497
ENSG00000049540.16,chr7,74027789,74028269,TSS,True,1618,7401
ENSG00000106153.12,chr7,56106363,56106485,TSS,True,13,126
ENSG00000136235.16,chr7,23260773,23266516,3AS,False,220,274
ENSG00000105993.14,chr7,157385540,157386324,PAS,True,95,173
ENSG00000105993.14,chr7,157416015,157417440,PAS,True,82,174
ENSG00000106009.15,chr7,2554304,2555524,TSS,True,87,107
ENSG00000106009.15,chr7,2555486,2555782,TSS,True,43,107
ENSG00000178234.12,chr7,152025884,152094189,ES,False,159,178
ENSG00000122566.21,chr7,26191128,26192494,IR,False,39,102
ENSG00000122566.21,chr7,26192338,26192494,IR,False,445,519
ENSG00000122566.21,chr7,26197732,26200571,ES,False,269,393
ENSG00000122566.21,chr7,26189657,26190460,PAS,False,465,582
ENSG00000122566.21,chr7,26190124,26192338,PAS,True,130,576
ENSG00000122566.21,chr7,26200571,26201617,TSS,True,186,582
ENSG00000122566.21,chr7,26192494,26192579,TSS,True,428,582
ENSG00000263001.5,chr7,74716950,74728785,ES,False,105,135
ENSG00000263001.5,chr7,74758855,74759547,IR,False,105,142
ENSG00000263001.5,chr7,74759547,74760693,PAS,True,41,146
ENSG00000263001.5,chr7,74758779,74760692,PAS,True,109,146
ENSG00000105974.11,chr7,116524979,116525092,TSS,True,241,345
ENSG00000105974.11,chr7,116526328,116526689,TSS,True,153,345
ENSG00000164692.17,chr7,94394693,94395101,TSS,True,4200,21459
ENSG00000146540.14,chr7,1028257,1028377,TSS,True,62,149
ENSG00000146540.14,chr7,1138188,1138280,TSS,True,128,149
ENSG00000146963.17,chr7,139422162,139425489,PAS,True,34,192
ENSG00000146963.17,chr7,139417537,139423111,PAS,True,158,190
ENSG00000164889.13,chr7,151059561,151059762,TSS,True,95,308
ENSG00000164896.19,chr7,151077236,151077309,IR,False,186,213
ENSG00000164896.19,chr7,151079922,151080436,IR,True,83,103
ENSG00000164896.19,chr7,151079922,151080684,5AS,False,103,186
ENSG00000164896.19,chr7,151079922,151080684,IR,True,103,123
ENSG00000164896.19,chr7,151080684,151080883,TSS,True,111,215
ENSG00000164896.19,chr7,151079499,151080863,TSS,True,193,215
ENSG00000164896.19,chr7,151080436,151080839,TSS,False,130,215
ENSG00000106290.14,chr7,100119203,100119373,TSS,True,24,106
ENSG00000128595.16,chr7,128748804,128758870,ME,False,279,1906
ENSG00000086232.12,chr7,6042990,6044561,3AS,True,18,148
ENSG00000164828.17,chr7,852667,852812,3AS,False,39,106
ENSG00000164828.17,chr7,815868,816673,TSS,True,77,169
ENSG00000122641.10,chr7,41685113,41690542,PAS,True,44,202
ENSG00000122641.10,chr7,41700494,41700517,PAS,True,167,201
ENSG00000122641.10,chr7,41703004,41703111,TSS,True,110,258
ENSG00000122641.10,chr7,41699986,41700899,TSS,True,178,216
ENSG00000117868.15,chr7,158829088,158829628,TSS,True,15,107
ENSG00000122565.18,chr7,26201591,26201826,TSS,True,39,170
ENSG00000159840.15,chr7,143381409,143381559,3AS,True,70,173
ENSG00000159840.15,chr7,143380384,143381409,TSS,False,49,222
ENSG00000136193.16,chr7,29989641,29989961,TSS,True,13,118
ENSG00000106263.17,chr7,2379511,2380278,3AS,False,152,314
ENSG00000106263.17,chr7,2354092,2355420,TSS,True,44,357
ENSG00000106263.17,chr7,2380203,2380748,PAS,True,194,354
ENSG00000106263.17,chr7,2380278,2380746,PAS,False,202,354
ENSG00000091136.13,chr7,108001733,108002848,IR,True,105,122
ENSG00000091136.13,chr7,108003110,108003326,TSS,False,84,197
ENSG00000106366.8,chr7,101127098,101127244,TSS,False,136,700
ENSG00000033050.8,chr7,151227162,151227386,TSS,False,21,112
ENSG00000033050.8,chr7,151226304,151227191,TSS,True,100,112
ENSG00000122786.19,chr7,134965386,134968553,3AS,False,60,495
ENSG00000122786.19,chr7,134779389,134779749,TSS,True,107,542
ENSG00000122786.19,chr7,134968339,134970728,PAS,True,82,517
ENSG00000122786.19,chr7,134968553,134970723,PAS,True,482,542
ENSG00000106624.10,chr7,44104228,44104918,TSS,True,51,214
ENSG00000106628.10,chr7,44122109,44123510,3AS,True,86,103
ENSG00000106628.10,chr7,44123510,44123564,TSS,True,17,120
ENSG00000106628.10,chr7,44121833,44123546,TSS,True,107,119
ENSG00000106397.11,chr7,101217165,101217751,TSS,True,17,161
ENSG00000106348.17,chr7,128409755,128410014,TSS,True,147,165
ENSG00000106348.17,chr7,128405766,128406222,TSS,True,31,165
ENSG00000106052.13,chr7,27816394,27816889,5AS,False,113,143
ENSG00000082014.16,chr7,151277076,151277169,TSS,False,83,109
ENSG00000082014.16,chr7,151248484,151249400,TSS,True,38,107
ENSG00000136295.14,chr7,2631914,2632278,TSS,True,75,135
ENSG00000136279.20,chr7,44058280,44058431,3AS,False,198,271
ENSG00000186591.12,chr7,129952502,129952986,TSS,True,16,133
ENSG00000001630.16,chr7,92134172,92134517,TSS,False,13,102
ENSG00000075223.13,chr7,80918827,80919365,TSS,True,14,101
ENSG00000171867.16,chr20,4686512,4699215,3AS,False,50,108
ENSG00000171867.16,chr20,4686325,4686512,TSS,True,31,139
ENSG00000171867.16,chr20,4699215,4701587,PAS,True,61,113
ENSG00000171867.16,chr20,4699210,4701589,PAS,True,53,113
ENSG00000088832.16,chr20,1369039,1369771,IR,False,21,165
ENSG00000088832.16,chr20,1368976,1370072,PAS,True,24,168
ENSG00000088832.16,chr20,1368977,1369039,PAS,True,149,172
ENSG00000101310.16,chr20,18507972,18510821,5AS,False,36,109
ENSG00000101310.16,chr20,18507518,18507990,TSS,True,45,117
ENSG00000101310.16,chr20,18507525,18507972,TSS,False,80,117
ENSG00000125868.15,chr20,17569786,17570211,TSS,True,338,1432
ENSG00000171858.17,chr20,62387060,62387136,TSS,True,20,116
ENSG00000171858.17,chr20,62387107,62387388,TSS,True,101,116
ENSG00000089063.14,chr20,5109445,5112960,5AS,False,104,140
ENSG00000089063.14,chr20,5112960,5113087,TSS,True,40,148
ENSG00000089063.14,chr20,5112729,5113076,TSS,True,123,148
ENSG00000100991.11,chr20,35021332,35035122,3AS,False,68,302
ENSG00000100994.11,chr20,25248012,25248421,TSS,False,44,292
ENSG00000130706.12,chr20,62302936,62303049,TSS,False,25,189
ENSG00000131051.22,chr20,35709256,35713018,3AS,False,81,175
ENSG00000131051.22,chr20,35739017,35740823,ES,False,122,147
ENSG00000131051.22,chr20,35739017,35740823,3AS,True,122,137
ENSG00000101161.7,chr20,63981097,63981316,TSS,False,23,151
ENSG00000064601.18,chr20,45890233,45891379,TSS,False,71,308
ENSG00000064601.18,chr20,45891371,45891762,TSS,True,275,308
ENSG00000101365.20,chr20,2658392,2658522,PAS,False,65,102
ENSG00000101365.20,chr20,2664152,2664219,TSS,True,56,102
ENSG00000101365.20,chr20,2658758,2658815,TSS,True,84,102
ENSG00000196562.14,chr20,47665953,47666259,3AS,True,116,131
ENSG00000196562.14,chr20,47785342,47785989,TSS,False,38,135
ENSG00000087460.24,chr20,58895684,58903527,ES,False,400,461
ENSG00000087460.24,chr20,58895684,58903530,ES,False,218,676
ENSG00000087460.24,chr20,58895684,58903530,3AS,False,218,679
ENSG00000087460.24,chr20,58898985,58903530,3AS,False,463,526
ENSG00000087460.24,chr20,58889181,58891865,TSS,True,150,1183
ENSG00000166913.12,chr20,44885886,44901530,ES,False,178,230
ENSG00000101150.17,chr20,63873816,63882718,ES,False,19,125
ENSG00000132670.20,chr20,2923285,2964271,ES,True,22,139
ENSG00000101182.14,chr20,62139074,62139185,TSS,True,210,321
ENSG00000101182.14,chr20,62143207,62143457,TSS,True,118,321
ENSG00000100997.18,chr20,25300197,25300884,PAS,True,14,123
ENSG00000124225.15,chr20,57709473,57710015,TSS,True,88,374
ENSG00000101346.13,chr20,32207843,32208065,TSS,True,24,100
ENSG00000089006.16,chr20,17968374,17968838,TSS,True,34,109
ENSG00000089006.16,chr20,17968699,17968940,TSS,True,82,109
ENSG00000244687.11,chr20,50084254,50113106,ES,False,26,145
ENSG00000101294.17,chr20,31514410,31514734,TSS,True,33,326
ENSG00000082781.11,chr3,124796817,124819738,ME,False,78,144
ENSG00000168036.17,chr3,41199199,41199670,TSS,True,37,163
ENSG00000168036.17,chr3,41239659,41240446,PAS,True,118,142
ENSG00000168036.17,chr3,41239133,41240445,PAS,True,87,142
ENSG00000168036.17,chr3,41239818,41240452,PAS,True,119,163
ENSG00000047849.21,chr3,47852938,47853162,3AS,False,41,136
ENSG00000047849.21,chr3,47850688,47853039,PAS,True,44,139
ENSG00000047849.21,chr3,47850681,47852938,PAS,True,98,139
ENSG00000047849.21,chr3,47853162,47853298,TSS,True,136,243
ENSG00000114850.6,chr3,156554956,156555161,TSS,True,24,199
ENSG00000114353.16,chr3,50236157,50236453,TSS,True,41,361
ENSG00000188846.13,chr3,40457295,40457363,TSS,False,55,116
ENSG00000188846.13,chr3,40457330,40457991,TSS,True,76,116
ENSG00000162244.11,chr3,51995856,51995952,TSS,False,28,162
ENSG00000162244.11,chr3,51995424,51995470,TSS,True,141,162
ENSG00000163520.13,chr3,13549060,13549208,TSS,True,133,565
ENSG00000163520.13,chr3,13570308,13571661,TSS,True,473,565
ENSG00000170275.14,chr3,33113963,33114548,TSS,True,65,221
ENSG00000081154.11,chr3,101574279,101579841,3AS,False,71,168
ENSG00000180914.10,chr3,8767265,8767866,TSS,True,118,135
ENSG00000180914.10,chr3,8769230,8769609,TSS,True,34,135
ENSG00000178035.11,chr3,49024404,49024494,IR,False,111,125
ENSG00000178035.11,chr3,49024578,49024658,IR,False,109,124
ENSG00000178035.11,chr3,49024802,49024895,IR,False,110,124
ENSG00000178035.11,chr3,49025040,49025125,IR,True,110,124
ENSG00000178035.11,chr3,49025269,49026323,IR,True,101,116
ENSG00000178035.11,chr3,49026419,49026518,IR,True,107,121
ENSG00000178035.11,chr3,49024324,49024404,PAS,False,14,125
ENSG00000178035.11,chr3,49029252,49029461,TSS,True,23,125
ENSG00000181789.14,chr3,129249575,129249746,TSS,True,30,273
ENSG00000017260.19,chr3,130893964,130894337,TSS,True,20,104
ENSG00000017260.19,chr3,131001219,131003154,PAS,True,29,103
ENSG00000017260.19,chr3,131016151,131016759,PAS,True,76,104
ENSG00000065534.18,chr3,123618767,123620206,3AS,False,17,128
ENSG00000065534.18,chr3,123700019,123701257,TSS,True,37,136
ENSG00000114650.19,chr3,47417823,47418133,3AS,False,88,103
ENSG00000114650.19,chr3,47475798,47476031,TSS,True,25,113
ENSG00000172053.17,chr3,49104616,49104815,TSS,True,15,143
ENSG00000114867.20,chr3,184323241,184323407,3AS,False,88,145
ENSG00000114867.20,chr3,184314489,184314674,TSS,True,162,214
ENSG00000114867.20,chr3,184321278,184322103,TSS,True,179,214
ENSG00000114503.10,chr3,196942425,196942560,TSS,True,25,119
ENSG00000168028.13,chr3,39406705,39406764,TSS,False,49,213
ENSG00000168028.13,chr3,39409960,39411777,TSS,True,181,213
ENSG00000114019.14,chr3,134358716,134359282,3AS,False,18,126
ENSG00000114019.14,chr3,134374341,134374517,TSS,True,37,134
ENSG00000114019.14,chr3,134370699,134371495,TSS,True,115,134
ENSG00000114354.13,chr3,100736704,100744832,5AS,False,41,211
ENSG00000170248.14,chr3,33798568,33798937,TSS,True,30,152
ENSG00000168268.10,chr3,52533505,52533816,TSS,True,78,315
ENSG00000168268.10,chr3,52527828,52527929,TSS,True,258,315
ENSG00000170266.15,chr3,33097010,33097408,TSS,True,32,181
ENSG00000016864.18,chr3,52705446,52706059,TSS,True,21,100
ENSG00000008952.16,chr3,169982706,169982885,PAS,True,172,208
ENSG00000008952.16,chr3,169992593,169996465,PAS,True,39,210
ENSG00000163938.16,chr3,52685651,52686105,TSS,True,17,116
ENSG00000172037.13,chr3,49132791,49133082,TSS,True,138,319
ENSG00000169714.16,chr3,129171277,129171445,3AS,False,157,229
ENSG00000169714.16,chr3,129171538,129171654,5AS,False,127,219
ENSG00000156976.16,chr3,186783639,186784431,3AS,False,250,340
ENSG00000156976.16,chr3,186787882,186789124,IR,False,280,316
ENSG00000156976.16,chr3,186789124,186789901,PAS,True,48,349
ENSG00000178252.17,chr3,49014116,49014209,IR,False,171,200
ENSG00000178252.17,chr3,49007308,49007531,TSS,True,46,207
ENSG00000178252.17,chr3,49011638,49014116,TSS,False,174,207
ENSG00000161203.13,chr3,184180251,184180848,3AS,True,401,940
ENSG00000164054.15,chr3,48504018,48504380,TSS,False,123,175
ENSG00000164054.15,chr3,48473009,48473208,TSS,True,86,174
ENSG00000058262.9,chr3,128052302,128052559,TSS,False,132,591
ENSG00000174748.20,chr3,23917129,23917173,TSS,False,117,767
ENSG00000157020.17,chr3,10318094,10321049,5AS,False,191,224
ENSG00000157020.17,chr3,10321049,10321188,TSS,True,45,244
ENSG00000157020.17,chr3,10320508,10321075,TSS,True,218,244
ENSG00000114391.12,chr3,101686671,101686718,TSS,True,13,123
ENSG00000144810.15,chr3,99638664,99744896,ME,False,156,702
ENSG00000144810.15,chr3,99638664,99744896,ME,False,150,702
ENSG00000144810.15,chr3,99638664,99691398,ES,False,133,184
ENSG00000144810.15,chr3,99638664,99744896,ES,False,1498,2261
ENSG00000144810.15,chr3,99791010,99794229,3AS,True,1863,2286
ENSG00000144810.15,chr3,99638473,99638664,TSS,True,619,2933
ENSG00000144810.15,chr3,99794229,99799215,PAS,True,488,2363
ENSG00000144810.15,chr3,99794226,99799218,PAS,True,1930,2363
ENSG00000091986.15,chr3,112640326,112641299,TSS,True,189,704
ENSG00000091986.15,chr3,112638027,112639748,TSS,False,615,685
ENSG00000182899.16,chr3,197950181,197950221,TSS,True,76,265
