gene,chr,start,end,splice_type,novel,H1_ENCFF213XDA_in_cov,H1_ENCFF213XDA_total_cov
ENSG00000141959.16,chr21,44299728,44300190,TSS,True,17,167
ENSG00000159131.16,chr21,33503182,33504315,PAS,True,93,302
ENSG00000159131.16,chr21,33524004,33525000,PAS,True,211,296
ENSG00000184787.18,chr21,44801705,44801845,TSS,True,14,110
ENSG00000160200.17,chr21,43053647,43053861,IR,False,51,190
ENSG00000160200.17,chr21,43059303,43060440,IR,True,183,214
ENSG00000160200.17,chr21,43053185,43053647,PAS,False,158,225
ENSG00000160200.17,chr21,43050595,43053983,PAS,True,84,220
ENSG00000160200.17,chr21,43075769,43075902,TSS,True,38,225
ENSG00000159140.19,chr21,33542214,33543169,TSS,True,62,124
ENSG00000159140.19,chr21,33549642,33555391,TSS,True,76,123
ENSG00000159140.19,chr21,33576364,33577518,PAS,True,87,124
ENSG00000159140.19,chr21,33576417,33577518,PAS,True,64,124
ENSG00000182871.14,chr21,45505431,45505837,3AS,False,245,273
ENSG00000182871.14,chr21,45405114,45405241,TSS,False,73,288
ENSG00000142192.20,chr21,25982477,26000014,ES,False,62,159
ENSG00000142192.20,chr21,25982477,26021839,ES,False,18,174
ENSG00000142192.20,chr21,26170563,26170820,TSS,True,76,221
ENSG00000274276.4,chr21,6445325,6445539,IR,False,74,257
ENSG00000274276.4,chr21,6450981,6452118,IR,True,230,266
ENSG00000274276.4,chr21,6441177,6445661,PAS,True,105,285
ENSG00000274276.4,chr21,6442516,6445325,PAS,True,193,286
ENSG00000274276.4,chr21,6467447,6467571,TSS,True,65,294
ENSG00000205581.10,chr21,39348902,39349152,TSS,True,28,246
ENSG00000160285.14,chr21,46195756,46205835,ES,True,21,156
ENSG00000160285.14,chr21,46221975,46222662,5AS,False,24,143
ENSG00000160285.14,chr21,46228731,46228827,TSS,True,99,173
ENSG00000160285.14,chr21,46228433,46228816,TSS,True,102,173
ENSG00000154639.18,chr21,17559131,17565427,ES,False,18,155
ENSG00000154639.18,chr21,17512975,17513172,TSS,True,25,173
ENSG00000138032.20,chr2,44232315,44234074,PAS,True,100,175
ENSG00000138032.20,chr2,44230412,44231473,PAS,False,77,175
ENSG00000115053.15,chr2,231464335,231464536,TSS,True,151,918
ENSG00000082898.16,chr2,61537561,61538723,TSS,True,56,252
ENSG00000198380.12,chr2,69387064,69387284,TSS,True,35,114
ENSG00000204843.12,chr2,74391793,74392075,TSS,False,36,221
ENSG00000115241.10,chr2,27409302,27409674,TSS,True,19,158
ENSG00000196504.16,chr2,152663967,152664137,3AS,True,142,199
ENSG00000196504.16,chr2,152681336,152693024,5AS,True,165,185
ENSG00000196504.16,chr2,152716126,152717355,5AS,False,143,193
ENSG00000196504.16,chr2,152717355,152718743,TSS,True,84,215
ENSG00000196504.16,chr2,152717229,152717461,TSS,True,165,215
ENSG00000057935.13,chr2,42697834,42704196,3AS,False,69,116
ENSG00000196141.13,chr2,200419496,200440648,ES,False,143,214
ENSG00000196141.13,chr2,200306075,200306601,TSS,True,196,224
ENSG00000196141.13,chr2,200306553,200306922,TSS,True,54,224
ENSG00000116062.14,chr2,47783100,47783493,TSS,True,47,182
ENSG00000116062.14,chr2,47798611,47801155,TSS,True,157,182
ENSG00000168906.12,chr2,85539115,85539378,TSS,True,33,105
ENSG00000065911.11,chr2,74198742,74207703,ES,False,15,137
ENSG00000082153.17,chr2,200811535,200811727,TSS,False,303,353
ENSG00000082153.17,chr2,200811559,200811990,TSS,True,65,353
ENSG00000124831.18,chr2,237627552,237627740,TSS,True,69,106
ENSG00000124831.18,chr2,237692102,237692521,TSS,True,49,106
ENSG00000124831.18,chr2,237779421,237781653,PAS,True,71,106
ENSG00000196950.13,chr2,195656915,195657281,TSS,True,141,297
ENSG00000196950.13,chr2,195586266,195586417,TSS,True,221,297
ENSG00000127837.9,chr2,218269534,218269965,3AS,False,128,146
ENSG00000077232.17,chr2,182732542,182740298,ES,False,14,104
ENSG00000077232.17,chr2,182715989,182716483,TSS,True,16,119
ENSG00000115694.14,chr2,241499414,241500172,IR,False,113,132
ENSG00000115694.14,chr2,241508005,241508623,TSS,True,107,148
ENSG00000115694.14,chr2,241508442,241508635,TSS,True,60,148
ENSG00000168385.17,chr2,241315982,241324215,ES,False,396,463
ENSG00000168385.17,chr2,241315861,241315982,TSS,True,84,565
ENSG00000115677.16,chr2,241315101,241315254,TSS,True,199,260
ENSG00000115677.16,chr2,241272760,241272937,TSS,True,209,260
ENSG00000115677.16,chr2,241315569,241315846,TSS,True,178,260
PB_novel_212489,chr2,67331769,67332062,TSS,True,21,116
PB_novel_212489,chr2,67339333,67339973,PAS,True,76,116
ENSG00000071082.10,chr2,101002260,101002315,TSS,True,24,114
ENSG00000071082.10,chr2,101002291,101002808,TSS,True,101,114
ENSG00000085449.14,chr2,223945147,223945383,TSS,True,19,143
ENSG00000114978.17,chr2,74178660,74178899,TSS,True,17,146
ENSG00000169764.15,chr2,63840947,63841232,TSS,True,386,507
ENSG00000169764.15,chr2,63841330,63842204,TSS,True,156,506
ENSG00000061676.14,chr2,183037991,183038501,TSS,True,39,180
ENSG00000144028.14,chr2,96305392,96305574,TSS,False,64,141
ENSG00000158417.10,chr2,99337370,99337589,TSS,True,19,132
ENSG00000136699.19,chr2,130181529,130182128,TSS,False,24,208
ENSG00000170144.20,chr2,177212805,177215538,5AS,False,61,266
ENSG00000170144.20,chr2,177212563,177212871,TSS,True,134,339
ENSG00000170144.20,chr2,177212742,177212805,TSS,True,278,339
ENSG00000115524.15,chr2,197434971,197435113,TSS,True,41,389
ENSG00000138363.14,chr2,215311947,215312161,TSS,False,12,112
ENSG00000144366.15,chr2,188383889,188477658,ES,False,102,116
ENSG00000144366.15,chr2,188291589,188292166,TSS,True,95,132
ENSG00000144366.15,chr2,188292763,188293112,TSS,True,71,132
ENSG00000135916.15,chr2,230865145,230875619,ES,False,92,576
ENSG00000115540.14,chr2,197516146,197535529,ES,False,26,128
ENSG00000143947.13,chr2,55232655,55232708,TSS,True,56,187
ENSG00000143947.13,chr2,55232687,55232872,TSS,True,133,187
ENSG00000134323.11,chr2,15941800,15942854,TSS,True,74,144
ENSG00000134323.11,chr2,15940550,15940743,TSS,True,83,144
ENSG00000136718.9,chr2,130341741,130342935,TSS,True,48,107
ENSG00000136718.9,chr2,130342881,130342962,TSS,True,82,107
ENSG00000136718.9,chr2,130342217,130343194,TSS,True,87,107
ENSG00000138074.14,chr2,27211899,27211980,TSS,True,126,178
ENSG00000138074.14,chr2,27211710,27211802,TSS,True,156,178
ENSG00000138074.14,chr2,27211766,27211914,TSS,False,122,178
ENSG00000134308.13,chr2,9630940,9631046,TSS,False,142,449
ENSG00000134308.13,chr2,9630158,9630765,TSS,True,321,449
ENSG00000119772.16,chr2,25251911,25252161,TSS,False,95,113
ENSG00000119772.16,chr2,25252193,25252337,TSS,False,48,113
ENSG00000138071.13,chr2,65227761,65227957,TSS,True,19,137
ENSG00000091409.14,chr2,172489613,172491023,5AS,True,17,122
ENSG00000091409.14,chr2,172427578,172427970,TSS,True,27,139
ENSG00000168883.19,chr2,85648760,85649284,PAS,True,13,100
ENSG00000168883.19,chr2,85649016,85649284,PAS,True,88,100
ENSG00000138095.18,chr2,43995798,43996233,TSS,False,34,220
ENSG00000136536.14,chr2,159712606,159729008,5AS,False,53,122
ENSG00000136536.14,chr2,159712209,159712661,TSS,True,79,148
ENSG00000136536.14,chr2,159712174,159712606,TSS,True,85,148
ENSG00000213639.9,chr2,28752176,28781803,3AS,True,25,124
ENSG00000213639.9,chr2,28783978,28799198,ES,True,24,132
ENSG00000213639.9,chr2,28751515,28751820,TSS,False,107,142
ENSG00000213639.9,chr2,28751796,28752176,TSS,True,63,142
ENSG00000152518.7,chr2,43226264,43226606,TSS,False,41,265
ENSG00000143924.18,chr2,42169258,42169636,TSS,True,22,113
ENSG00000143727.15,chr2,271939,275139,ME,False,33,133
PB_novel_212671,chr2,188034060,188039129,ES,True,75,135
PB_novel_212671,chr2,188033765,188034060,TSS,True,16,153
ENSG00000197756.9,chr2,216498814,216498877,TSS,True,26,105
ENSG00000197756.9,chr2,216498869,216499398,TSS,True,84,105
ENSG00000164754.14,chr8,116874610,116874896,TSS,False,35,228
ENSG00000120992.17,chr8,54101754,54102030,TSS,True,30,209
ENSG00000155096.13,chr8,102843747,102858012,ES,False,186,304
ENSG00000158941.16,chr8,22604637,22604842,TSS,True,24,222
ENSG00000169398.19,chr8,141001124,141001674,TSS,True,25,119
ENSG00000161016.17,chr8,144792365,144792428,TSS,False,337,669
ENSG00000104413.16,chr8,94678371,94705924,ES,False,34,115
ENSG00000104413.16,chr8,94640526,94641450,TSS,True,15,126
ENSG00000185122.10,chr8,144312244,144313510,ES,False,123,158
ENSG00000077782.20,chr8,38418373,38419538,5AS,False,16,118
ENSG00000077782.20,chr8,38467980,38468832,TSS,True,55,148
ENSG00000104332.11,chr8,41308615,41309485,TSS,False,53,292
ENSG00000153310.19,chr8,129871496,129903311,ES,False,39,110
ENSG00000153310.19,chr8,129939607,129939904,TSS,True,27,114
ENSG00000153310.19,chr8,130016369,130016704,TSS,True,94,115
ENSG00000179950.13,chr8,143818534,143821596,ES,False,111,237
ENSG00000179950.13,chr8,143821913,143829279,ES,False,26,221
ENSG00000179950.13,chr8,143824396,143829279,3AS,False,41,195
ENSG00000179950.13,chr8,143829279,143829376,TSS,True,27,248
ENSG00000157110.15,chr8,30383844,30385158,TSS,True,28,154
ENSG00000157110.15,chr8,30570636,30572262,PAS,True,70,141
ENSG00000157110.15,chr8,30547291,30547524,PAS,True,66,131
ENSG00000164924.17,chr8,100951928,100952852,TSS,True,192,669
ENSG00000164924.17,chr8,100952849,100953334,TSS,True,594,669
ENSG00000104529.17,chr8,143581328,143586728,ES,False,14,123
ENSG00000104529.17,chr8,143586849,143597347,3AS,False,17,105
ENSG00000104529.17,chr8,143597347,143598252,TSS,True,26,131
ENSG00000048392.11,chr8,102238826,102239059,TSS,True,30,143
ENSG00000254277.1,chr8,71675535,71702214,ES,True,90,101
ENSG00000254277.1,chr8,71675238,71675535,TSS,True,24,128
ENSG00000254277.1,chr8,71702214,71704579,PAS,True,23,128
ENSG00000254339.5,chr8,114282294,114284252,3AS,False,38,230
ENSG00000254339.5,chr8,114284514,114295465,5AS,False,73,170
ENSG00000254339.5,chr8,114287721,114290466,PAS,False,208,249
ENSG00000254339.5,chr8,114295465,114298691,PAS,True,66,249
ENSG00000179632.9,chr8,144106464,144106554,IR,False,107,119
ENSG00000104635.13,chr8,22367230,22367408,TSS,True,43,403
ENSG00000092964.17,chr8,26577739,26578293,TSS,False,45,192
ENSG00000198791.11,chr8,17230848,17232426,IR,True,107,135
ENSG00000198791.11,chr8,17226029,17230848,PAS,True,28,135
ENSG00000198791.11,chr8,17229227,17232537,PAS,True,106,134
ENSG00000185728.16,chr8,63168557,63168901,TSS,True,28,101
ENSG00000185728.16,chr8,63168566,63168814,TSS,True,90,101
ENSG00000147601.13,chr8,73027052,73032041,ES,False,827,1106
ENSG00000140545.14,chr15,88899532,88901550,ES,False,32,311
ENSG00000140545.14,chr15,88913246,88913458,TSS,True,42,326
ENSG00000137776.16,chr15,58899883,58901259,3AS,False,31,111
ENSG00000137776.16,chr15,58933403,58934025,TSS,True,23,146
ENSG00000181026.14,chr15,88621258,88621382,TSS,False,46,169
ENSG00000181026.14,chr15,88626139,88626749,TSS,True,146,169
ENSG00000181026.14,chr15,88630057,88632283,PAS,True,17,165
ENSG00000128989.10,chr15,52568847,52569144,TSS,True,63,240
ENSG00000169783.12,chr15,77632309,77632893,TSS,False,12,112
ENSG00000174442.11,chr15,66505391,66508840,3AS,False,96,111
ENSG00000140264.19,chr15,43793083,43793709,IR,False,149,166
ENSG00000140264.19,chr15,43793709,43794050,PAS,True,27,176
ENSG00000128829.11,chr15,39934062,39934339,TSS,True,24,108
ENSG00000128829.11,chr15,40035026,40037294,PAS,True,14,108
ENSG00000103855.17,chr15,73684201,73684460,TSS,True,20,128
ENSG00000140157.14,chr15,22838582,22838947,TSS,True,90,112
ENSG00000140157.14,chr15,22838643,22838921,TSS,True,28,112
ENSG00000182718.16,chr15,60386086,60397942,ES,False,103,119
ENSG00000137815.14,chr15,41417090,41417313,TSS,True,15,116
ENSG00000166145.14,chr15,40853881,40854059,5AS,False,62,114
ENSG00000166145.14,chr15,40843735,40844186,TSS,False,60,118
ENSG00000166145.14,chr15,40844173,40844278,TSS,True,100,118
ENSG00000166145.14,chr15,40844176,40845029,TSS,False,81,118
ENSG00000140416.20,chr15,63060939,63062214,ME,False,38,193
ENSG00000140416.20,chr15,63042137,63042943,TSS,True,38,212
ENSG00000140416.20,chr15,63048405,63048707,TSS,True,185,208
ENSG00000140416.20,chr15,63071089,63071915,PAS,True,41,208
ENSG00000140416.20,chr15,63065895,63066180,PAS,True,183,208
ENSG00000179361.17,chr15,74591814,74593137,3AS,False,166,193
ENSG00000179361.17,chr15,74541167,74541330,TSS,True,27,206
ENSG00000131876.16,chr15,101295096,101295325,TSS,True,12,116
ENSG00000069956.11,chr15,52019198,52019376,TSS,True,29,157
ENSG00000137804.12,chr15,41349241,41351032,3AS,False,80,258
ENSG00000137804.12,chr15,41358258,41365404,3AS,False,123,257
ENSG00000086666.18,chr15,80059809,80120327,ES,False,154,184
ENSG00000156970.12,chr15,40160984,40161255,TSS,True,20,158
ENSG00000128739.22,chr15,24962209,24967931,ES,False,455,548
ENSG00000128739.22,chr15,24954852,24955062,TSS,True,76,582
ENSG00000140525.17,chr15,89243946,89244033,TSS,True,64,108
ENSG00000140525.17,chr15,89243953,89244067,TSS,True,69,108
ENSG00000140525.17,chr15,89243953,89244044,TSS,True,95,108
ENSG00000166206.14,chr15,26772882,26773085,TSS,True,42,170
ENSG00000166206.14,chr15,26773644,26773777,TSS,True,148,170
ENSG00000166073.10,chr15,39802254,39807005,ES,True,138,155
ENSG00000166073.10,chr15,39802254,39919854,ES,True,73,228
ENSG00000166503.8,chr15,83207330,83208071,TSS,True,11,101
ENSG00000182768.8,chr15,90265876,90266287,IR,False,16,150
ENSG00000182768.8,chr15,90265669,90266398,TSS,True,18,152
ENSG00000182768.8,chr15,90265672,90265876,TSS,False,136,152
ENSG00000224078.13,chr15,25082705,25083395,3AS,True,99,116
ENSG00000224078.13,chr15,25083527,25087466,ES,True,16,118
ENSG00000224078.13,chr15,25095728,25097320,5AS,False,22,158
ENSG00000224078.13,chr15,25095828,25097320,ES,True,107,135
ENSG00000224078.13,chr15,25099278,25103858,ES,True,128,184
ENSG00000224078.13,chr15,25109099,25109197,5AS,True,34,219
ENSG00000224078.13,chr15,25117515,25118270,3AS,True,24,237
ENSG00000224078.13,chr15,24991364,24998486,TSS,True,361,406
ENSG00000224078.13,chr15,24981993,24982437,TSS,False,287,408
ENSG00000224078.13,chr15,25020589,25036490,PAS,True,93,172
ENSG00000224078.13,chr15,25119064,25123124,PAS,True,166,404
ENSG00000224078.13,chr15,25001357,25002548,PAS,True,93,170
ENSG00000182774.12,chr15,82540425,82540460,TSS,True,33,134
ENSG00000182774.12,chr15,82539980,82540445,TSS,True,102,134
ENSG00000168214.20,chr4,26321048,26386352,ES,False,63,101
ENSG00000168214.20,chr4,26319847,26320815,TSS,True,147,173
ENSG00000168214.20,chr4,26320803,26321048,TSS,True,72,173
ENSG00000128059.8,chr4,56435349,56436038,TSS,True,15,124
ENSG00000249152.1,chr4,92263350,92269242,3AS,True,16,103
ENSG00000249152.1,chr4,92252873,92257957,PAS,True,88,125
ENSG00000249152.1,chr4,92261549,92263355,PAS,True,78,125
ENSG00000152795.17,chr4,82424883,82426036,ES,False,136,159
ENSG00000152795.17,chr4,82424883,82426036,IR,False,136,178
ENSG00000152795.17,chr4,82422746,82424883,PAS,True,45,207
ENSG00000152795.17,chr4,82423203,82426129,PAS,True,163,205
ENSG00000152795.17,chr4,82429247,82430469,TSS,True,22,207
ENSG00000154277.12,chr4,41256875,41257020,TSS,True,41,163
ENSG00000154277.12,chr4,41256893,41257009,TSS,True,137,163
ENSG00000249532.5,chr4,112646968,112648653,ES,True,132,333
ENSG00000179059.9,chr4,187995840,187999608,ES,False,111,163
ENSG00000179059.9,chr4,187999685,188002712,3AS,True,67,171
ENSG00000179059.9,chr4,188002712,188005050,PAS,True,104,174
ENSG00000179059.9,chr4,188002709,188005242,PAS,True,79,174
ENSG00000087274.16,chr4,2926112,2928170,ES,False,106,168
ENSG00000087274.16,chr4,2843837,2844024,TSS,True,25,179
ENSG00000138758.11,chr4,76949691,76949930,TSS,True,28,104
ENSG00000197894.10,chr4,99088688,99088790,TSS,True,22,199
PB_novel_213202,chr4,87922400,87924129,3AS,True,75,107
PB_novel_213202,chr4,87922400,87924258,3AS,True,17,124
PB_novel_213202,chr4,87922400,87924311,3AS,True,20,144
PB_novel_213202,chr4,87922400,87926696,ES,True,38,119
PB_novel_213202,chr4,87922400,87931374,ES,True,140,266
PB_novel_213202,chr4,87924394,87926723,3AS,True,12,104
PB_novel_213202,chr4,87924394,87931374,ES,True,56,108
PB_novel_213202,chr4,87922075,87922400,TSS,True,61,393
PB_novel_213202,chr4,87931374,87934278,PAS,True,86,374
PB_novel_213202,chr4,87926696,87929135,PAS,True,294,357
ENSG00000109606.12,chr4,24584322,24584621,TSS,True,32,242
ENSG00000150961.14,chr4,118815155,118815450,3AS,True,93,130
ENSG00000150961.14,chr4,118835940,118836245,TSS,True,16,136
ENSG00000109475.16,chr4,108620535,108620600,TSS,False,65,194
ENSG00000109475.16,chr4,108620576,108622024,TSS,True,162,194
ENSG00000109475.16,chr4,108620594,108620712,TSS,True,166,194
ENSG00000109332.19,chr4,102827426,102827835,TSS,True,154,289
ENSG00000109332.19,chr4,102826484,102827192,TSS,True,250,289
ENSG00000109332.19,chr4,102827943,102828141,TSS,False,244,289
ENSG00000109332.19,chr4,102827591,102827920,TSS,True,243,289
ENSG00000077684.15,chr4,128809338,128809877,TSS,True,130,220
ENSG00000077684.15,chr4,128811202,128811396,TSS,False,164,220
ENSG00000077684.15,chr4,128871354,128875224,PAS,True,47,200
ENSG00000077684.15,chr4,128861703,128864630,PAS,True,147,189
ENSG00000138768.14,chr4,75793901,75799621,ES,False,179,200
ENSG00000138768.14,chr4,75724530,75724885,TSS,True,27,214
ENSG00000138757.14,chr4,75662049,75724275,ES,False,88,125
ENSG00000138757.14,chr4,75673207,75673440,TSS,True,190,562
ENSG00000138757.14,chr4,75724275,75725315,TSS,True,437,562
ENSG00000013810.18,chr4,1721451,1721643,TSS,True,17,148
ENSG00000128050.8,chr4,56436126,56436328,TSS,True,65,426
ENSG00000109586.11,chr4,173168323,173168961,TSS,True,13,105
ENSG00000138668.18,chr4,82355401,82356795,ES,False,373,710
ENSG00000138668.18,chr4,82359639,82373445,ES,False,168,700
ENSG00000138668.18,chr4,82352497,82354154,PAS,True,74,728
ENSG00000138674.16,chr4,82829058,82842184,5AS,False,31,140
ENSG00000138674.16,chr4,82857764,82863317,ES,False,91,141
ENSG00000138674.16,chr4,82881937,82891087,3AS,False,37,137
ENSG00000072832.14,chr4,5888227,5888605,TSS,True,27,155
ENSG00000159692.15,chr4,1212423,1212912,3AS,False,149,211
ENSG00000159692.15,chr4,1238337,1248915,ES,False,24,159
ENSG00000159692.15,chr4,1211432,1212426,PAS,True,151,213
ENSG00000159692.15,chr4,1211429,1212423,PAS,True,64,213
ENSG00000159692.15,chr4,1248915,1249467,TSS,True,47,214
ENSG00000078140.13,chr4,39698116,39698390,TSS,True,28,118
ENSG00000161970.14,chr17,8382315,8383156,5AS,False,95,122
ENSG00000161970.14,chr17,8383156,8383197,TSS,False,56,151
ENSG00000161970.14,chr17,8382780,8383164,TSS,True,125,151
ENSG00000243678.11,chr17,51163643,51166956,TSS,True,105,119
ENSG00000243678.11,chr17,51166265,51166497,TSS,True,24,119
ENSG00000169710.8,chr17,82098120,82098238,TSS,True,168,231
ENSG00000076382.16,chr17,28592474,28598509,3AS,False,11,106
ENSG00000183010.16,chr17,81937261,81937328,TSS,True,90,157
ENSG00000183010.16,chr17,81936747,81937288,TSS,True,96,157
ENSG00000183010.16,chr17,81937241,81937269,TSS,True,141,157
ENSG00000131473.16,chr17,41893174,41897748,ES,False,191,436
ENSG00000131473.16,chr17,41913896,41918879,3AS,False,230,373
ENSG00000131473.16,chr17,41918879,41919084,TSS,True,96,471
ENSG00000167085.11,chr17,49414834,49414901,TSS,False,28,236
ENSG00000185359.12,chr17,81683960,81684103,TSS,True,14,118
ENSG00000198231.12,chr17,63773834,63774376,TSS,True,33,108
ENSG00000141279.15,chr17,47531037,47531555,TSS,True,14,105
ENSG00000175832.12,chr17,43546184,43546432,TSS,True,90,138
ENSG00000175832.12,chr17,43545557,43545777,TSS,True,114,138
ENSG00000175832.12,chr17,43545273,43545606,TSS,True,92,138
ENSG00000141367.11,chr17,59619349,59620173,TSS,True,52,214
ENSG00000136448.11,chr17,45061298,45061460,TSS,True,16,103
ENSG00000030582.17,chr17,44345334,44349157,5AS,False,101,122
ENSG00000030582.17,chr17,44345096,44345334,TSS,True,30,132
ENSG00000030582.17,chr17,44345272,44345605,TSS,True,111,132
ENSG00000108946.14,chr17,68511720,68512142,TSS,True,198,221
ENSG00000108946.14,chr17,68512399,68512548,TSS,True,57,221
ENSG00000010244.18,chr17,32365487,32367771,ES,False,77,126
ENSG00000010244.18,chr17,32350124,32350326,TSS,True,21,140
ENSG00000170315.13,chr17,16381061,16381184,TSS,True,43,290
ENSG00000170315.13,chr17,16381340,16381462,TSS,False,258,290
ENSG00000184009.11,chr17,81512733,81512855,TSS,True,210,2006
ENSG00000108298.11,chr17,39200112,39200349,TSS,False,29,242
ENSG00000141522.11,chr17,81871297,81871406,TSS,True,23,115
ENSG00000108883.12,chr17,44899368,44899648,TSS,True,45,224
ENSG00000168610.14,chr17,42316851,42317181,3AS,False,15,100
ENSG00000168610.14,chr17,42317224,42322284,5AS,False,24,100
ENSG00000168610.14,chr17,42388278,42388586,TSS,True,17,105
ENSG00000178921.13,chr17,8248442,8249339,TSS,False,39,114
ENSG00000002834.17,chr17,38869798,38870258,TSS,True,42,141
ENSG00000087191.12,chr17,63827380,63827514,TSS,True,19,140
ENSG00000141736.13,chr17,39699921,39700311,TSS,True,93,412
ENSG00000109113.19,chr17,28715122,28715218,5AS,False,23,144
ENSG00000109113.19,chr17,28717212,28718419,TSS,True,54,153
ENSG00000109113.19,chr17,28718121,28718530,TSS,True,128,153
ENSG00000072778.19,chr17,7222081,7222176,IR,False,76,102
ENSG00000072778.19,chr17,7222302,7222666,IR,True,85,103
ENSG00000072778.19,chr17,7222865,7223132,IR,False,58,106
ENSG00000072778.19,chr17,7219853,7220046,TSS,True,13,106
ENSG00000132388.12,chr17,4366270,4366683,TSS,True,27,147
ENSG00000108349.16,chr17,40169662,40170451,3AS,True,17,116
ENSG00000108349.16,chr17,40140296,40140779,TSS,True,32,127
ENSG00000108349.16,chr17,40163486,40164166,TSS,False,114,127
ENSG00000108349.16,chr17,40170451,40172181,PAS,True,107,125
ENSG00000108349.16,chr17,40170446,40172179,PAS,True,22,125
ENSG00000161547.16,chr17,76734114,76735158,PAS,True,23,221
ENSG00000181222.15,chr17,7484320,7484857,TSS,True,40,110
ENSG00000132382.14,chr17,4555126,4555431,TSS,True,31,181
ENSG00000108654.14,chr17,64500326,64500548,IR,True,403,461
ENSG00000108654.14,chr17,64500773,64501056,IR,False,12,110
ENSG00000108654.14,chr17,64500773,64502009,IR,False,349,447
ENSG00000108654.14,chr17,64498253,64500326,PAS,True,64,469
ENSG00000108654.14,chr17,64498254,64502069,PAS,True,415,467
ENSG00000108654.14,chr17,64506075,64506340,TSS,True,49,476
ENSG00000159217.9,chr17,48996858,48997238,TSS,True,113,131
ENSG00000159217.9,chr17,48996835,48997920,TSS,True,67,131
ENSG00000108840.15,chr17,44123503,44124047,TSS,True,23,103
ENSG00000108639.7,chr17,78171054,78171738,ES,False,11,107
ENSG00000166582.9,chr17,16348685,16349930,ES,True,99,119
ENSG00000166582.9,chr17,16348685,16349930,3AS,False,99,141
ENSG00000166582.9,chr17,16342516,16342941,PAS,True,21,164
ENSG00000166582.9,chr17,16348024,16349333,PAS,True,145,163
ENSG00000108592.16,chr17,63826835,63827065,TSS,True,64,157
ENSG00000108592.16,chr17,63827051,63827671,TSS,True,104,157
ENSG00000182446.13,chr17,81636915,81637112,TSS,True,14,126
ENSG00000177731.15,chr17,18251813,18251998,3AS,False,94,205
ENSG00000177731.15,chr17,18258627,18258774,TSS,True,37,234
ENSG00000124422.11,chr17,21042664,21043082,TSS,False,65,188
ENSG00000172809.12,chr17,74203674,74203710,TSS,False,91,102
ENSG00000172809.12,chr17,74203671,74203745,TSS,True,21,102
ENSG00000131747.14,chr17,40417770,40417978,TSS,False,49,223
ENSG00000131469.14,chr17,42998395,42998471,TSS,False,37,106
ENSG00000131469.14,chr17,42998448,42998831,TSS,False,77,106
ENSG00000184640.17,chr17,77373104,77373552,TSS,True,107,149
ENSG00000184640.17,chr17,77451477,77451528,TSS,True,100,149
ENSG00000184640.17,chr17,77466399,77466560,TSS,False,134,149
ENSG00000173812.10,chr17,41688884,41689069,TSS,False,20,138
ENSG00000108424.9,chr17,47649719,47650284,TSS,True,72,304
ENSG00000173065.13,chr17,28759764,28766585,3AS,False,22,115
ENSG00000173065.13,chr17,28755973,28759764,PAS,True,93,116
ENSG00000173065.13,chr17,28755970,28759876,PAS,True,23,116
ENSG00000173065.13,chr17,28812208,28812467,TSS,False,49,124
ENSG00000173065.13,chr17,28842681,28842855,TSS,True,88,124
ENSG00000013306.15,chr17,44321231,44321433,IR,False,214,246
ENSG00000013306.15,chr17,44322528,44322807,3AS,False,151,227
ENSG00000174231.16,chr17,1684779,1684871,TSS,True,68,138
ENSG00000133026.12,chr17,8630653,8630906,TSS,True,104,184
ENSG00000177885.14,chr17,75393550,75393855,TSS,True,128,161
ENSG00000177885.14,chr17,75405488,75405707,TSS,True,45,161
ENSG00000169727.12,chr17,82051964,82053273,ES,False,134,165
ENSG00000169727.12,chr17,82054049,82054509,3AS,False,173,195
ENSG00000169727.12,chr17,82054975,82055164,3AS,False,20,197
ENSG00000169727.12,chr17,82051518,82051964,TSS,False,33,200
ENSG00000163597.14,chr17,76557857,76561287,ES,False,136,232
ENSG00000099956.19,chr22,23791867,23793558,5AS,False,155,183
ENSG00000100364.18,chr22,45240639,45240943,TSS,True,13,125
ENSG00000100084.14,chr22,19431439,19432072,TSS,True,15,106
ENSG00000198911.11,chr22,41832415,41833358,TSS,True,37,198
ENSG00000100029.17,chr22,30580686,30581011,3AS,False,11,105
ENSG00000184076.13,chr22,29767548,29769677,5AS,True,93,104
ENSG00000184076.13,chr22,29767378,29767548,TSS,False,13,108
ENSG00000196419.12,chr22,41621215,41621345,TSS,True,98,702
ENSG00000213923.11,chr22,38290689,38291938,PAS,False,31,197
ENSG00000213923.11,chr22,38317159,38317473,TSS,True,52,202
ENSG00000213923.11,chr22,38336124,38336250,TSS,True,176,202
ENSG00000100345.21,chr22,36387806,36388109,TSS,False,112,208
ENSG00000069998.12,chr22,17143131,17145023,3AS,True,85,105
ENSG00000069998.12,chr22,17159125,17159298,TSS,False,21,115
ENSG00000069998.12,chr22,17158456,17159296,TSS,True,99,115
ENSG00000070413.19,chr22,19065058,19068099,3AS,False,32,101
ENSG00000100138.14,chr22,41688793,41688884,TSS,True,34,100
ENSG00000100138.14,chr22,41682355,41682453,TSS,True,72,100
ENSG00000100401.19,chr22,41285985,41286251,TSS,False,72,239
ENSG00000198792.12,chr22,38272883,38273049,TSS,True,23,116
ENSG00000099901.16,chr22,20126368,20126954,3AS,False,115,263
ENSG00000099901.16,chr22,20126951,20127354,PAS,True,125,274
ENSG00000099901.16,chr22,20126954,20127368,PAS,True,159,274
ENSG00000100297.15,chr22,35400054,35400208,TSS,True,32,289
ENSG00000100316.15,chr22,39319594,39320306,TSS,False,273,2066
ENSG00000100316.15,chr22,39318399,39319623,TSS,True,1845,2066
ENSG00000093000.18,chr22,45168246,45171599,ES,False,132,153
ENSG00000093000.18,chr22,45162438,45164296,TSS,True,21,173
ENSG00000077942.18,chr22,45562911,45563362,PAS,True,35,162
ENSG00000077942.18,chr22,45600306,45602846,PAS,False,129,162
ENSG00000182944.17,chr22,29288786,29291564,3AS,False,313,539
ENSG00000100227.17,chr22,42599793,42602769,ES,False,22,120
ENSG00000100227.17,chr22,42614798,42614964,TSS,True,15,132
ENSG00000196642.18,chr9,136807582,136808326,TSS,True,16,105
ENSG00000196642.18,chr9,136840321,136841188,PAS,True,11,105
ENSG00000196305.17,chr9,92289426,92293610,5AS,False,159,305
ENSG00000196305.17,chr9,92293440,92293716,TSS,True,219,367
ENSG00000196305.17,chr9,92293610,92293745,TSS,True,198,367
ENSG00000107372.12,chr9,72360787,72364695,ES,False,68,111
ENSG00000107372.12,chr9,72364695,72365265,TSS,True,14,129
ENSG00000136802.11,chr9,128882058,128882250,TSS,True,34,238
ENSG00000095319.14,chr9,128947671,128947751,TSS,True,23,137
ENSG00000106723.16,chr9,88388538,88426381,ES,False,119,135
ENSG00000106723.16,chr9,88448989,88468371,ES,False,25,151
ENSG00000106723.16,chr9,88387652,88388538,TSS,True,29,180
ENSG00000181090.20,chr9,137728529,137743391,3AS,False,66,107
ENSG00000181090.20,chr9,137744090,137754170,ES,False,33,118
ENSG00000181090.20,chr9,137618929,137619049,TSS,True,37,139
ENSG00000119487.16,chr9,125484583,125543058,ES,False,60,133
ENSG00000148303.16,chr9,133348206,133348246,TSS,False,76,156
ENSG00000148303.16,chr9,133348240,133349042,TSS,True,105,156
ENSG00000159069.13,chr9,136938789,136941171,PAS,False,12,110
ENSG00000159069.13,chr9,136944593,136944762,TSS,True,19,112
ENSG00000107164.15,chr9,130632278,130635998,ES,True,14,117
ENSG00000107164.15,chr9,130579533,130579764,TSS,True,13,125
ENSG00000122692.8,chr9,33076582,33076704,TSS,False,12,100
ENSG00000165280.15,chr9,35072336,35072782,TSS,True,68,639
ENSG00000119335.16,chr9,128683742,128684007,TSS,True,733,963
ENSG00000119335.16,chr9,128689190,128689655,TSS,False,283,963
ENSG00000196781.14,chr9,81611956,81613376,3AS,True,19,110
ENSG00000196781.14,chr9,81634301,81652213,5AS,False,95,126
ENSG00000196781.14,chr9,81583416,81584305,PAS,False,47,167
ENSG00000196781.14,chr9,81633468,81634301,PAS,True,117,157
ENSG00000196781.14,chr9,81688216,81689628,TSS,True,18,168
ENSG00000165119.20,chr9,83969380,83970161,3AS,False,517,1148
ENSG00000165119.20,chr9,83973399,83974516,ES,False,142,1108
ENSG00000165119.20,chr9,83967990,83969440,PAS,True,519,1150
ENSG00000165119.20,chr9,83968082,83969380,PAS,True,634,1150
ENSG00000165119.20,chr9,83980502,83980645,TSS,True,613,1161
ENSG00000165119.20,chr9,83980152,83980270,TSS,True,717,1161
ENSG00000136813.14,chr9,111483503,111483953,TSS,False,90,107
ENSG00000136813.14,chr9,111484115,111484503,TSS,True,47,107
ENSG00000164985.14,chr9,15510326,15510816,3AS,False,211,338
ENSG00000164985.14,chr9,15462201,15465580,PAS,False,56,369
ENSG00000164985.14,chr9,15470635,15471231,PAS,True,328,365
ENSG00000126878.12,chr9,131096454,131096660,TSS,True,28,200
ENSG00000148334.14,chr9,128122479,128122933,IR,False,99,115
ENSG00000197958.12,chr9,127451280,127451405,TSS,True,12,119
PB_novel_214572,chr9,97215113,97216273,IR,True,16,154
PB_novel_214572,chr9,97215113,97219583,5AS,True,21,159
PB_novel_214572,chr9,97217363,97219583,5AS,True,156,201
PB_novel_214572,chr9,97214704,97215113,TSS,True,163,224
PB_novel_214572,chr9,97216485,97217380,TSS,True,198,223
PB_novel_214572,chr9,97214860,97217363,TSS,True,86,223
ENSG00000119383.19,chr9,129123138,129128984,ES,False,93,104
ENSG00000119383.19,chr9,129111320,129111631,TSS,True,21,121
ENSG00000135108.14,chr12,117158063,117165484,3AS,False,68,111
ENSG00000135108.14,chr12,117190217,117190519,TSS,True,14,122
ENSG00000184575.11,chr12,64404318,64404804,TSS,False,41,306
ENSG00000182199.10,chr12,57229648,57229811,TSS,True,24,159
ENSG00000111530.12,chr12,67269275,67269785,TSS,True,22,193
ENSG00000249790.2,chr12,8788760,8794304,5AS,False,51,162
ENSG00000249790.2,chr12,8788251,8788760,TSS,False,127,182
ENSG00000249790.2,chr12,8788252,8788786,TSS,True,70,182
ENSG00000111752.10,chr12,8921065,8922632,ES,True,61,488
ENSG00000111752.10,chr12,8913938,8914827,TSS,True,116,632
ENSG00000177425.10,chr12,79689728,79690580,TSS,True,43,116
ENSG00000177425.10,chr12,79690871,79691356,TSS,False,91,116
ENSG00000120802.13,chr12,98515552,98516146,TSS,True,12,111
ENSG00000120802.13,chr12,98532822,98535647,PAS,True,21,101
ENSG00000120802.13,chr12,98547572,98550348,PAS,True,92,109
ENSG00000111667.13,chr12,6863308,6863829,5AS,False,150,170
ENSG00000063046.17,chr12,53034709,53037408,5AS,False,192,214
ENSG00000063046.17,chr12,53006278,53006496,TSS,True,99,239
ENSG00000089009.15,chr12,112409586,112409634,TSS,True,67,113
ENSG00000089009.15,chr12,112409410,112409596,TSS,True,66,113
ENSG00000111642.15,chr12,6578917,6581043,5AS,False,98,109
ENSG00000111642.15,chr12,6607299,6607582,TSS,True,86,114
ENSG00000111642.15,chr12,6599772,6600019,TSS,False,100,114
ENSG00000122965.10,chr12,113816735,113818186,PAS,True,91,102
ENSG00000122965.10,chr12,113822053,113822646,PAS,False,75,102
ENSG00000122965.10,chr12,113822053,113823321,PAS,True,51,102
ENSG00000122965.10,chr12,113966191,113966364,TSS,False,16,104
ENSG00000089157.15,chr12,120200831,120201082,3AS,False,707,788
ENSG00000196531.10,chr12,56724523,56725262,5AS,False,209,260
ENSG00000196531.10,chr12,56725262,56725531,TSS,True,69,289
ENSG00000196531.10,chr12,56724961,56725274,TSS,True,239,289
ENSG00000089159.16,chr12,120215273,120221622,ES,False,91,125
ENSG00000089159.16,chr12,120215273,120221622,3AS,False,91,120
ENSG00000089159.16,chr12,120224377,120265616,ES,False,124,147
ENSG00000089159.16,chr12,120265616,120265790,TSS,True,19,166
ENSG00000134294.13,chr12,46372508,46373583,TSS,True,89,304
ENSG00000198431.15,chr12,104286893,104287109,TSS,True,57,110
ENSG00000198431.15,chr12,104286761,104289040,TSS,True,79,110
ENSG00000089053.12,chr12,121328458,121330582,3AS,False,36,136
ENSG00000076248.10,chr12,109097531,109097811,TSS,True,23,128
ENSG00000076248.10,chr12,109098146,109098638,TSS,True,109,128
ENSG00000173598.13,chr12,93395533,93398770,3AS,False,131,191
ENSG00000123064.12,chr12,113159109,113161269,3AS,False,57,125
ENSG00000123064.12,chr12,113157180,113159112,PAS,True,58,126
ENSG00000123064.12,chr12,113157182,113159109,PAS,True,69,126
ENSG00000123064.12,chr12,113185277,113185495,TSS,True,15,126
ENSG00000179295.17,chr12,112482205,112486474,3AS,False,94,109
ENSG00000179295.17,chr12,112418882,112419125,TSS,True,24,132
ENSG00000150991.14,chr12,124914586,124914848,TSS,False,34,167
ENSG00000111371.15,chr12,46268525,46269447,TSS,True,116,164
ENSG00000111371.15,chr12,46268864,46269414,TSS,True,112,164
ENSG00000022840.15,chr12,120563070,120563346,3AS,False,170,192
ENSG00000110917.7,chr12,120687124,120687531,TSS,True,85,256
ENSG00000134287.9,chr12,48957309,48957527,TSS,True,15,118
ENSG00000111605.17,chr12,69260197,69262372,3AS,True,123,149
ENSG00000136014.11,chr12,95534326,95548770,5AS,True,64,106
ENSG00000136014.11,chr12,95548770,95548871,TSS,False,185,258
ENSG00000136014.11,chr12,95548525,95548841,TSS,True,216,258
ENSG00000136014.11,chr12,95551271,95551474,TSS,False,147,258
ENSG00000187109.13,chr12,76047718,76048392,IR,False,69,133
ENSG00000187109.13,chr12,76044892,76048464,PAS,True,120,183
ENSG00000187109.13,chr12,76044744,76047718,PAS,True,92,185
ENSG00000187109.13,chr12,76046179,76049785,PAS,True,157,182
ENSG00000187109.13,chr12,76084566,76084782,TSS,True,52,199
ENSG00000111602.11,chr12,56432521,56433025,3AS,False,15,129
ENSG00000111602.11,chr12,56449309,56449457,TSS,True,20,144
ENSG00000185664.14,chr12,55957059,55957185,IR,False,22,122
ENSG00000110880.10,chr12,108731428,108731991,TSS,True,18,107
ENSG00000118971.7,chr12,4273756,4274235,TSS,False,64,163
ENSG00000139641.12,chr12,56128093,56128709,TSS,True,17,104
ENSG00000075415.12,chr12,98593740,98593974,IR,False,123,140
ENSG00000075415.12,chr12,98593626,98593740,TSS,True,30,156
ENSG00000075415.12,chr12,98593685,98594135,TSS,True,139,156
ENSG00000135486.17,chr12,54282874,54283811,ES,False,966,1130
ENSG00000059804.15,chr12,7936019,7936187,TSS,True,56,558
ENSG00000198015.12,chr12,93467554,93469191,3AS,False,104,148
ENSG00000133703.11,chr12,25209911,25225613,ES,False,83,104
ENSG00000133703.11,chr12,25250750,25250942,TSS,True,27,126
ENSG00000060982.14,chr12,24878649,24894274,ES,False,12,110
ENSG00000060982.14,chr12,24948926,24949484,TSS,True,78,183
ENSG00000139146.13,chr12,31298224,31326023,ES,True,314,408
ENSG00000139146.13,chr12,31326023,31326200,TSS,True,47,458
ENSG00000111144.9,chr12,96003064,96006313,ES,False,35,145
ENSG00000149428.18,chr11,119045831,119046416,3AS,True,240,307
ENSG00000149428.18,chr11,119057152,119057252,TSS,False,219,320
ENSG00000149428.18,chr11,119057019,119057202,TSS,False,195,320
ENSG00000137504.13,chr11,85663601,85663814,IR,False,41,102
ENSG00000137504.13,chr11,85659711,85662457,PAS,True,60,104
ENSG00000137504.13,chr11,85663814,85665149,TSS,False,63,104
ENSG00000137504.13,chr11,85663523,85665129,TSS,True,91,104
ENSG00000149091.15,chr11,46367747,46368004,3AS,False,28,105
ENSG00000149091.15,chr11,46347364,46347820,TSS,True,13,111
ENSG00000149091.15,chr11,46379830,46380557,PAS,True,20,111
ENSG00000149091.15,chr11,46377072,46378117,PAS,True,92,111
ENSG00000014216.15,chr11,65181270,65182013,TSS,True,100,190
ENSG00000014216.15,chr11,65181388,65182968,TSS,True,156,190
ENSG00000085733.15,chr11,70420510,70422939,ES,False,39,121
ENSG00000085733.15,chr11,70398392,70398614,TSS,True,19,137
ENSG00000109971.13,chr11,123062063,123062238,TSS,True,177,1300
ENSG00000148943.11,chr11,27506715,27506796,TSS,True,13,118
ENSG00000154096.13,chr11,119423112,119423224,TSS,True,18,172
ENSG00000149257.14,chr11,75562085,75562319,TSS,False,18,152
ENSG00000134824.13,chr11,61827817,61828597,TSS,True,95,741
ENSG00000168066.20,chr11,64765518,64766899,3AS,False,72,155
ENSG00000168066.20,chr11,64767246,64767570,3AS,False,26,162
ENSG00000168066.20,chr11,64764599,64766155,PAS,True,85,175
ENSG00000168066.20,chr11,64764603,64765518,PAS,True,93,178
ENSG00000168066.20,chr11,64778361,64778780,TSS,False,28,178
ENSG00000110492.15,chr11,46381653,46381758,TSS,True,33,136
ENSG00000084234.17,chr11,130122513,130126699,ES,False,253,378
ENSG00000084234.17,chr11,130135715,130140397,ES,False,320,380
ENSG00000084234.17,chr11,130069835,130070082,TSS,True,48,401
ENSG00000167770.11,chr11,63996648,63996856,IR,False,130,158
ENSG00000166181.12,chr11,43335994,43342432,3AS,False,163,282
ENSG00000166181.12,chr11,43342427,43344530,PAS,True,179,298
ENSG00000166181.12,chr11,43342432,43344530,PAS,True,134,298
ENSG00000087053.18,chr11,95923874,95924172,TSS,True,20,108
ENSG00000089597.17,chr11,62633514,62634820,ES,False,146,171
ENSG00000089597.17,chr11,62646561,62646664,TSS,True,55,216
ENSG00000087365.15,chr11,66055315,66055537,3AS,False,44,349
ENSG00000175216.14,chr11,46846219,46846312,TSS,True,41,141
ENSG00000166333.13,chr11,6603822,6604225,3AS,False,66,111
ENSG00000165905.17,chr11,45922728,45922820,IR,True,87,118
ENSG00000165905.17,chr11,45922964,45923057,IR,False,34,121
ENSG00000165905.17,chr11,45923167,45924153,ES,True,14,110
ENSG00000165905.17,chr11,45924677,45924784,IR,False,108,122
ENSG00000165905.17,chr11,45922375,45922728,TSS,False,41,128
ENSG00000165905.17,chr11,45922635,45923167,TSS,True,107,128
ENSG00000165905.17,chr11,45928629,45929382,PAS,True,17,128
ENSG00000110092.3,chr11,69641087,69641511,TSS,True,19,120
ENSG00000135387.20,chr11,34051660,34051871,TSS,True,220,275
ENSG00000135387.20,chr11,34052073,34052636,TSS,True,89,275
ENSG00000135387.20,chr11,34099302,34102610,PAS,True,44,269
ENSG00000135387.20,chr11,34097697,34102086,PAS,True,225,269
ENSG00000167986.13,chr11,61332907,61333791,TSS,True,56,427
ENSG00000172893.15,chr11,71448289,71448424,TSS,True,28,224
ENSG00000168003.16,chr11,62856381,62881018,ES,False,45,243
ENSG00000168003.16,chr11,62871669,62881018,ES,False,143,200
ENSG00000168003.16,chr11,62855997,62856381,TSS,True,85,329
ENSG00000168003.16,chr11,62879988,62881447,TSS,True,256,329
ENSG00000198561.13,chr11,57761771,57762046,TSS,True,41,130
ENSG00000134910.13,chr11,125592789,125592918,TSS,True,19,175
ENSG00000254934.5,chr11,27616478,27618023,PAS,False,52,103
ENSG00000254934.5,chr11,27616676,27618182,PAS,True,87,103
ENSG00000254934.5,chr11,27629107,27629532,PAS,True,89,100
ENSG00000205531.12,chr11,2945646,2951258,ES,False,180,220
ENSG00000205531.12,chr11,2992253,2992431,TSS,True,75,229
ENSG00000205531.12,chr11,2991793,2992260,TSS,False,189,229
ENSG00000110721.11,chr11,68074830,68097018,ES,False,29,121
ENSG00000030066.13,chr11,47848218,47848565,TSS,True,19,165
ENSG00000133818.13,chr11,14358762,14359188,TSS,True,44,132
ENSG00000133818.13,chr11,14341809,14342358,TSS,False,104,132
ENSG00000110075.14,chr11,68460827,68519500,ES,False,65,101
ENSG00000110075.14,chr11,68519651,68544837,ES,False,12,102
ENSG00000110075.14,chr11,68460702,68460827,TSS,True,25,127
ENSG00000149269.9,chr11,77323360,77332729,ES,False,125,148
ENSG00000149269.9,chr11,77473551,77474352,TSS,True,111,151
ENSG00000149269.9,chr11,77411773,77412075,TSS,True,60,151
ENSG00000149136.8,chr11,57335729,57335892,TSS,False,34,212
ENSG00000182087.13,chr19,1011195,1011366,IR,False,189,255
ENSG00000182087.13,chr19,1011612,1011740,3AS,False,48,237
ENSG00000182087.13,chr19,1011663,1011740,IR,False,188,214
ENSG00000182087.13,chr19,1012188,1012462,IR,False,167,259
ENSG00000161847.13,chr19,10317600,10317689,IR,False,113,129
ENSG00000161847.13,chr19,10316211,10317600,PAS,False,17,129
ENSG00000161847.13,chr19,10316211,10317773,PAS,True,113,129
ENSG00000257103.8,chr19,34221738,34227364,ES,False,96,136
ENSG00000129353.14,chr19,10642451,10643278,3AS,False,115,138
ENSG00000129353.14,chr19,10602416,10602561,TSS,True,108,145
ENSG00000129353.14,chr19,10625460,10625670,TSS,True,53,145
ENSG00000129353.14,chr19,10643278,10644560,PAS,True,26,145
ENSG00000129353.14,chr19,10642896,10644559,PAS,True,122,145
ENSG00000160113.5,chr19,17244942,17245938,TSS,False,36,135
ENSG00000160113.5,chr19,17235498,17236042,TSS,True,102,135
ENSG00000105223.19,chr19,40348542,40348768,TSS,True,144,220
ENSG00000105223.19,chr19,40364079,40365930,TSS,False,97,220
ENSG00000104852.14,chr19,49107712,49107821,3AS,False,44,183
ENSG00000104852.14,chr19,49107794,49108613,PAS,True,44,183
ENSG00000104852.14,chr19,49107821,49108613,PAS,True,139,183
ENSG00000088038.18,chr19,54137717,54137993,TSS,True,13,100
ENSG00000179262.9,chr19,12949159,12949277,3AS,False,77,128
ENSG00000123136.14,chr19,14409873,14410215,IR,False,95,108
ENSG00000160633.12,chr19,5657347,5661520,3AS,False,155,245
ENSG00000160633.12,chr19,5667164,5667352,3AS,False,61,249
ENSG00000130175.9,chr19,11447597,11447692,5AS,False,67,101
ENSG00000130175.9,chr19,11435604,11435706,TSS,True,22,121
ENSG00000105220.15,chr19,34365009,34365388,TSS,True,29,220
ENSG00000130255.12,chr19,5690266,5690327,TSS,False,16,133
ENSG00000183207.13,chr19,48993533,48993923,TSS,True,19,139
ENSG00000130726.11,chr19,58544064,58545097,TSS,True,75,587
ENSG00000125753.13,chr19,45522581,45522720,3AS,True,13,110
ENSG00000125753.13,chr19,45523695,45523843,3AS,True,16,110
ENSG00000071564.14,chr19,1611369,1611703,IR,False,56,168
ENSG00000071564.14,chr19,1611849,1615685,ME,False,189,212
ENSG00000071564.14,chr19,1609290,1610500,PAS,True,189,221
ENSG00000071564.14,chr19,1609291,1611369,PAS,True,165,221
ENSG00000071564.14,chr19,1609290,1611849,PAS,True,110,221
ENSG00000071564.14,chr19,1652299,1652646,TSS,True,35,230
ENSG00000213024.11,chr19,49929325,49929539,TSS,True,30,126
ENSG00000213024.11,chr19,49929349,49929504,TSS,True,111,126
ENSG00000170889.13,chr19,54200830,54200888,TSS,True,40,125
ENSG00000170889.13,chr19,54201157,54201281,TSS,True,103,125
ENSG00000167491.17,chr19,19406019,19465344,3AS,True,25,115
ENSG00000167491.17,chr19,19405666,19406019,TSS,True,33,152
ENSG00000185236.11,chr19,8402565,8403412,IR,True,104,118
ENSG00000185236.11,chr19,8403412,8404442,PAS,False,15,119
ENSG00000185236.11,chr19,8402484,8404434,PAS,True,105,119
ENSG00000105701.15,chr19,18538433,18539370,3AS,False,96,290
ENSG00000105701.15,chr19,18543485,18543620,TSS,True,43,295
ENSG00000167658.15,chr19,3985377,3985472,TSS,True,263,1737
ENSG00000179134.15,chr19,39342576,39354005,ES,False,98,115
ENSG00000179134.15,chr19,39342576,39356688,ES,False,44,159
ENSG00000179134.15,chr19,39383291,39383498,IR,True,119,159
ENSG00000179134.15,chr19,39383291,39383707,3AS,False,15,134
ENSG00000179134.15,chr19,39342359,39342576,TSS,True,28,189
ENSG00000179134.15,chr19,39383498,39385704,PAS,False,58,177
ENSG00000179134.15,chr19,39383207,39385703,PAS,True,137,177
ENSG00000130204.12,chr19,44891314,44891406,IR,False,196,254
ENSG00000130204.12,chr19,44891314,44891409,3AS,False,47,243
ENSG00000130204.12,chr19,44891314,44891409,IR,False,47,105
ENSG00000130204.12,chr19,44891224,44891689,TSS,True,246,304
ENSG00000130204.12,chr19,44891215,44891314,TSS,True,61,304
ENSG00000099821.13,chr19,632938,633424,5AS,True,172,194
ENSG00000099821.13,chr19,633424,633565,TSS,False,44,219
ENSG00000099821.13,chr19,633199,633584,TSS,True,196,219
ENSG00000130816.15,chr19,10136287,10137084,5AS,True,105,126
ENSG00000130816.15,chr19,10194819,10195110,TSS,True,34,127
ENSG00000071626.16,chr19,1418731,1421150,3AS,False,33,166
ENSG00000071626.16,chr19,1432690,1434739,3AS,False,33,166
ENSG00000071626.16,chr19,1434736,1435687,PAS,True,41,175
ENSG00000071626.16,chr19,1434739,1435686,PAS,True,137,175
ENSG00000105647.16,chr19,18153119,18153294,TSS,False,20,167
ENSG00000105373.18,chr19,47745517,47745783,TSS,True,12,109
ENSG00000129351.17,chr19,10681329,10681992,IR,False,270,307
ENSG00000129351.17,chr19,10682704,10683136,3AS,False,165,312
ENSG00000129351.17,chr19,10653912,10654487,TSS,True,186,369
ENSG00000129351.17,chr19,10654781,10655123,TSS,False,295,369
ENSG00000129351.17,chr19,10684415,10685772,PAS,True,97,332
ENSG00000129351.17,chr19,10689178,10692419,PAS,True,245,344
ENSG00000085872.14,chr19,16542353,16542457,TSS,True,20,118
ENSG00000105699.16,chr19,35259064,35262545,ES,False,134,176
ENSG00000105699.16,chr19,35259064,35266358,ES,False,24,200
ENSG00000105699.16,chr19,35266738,35266838,3AS,False,32,207
ENSG00000071655.17,chr19,1585214,1592617,5AS,True,97,108
ENSG00000071655.17,chr19,1592617,1592910,TSS,False,67,164
ENSG00000071655.17,chr19,1584539,1586815,TSS,True,121,164
ENSG00000129354.11,chr19,10579858,10581265,3AS,False,88,102
ENSG00000099875.14,chr19,2037829,2040133,3AS,False,32,236
ENSG00000099875.14,chr19,2046468,2046603,IR,True,141,222
ENSG00000099875.14,chr19,2037463,2037829,PAS,True,210,242
ENSG00000099875.14,chr19,2037470,2039856,PAS,True,37,239
ENSG00000011304.19,chr19,805187,806407,ES,False,118,382
ENSG00000011304.19,chr19,797388,797505,TSS,True,95,417
ENSG00000125912.10,chr19,3206190,3206264,3AS,False,78,145
ENSG00000125912.10,chr19,3185867,3186214,TSS,True,20,155
ENSG00000104805.15,chr19,48900264,48900372,TSS,False,26,112
ENSG00000104805.15,chr19,48900783,48900931,TSS,True,90,112
ENSG00000127616.18,chr19,10961174,10984123,3AS,False,34,143
ENSG00000127616.18,chr19,11035132,11041306,3AS,False,149,187
ENSG00000127616.18,chr19,11041560,11058257,3AS,False,66,197
ENSG00000127616.18,chr19,10960725,10961174,TSS,True,56,202
ENSG00000062822.13,chr19,50384390,50398850,3AS,False,114,130
ENSG00000062822.13,chr19,50384273,50384390,TSS,True,21,164
ENSG00000130202.9,chr19,44878222,44878941,PAS,True,246,394
ENSG00000130202.9,chr19,44888109,44889227,PAS,True,157,398
ENSG00000118046.14,chr19,1205705,1207203,TSS,True,12,115
ENSG00000167670.15,chr19,4402581,4402814,TSS,True,23,147
ENSG00000090372.14,chr19,46727546,46727893,3AS,False,114,145
ENSG00000176619.12,chr19,2456669,2456993,TSS,False,59,293
ENSG00000269858.5,chr19,40799165,40799262,TSS,False,23,151
ENSG00000142453.11,chr19,10921127,10921614,ES,False,117,364
ENSG00000105202.8,chr19,39846290,39846413,TSS,True,13,121
ENSG00000104960.15,chr19,49860336,49860613,3AS,False,93,119
ENSG00000104960.15,chr19,49850701,49851499,TSS,True,15,120
ENSG00000104960.15,chr19,49860613,49860744,PAS,True,27,120
ENSG00000104960.15,chr19,49860565,49860744,PAS,True,94,120
ENSG00000104969.9,chr19,2783232,2783395,TSS,True,12,100
ENSG00000167747.14,chr19,50798958,50799293,IR,False,139,171
ENSG00000167747.14,chr19,50797702,50799357,PAS,True,164,196
ENSG00000167747.14,chr19,50797693,50798958,PAS,True,42,196
ENSG00000167635.11,chr19,36215155,36228747,5AS,False,22,133
ENSG00000167635.11,chr19,36215196,36228747,ES,False,46,105
ENSG00000167635.11,chr19,36214748,36215155,TSS,True,137,170
ENSG00000167635.11,chr19,36215101,36215196,TSS,True,65,170
ENSG00000105323.16,chr19,41264692,41268222,5AS,False,23,118
ENSG00000105323.16,chr19,41304261,41305675,3AS,False,166,241
ENSG00000105323.16,chr19,41262495,41262582,TSS,True,171,246
ENSG00000105323.16,chr19,41264185,41264798,TSS,True,149,245
ENSG00000105401.8,chr19,10395343,10395434,IR,False,135,158
ENSG00000167468.16,chr19,1103996,1104127,TSS,True,25,110
ENSG00000167468.16,chr19,1104057,1104929,TSS,True,89,110
ENSG00000099783.11,chr19,8465362,8465479,IR,False,318,690
ENSG00000099783.11,chr19,8474244,8485602,ES,False,120,704
ENSG00000062650.18,chr10,86521364,86521908,TSS,True,15,107
ENSG00000154473.17,chr10,123162828,123163819,IR,True,132,157
ENSG00000154473.17,chr10,123162828,123165046,3AS,False,62,194
ENSG00000154473.17,chr10,123163819,123165365,PAS,True,88,220
ENSG00000154473.17,chr10,123165046,123165365,PAS,True,162,224
ENSG00000154473.17,chr10,123162611,123165365,PAS,True,195,220
ENSG00000107816.17,chr10,100997031,100997234,TSS,True,93,118
ENSG00000107816.17,chr10,100999302,100999952,TSS,False,44,118
ENSG00000166197.16,chr10,102157074,102157188,3AS,False,158,336
ENSG00000166197.16,chr10,102159308,102159432,5AS,False,298,348
ENSG00000175029.16,chr10,125160318,125160603,TSS,True,74,140
ENSG00000175029.16,chr10,125160826,125161452,TSS,True,102,140
ENSG00000138326.19,chr10,78033751,78033904,TSS,False,33,102
ENSG00000138326.19,chr10,78035350,78035417,TSS,True,78,102
ENSG00000156515.23,chr10,69318833,69319010,TSS,False,43,378
ENSG00000099194.5,chr10,100347100,100347531,TSS,False,193,1056
ENSG00000107581.12,chr10,119080627,119080883,TSS,True,76,185
ENSG00000066468.22,chr10,121597961,121598496,TSS,True,11,100
ENSG00000059573.8,chr10,95633049,95633496,5AS,False,23,138
ENSG00000059573.8,chr10,95656596,95656890,TSS,False,16,147
ENSG00000067064.11,chr10,1048863,1049359,TSS,False,14,104
ENSG00000108010.11,chr10,130179341,130179671,PAS,True,23,100
ENSG00000108010.11,chr10,130180112,130182406,PAS,True,80,100
ENSG00000119969.14,chr10,94545764,94545907,TSS,True,107,144
ENSG00000119969.14,chr10,94545763,94545952,TSS,True,91,144
ENSG00000150093.18,chr10,32958144,32958379,TSS,True,49,283
ENSG00000165733.7,chr10,42782514,42782830,TSS,False,33,108
ENSG00000165733.7,chr10,42782792,42782998,TSS,True,94,108
ENSG00000107949.16,chr10,125836103,125836551,PAS,False,74,114
ENSG00000107949.16,chr10,125853124,125853694,PAS,False,80,114
ENSG00000107949.16,chr10,125841254,125842805,PAS,True,80,114
ENSG00000148730.6,chr10,70404143,70404546,TSS,False,50,222
ENSG00000035403.17,chr10,73997891,73998375,TSS,True,88,312
ENSG00000169813.16,chr10,43409130,43409209,TSS,True,200,301
ENSG00000169813.16,chr10,43396455,43396802,TSS,True,200,301
ENSG00000169813.16,chr10,43407716,43407818,TSS,False,257,301
ENSG00000165732.12,chr10,68956132,68956312,TSS,False,47,156
ENSG00000096746.17,chr10,68332216,68337198,5AS,False,55,114
ENSG00000096746.17,chr10,68338642,68339139,5AS,False,75,131
ENSG00000096746.17,chr10,68332040,68332235,TSS,True,83,142
ENSG00000096746.17,chr10,68332029,68332216,TSS,True,87,142
ENSG00000100664.10,chr14,103334182,103334260,TSS,False,44,398
ENSG00000100722.19,chr14,88578140,88607242,ES,False,15,121
ENSG00000100722.19,chr14,88609403,88609714,3AS,False,47,127
ENSG00000100796.17,chr14,91465419,91470836,ES,False,102,114
ENSG00000100796.17,chr14,91473370,91475849,5AS,False,65,113
ENSG00000100796.17,chr14,91509505,91510554,TSS,True,14,118
ENSG00000092199.17,chr14,21230366,21230996,5AS,False,360,469
ENSG00000092199.17,chr14,21234229,21269297,ES,False,128,451
ENSG00000100644.16,chr14,61695839,61720381,3AS,False,111,150
ENSG00000100941.8,chr14,39174985,39175392,TSS,True,20,120
ENSG00000126787.12,chr14,55148473,55150798,ES,False,152,181
ENSG00000080824.18,chr14,102086985,102087336,TSS,True,106,520
ENSG00000140105.17,chr14,100361921,100376259,ES,False,42,160
ENSG00000140105.17,chr14,100376259,100376343,TSS,True,67,227
ENSG00000140105.17,chr14,100375282,100375628,TSS,True,180,227
ENSG00000126777.17,chr14,55580354,55612018,ES,False,123,142
ENSG00000126777.17,chr14,55661612,55667240,ES,False,75,153
ENSG00000126777.17,chr14,55673012,55675834,ES,False,103,162
ENSG00000126777.17,chr14,55580021,55580354,TSS,True,20,165
ENSG00000165527.6,chr14,49892994,49893157,TSS,False,19,147
ENSG00000142208.16,chr14,104792722,104795483,ES,False,102,147
ENSG00000100605.16,chr14,93115771,93116407,TSS,True,73,110
ENSG00000100605.16,chr14,93115068,93116416,TSS,True,57,110
ENSG00000165821.11,chr14,21526060,21526304,TSS,True,208,249
ENSG00000165821.11,chr14,21536848,21537210,TSS,True,106,249
ENSG00000196497.16,chr14,24188718,24189697,TSS,True,19,108
ENSG00000100650.15,chr14,69767251,69768137,5AS,False,33,137
ENSG00000100650.15,chr14,69767255,69768137,5AS,False,92,104
ENSG00000100650.15,chr14,69769251,69770466,IR,False,90,150
ENSG00000100650.15,chr14,69767092,69767255,TSS,True,63,155
ENSG00000100650.15,chr14,69767092,69767251,TSS,True,122,155
ENSG00000100823.11,chr14,20455338,20455577,5AS,False,23,139
ENSG00000100823.11,chr14,20455394,20455577,IR,False,109,123
ENSG00000100823.11,chr14,20455192,20455394,TSS,True,76,185
ENSG00000100823.11,chr14,20455195,20455338,TSS,True,162,185
ENSG00000100567.12,chr14,58244712,58244941,TSS,True,12,100
ENSG00000182979.17,chr14,105464147,105464462,3AS,False,12,101
ENSG00000182979.17,chr14,105419433,105420063,TSS,True,12,109
ENSG00000133980.4,chr14,74348455,74348652,TSS,False,32,241
ENSG00000075413.17,chr14,103467191,103468080,3AS,False,12,107
ENSG00000075413.17,chr14,103492034,103502881,ES,False,88,102
ENSG00000090060.17,chr14,96556413,96564954,ES,False,32,288
ENSG00000090060.17,chr14,96564954,96567120,PAS,True,36,325
ENSG00000092068.19,chr14,23182763,23183662,TSS,True,31,102
ENSG00000100836.10,chr14,23321451,23321820,TSS,True,34,289
ENSG00000072110.13,chr14,68978951,68979363,TSS,True,38,288
ENSG00000100462.15,chr14,22920522,22921056,PAS,True,21,137
ENSG00000100462.15,chr14,22920523,22920731,PAS,True,122,137
ENSG00000100462.15,chr14,22929251,22929462,TSS,True,15,139
ENSG00000166165.12,chr14,103522765,103522848,TSS,True,26,230
ENSG00000116685.15,chr1,11919588,11920332,PAS,True,14,108
ENSG00000078618.21,chr1,51836212,51840225,ES,False,173,195
ENSG00000117450.13,chr1,45521828,45521939,TSS,True,27,221
ENSG00000160691.18,chr1,154966077,154966161,3AS,False,81,206
ENSG00000160691.18,chr1,154974247,154974480,TSS,True,162,211
ENSG00000160691.18,chr1,154970031,154972606,TSS,True,63,211
ENSG00000116260.16,chr1,180196599,180197332,IR,False,29,108
ENSG00000116260.16,chr1,180196261,180200294,PAS,True,38,117
ENSG00000116260.16,chr1,180197332,180200293,PAS,True,80,118
ENSG00000142657.20,chr1,10399019,10399125,TSS,True,32,195
ENSG00000159592.10,chr1,45686411,45687003,TSS,True,40,116
ENSG00000159592.10,chr1,45686992,45687165,TSS,True,87,116
ENSG00000116251.10,chr1,6199561,6199604,TSS,False,38,128
ENSG00000116251.10,chr1,6197651,6199556,TSS,True,110,128
ENSG00000116350.16,chr1,29181645,29182028,TSS,True,13,100
ENSG00000143641.9,chr1,230066903,230067406,TSS,True,28,118
ENSG00000154380.17,chr1,225501070,225507950,ES,False,20,107
ENSG00000154380.17,chr1,225652685,225653366,TSS,True,56,145
ENSG00000116670.14,chr1,11681038,11681208,TSS,True,112,156
ENSG00000116670.14,chr1,11691751,11691831,TSS,True,104,156
ENSG00000116670.14,chr1,11691412,11691608,TSS,True,108,156
ENSG00000188976.10,chr1,944800,945056,5AS,False,216,359
ENSG00000117122.13,chr1,16977195,16978236,3AS,False,31,249
ENSG00000143420.18,chr1,150621248,150622859,PAS,True,48,103
ENSG00000143420.18,chr1,150623608,150625808,PAS,True,56,101
ENSG00000143420.18,chr1,150629413,150629622,TSS,True,18,104
ENSG00000143420.18,chr1,150629060,150629153,TSS,True,92,104
ENSG00000162433.14,chr1,65147348,65147665,TSS,False,138,162
ENSG00000162433.14,chr1,65148149,65148552,TSS,True,79,162
ENSG00000153187.19,chr1,244862730,244863673,5AS,False,652,886
ENSG00000153187.19,chr1,244863673,244864567,TSS,True,353,1005
ENSG00000153187.19,chr1,244863616,244864545,TSS,True,770,1005
ENSG00000084623.11,chr1,32222378,32222444,TSS,True,36,117
ENSG00000084623.11,chr1,32222440,32222630,TSS,True,85,117
ENSG00000143494.15,chr1,212951392,212951588,IR,False,55,205
ENSG00000143494.15,chr1,212961254,212972579,ES,False,28,189
ENSG00000143494.15,chr1,212950511,212950740,TSS,True,30,275
ENSG00000160752.14,chr1,155308665,155308965,TSS,True,24,117
ENSG00000160752.14,chr1,155308865,155309076,TSS,True,101,117
ENSG00000004487.16,chr1,23030634,23050386,ES,False,356,605
ENSG00000143384.12,chr1,150578842,150579674,TSS,True,24,151
ENSG00000143761.15,chr1,228082667,228082765,TSS,True,50,263
ENSG00000117385.15,chr1,42754990,42755164,IR,False,86,103
ENSG00000240563.1,chr1,62194704,62194921,TSS,False,97,410
ENSG00000159363.17,chr1,17011728,17012004,TSS,True,11,102
ENSG00000171793.14,chr1,40979639,40979829,TSS,True,20,100
ENSG00000009307.15,chr1,114736855,114737962,ES,False,482,580
ENSG00000009307.15,chr1,114757924,114758025,TSS,True,80,636
ENSG00000173726.10,chr1,235128594,235128945,TSS,False,20,106
ENSG00000142864.14,chr1,67424277,67424887,3AS,False,408,562
ENSG00000142864.14,chr1,67424959,67425082,3AS,False,274,555
ENSG00000142864.14,chr1,67429987,67430437,TSS,True,64,603
ENSG00000055070.16,chr1,16367201,16367308,TSS,True,16,115
ENSG00000116754.13,chr1,70250503,70250610,3AS,False,71,192
ENSG00000116754.13,chr1,70205642,70205780,TSS,True,144,196
ENSG00000116754.13,chr1,70221351,70221839,TSS,True,79,196
ENSG00000116754.13,chr1,70250610,70253052,PAS,True,122,193
ENSG00000116754.13,chr1,70250607,70253052,PAS,True,72,193
ENSG00000143569.18,chr1,154220975,154225083,5AS,False,118,202
ENSG00000143569.18,chr1,154234759,154235195,5AS,False,233,279
ENSG00000143569.18,chr1,154266568,154268759,3AS,False,27,134
ENSG00000143569.18,chr1,154220848,154220975,TSS,True,196,315
ENSG00000143569.18,chr1,154220857,154221040,TSS,True,233,315
ENSG00000143569.18,chr1,154220954,154225213,TSS,True,274,315
ENSG00000143569.18,chr1,154263102,154263505,PAS,True,134,314
ENSG00000143569.18,chr1,154270199,154271499,PAS,True,223,314
ENSG00000143569.18,chr1,154270880,154271510,PAS,True,276,315
ENSG00000135829.16,chr1,182839308,182839456,TSS,False,50,202
ENSG00000162521.18,chr1,32651150,32651322,TSS,True,25,233
ENSG00000198952.8,chr1,156282606,156282943,TSS,False,26,128
ENSG00000135821.18,chr1,182391678,182391826,TSS,True,35,293
ENSG00000160075.11,chr1,1541672,1542167,PAS,True,36,137
ENSG00000160075.11,chr1,1562346,1564916,PAS,True,101,134
ENSG00000117318.8,chr1,23558415,23558934,IR,True,134,155
ENSG00000117318.8,chr1,23557922,23558415,PAS,True,21,155
ENSG00000189266.12,chr1,23959817,23959998,TSS,True,14,125
ENSG00000143799.12,chr1,226407809,226408163,TSS,True,69,672
ENSG00000116560.10,chr1,35192221,35193147,TSS,False,60,368
ENSG00000117632.22,chr1,25906388,25906451,TSS,True,21,119
ENSG00000117399.13,chr1,43358934,43359006,TSS,False,33,208
ENSG00000117399.13,chr1,43358981,43359396,TSS,True,181,208
ENSG00000197965.11,chr1,167765749,167787819,ES,False,16,145
ENSG00000197965.11,chr1,167773368,167787819,ES,False,14,137
ENSG00000117139.17,chr1,202808101,202808523,TSS,True,38,164
ENSG00000142676.14,chr1,23691829,23692611,3AS,False,21,114
ENSG00000142676.14,chr1,23691780,23691829,TSS,False,19,133
ENSG00000265241.6,chr1,145927359,145929701,TSS,True,12,111
ENSG00000078369.17,chr1,1825499,1890819,ES,False,70,422
ENSG00000160710.16,chr1,154589928,154590261,5AS,False,26,134
ENSG00000160710.16,chr1,154627854,154627976,TSS,True,113,179
ENSG00000160710.16,chr1,154607991,154608797,TSS,True,144,179
ENSG00000133226.16,chr1,24655123,24660718,5AS,False,81,316
ENSG00000133226.16,chr1,24660799,24661312,3AS,False,76,319
ENSG00000133226.16,chr1,24662804,24666814,ES,False,226,319
ENSG00000133226.16,chr1,24642289,24643347,TSS,True,38,324
ENSG00000116455.13,chr1,111439088,111441389,PAS,True,12,111
ENSG00000132780.16,chr1,45583592,45584205,TSS,True,63,266
ENSG00000132780.16,chr1,45607335,45608337,TSS,True,232,265
ENSG00000116288.12,chr1,7961735,7962762,5AS,False,102,136
ENSG00000116288.12,chr1,7961614,7961735,TSS,True,41,143
ENSG00000116288.12,chr1,7961660,7961793,TSS,True,109,143
ENSG00000221978.11,chr1,1390865,1393395,3AS,False,51,171
ENSG00000221978.11,chr1,1391575,1392678,IR,False,19,137
ENSG00000155380.11,chr1,112956034,112956339,TSS,False,76,316
ENSG00000142871.16,chr1,85580756,85581047,TSS,False,22,116
ENSG00000179051.13,chr1,17438229,17439318,TSS,True,300,401
ENSG00000179051.13,chr1,17439544,17439812,TSS,False,195,401
ENSG00000142937.11,chr1,44775522,44775600,TSS,True,30,204
ENSG00000117394.21,chr1,42958633,42958934,TSS,True,20,122
ENSG00000131914.10,chr1,26428576,26429137,5AS,True,78,109
ENSG00000131914.10,chr1,26428576,26429137,IR,True,78,517
ENSG00000131914.10,chr1,26428587,26429137,3AS,True,31,260
ENSG00000131914.10,chr1,26428587,26429137,IR,True,31,241
ENSG00000131914.10,chr1,26428593,26429101,3AS,True,131,191
ENSG00000131914.10,chr1,26410728,26410922,TSS,True,124,599
ENSG00000131914.10,chr1,26429137,26429728,PAS,True,467,583
ENSG00000131914.10,chr1,26429101,26429727,PAS,True,451,583
ENSG00000131914.10,chr1,26429095,26429728,PAS,False,356,583
ENSG00000131914.10,chr1,26429099,26429722,PAS,True,515,583
ENSG00000136628.17,chr1,220046342,220046692,TSS,True,40,170
ENSG00000198492.15,chr1,28736478,28737147,TSS,True,27,219
ENSG00000143418.19,chr1,150974618,150974993,TSS,True,30,101
ENSG00000143418.19,chr1,150974317,150974666,TSS,True,85,101
ENSG00000171603.17,chr1,9736042,9741093,ES,False,56,104
ENSG00000171603.17,chr1,9823642,9823992,TSS,True,29,125
ENSG00000163444.11,chr1,203008810,203014891,3AS,True,42,165
ENSG00000116133.12,chr1,54886888,54887251,TSS,False,76,705
ENSG00000162613.16,chr1,77967098,77967626,3AS,False,75,107
ENSG00000162613.16,chr1,77978884,77979140,TSS,True,22,126
ENSG00000122406.13,chr1,92831989,92832117,TSS,False,27,200
ENSG00000125944.19,chr1,23338608,23344210,ES,False,154,254
ENSG00000125944.19,chr1,23341017,23344210,3AS,False,53,100
ENSG00000131236.16,chr1,40040783,40059336,5AS,False,53,205
ENSG00000131236.16,chr1,40040783,40059336,IR,False,53,108
ENSG00000131236.16,chr1,40040801,40059336,3AS,False,145,200
ENSG00000131236.16,chr1,40040240,40040801,TSS,True,101,308
ENSG00000131236.16,chr1,40040243,40040783,TSS,True,235,308
ENSG00000198700.9,chr1,201829114,201829372,TSS,True,25,199
ENSG00000132485.13,chr1,71065137,71066775,ES,False,56,131
ENSG00000132485.13,chr1,71069362,71070826,IR,True,131,155
ENSG00000116857.16,chr1,201154444,201154501,TSS,True,34,112
ENSG00000116857.16,chr1,201153857,201154439,TSS,True,90,112
ENSG00000143570.17,chr1,153963494,153963554,TSS,True,111,339
ENSG00000143570.17,chr1,153962528,153962754,TSS,True,272,339
ENSG00000155508.13,chr5,154858202,154858525,TSS,False,72,102
ENSG00000155508.13,chr5,154858528,154858768,TSS,True,52,102
ENSG00000155508.13,chr5,154858597,154858816,TSS,True,91,102
ENSG00000113387.11,chr5,32585523,32585625,TSS,False,13,119
ENSG00000176087.14,chr5,140564444,140564858,TSS,True,13,105
ENSG00000113140.10,chr5,151686864,151687036,TSS,True,22,210
ENSG00000133835.15,chr5,119452434,119452633,TSS,True,16,146
ENSG00000039560.13,chr5,34812208,34814582,ES,False,35,177
ENSG00000039560.13,chr5,34656162,34656475,TSS,False,23,192
ENSG00000038427.15,chr5,83471142,83472023,TSS,True,75,101
ENSG00000038427.15,chr5,83537485,83542268,TSS,True,39,100
ENSG00000164244.20,chr5,127517605,127517776,TSS,True,17,103
ENSG00000213585.10,chr5,133993015,134004646,3AS,False,34,163
ENSG00000120705.12,chr5,138543096,138543256,TSS,True,27,121
ENSG00000120705.12,chr5,138542832,138543102,TSS,True,105,121
ENSG00000145833.15,chr5,134816603,134817495,5AS,False,35,124
ENSG00000145833.15,chr5,134758740,134758955,TSS,True,16,125
ENSG00000113356.11,chr5,90475020,90485534,3AS,False,69,151
ENSG00000113356.11,chr5,90497706,90501908,3AS,True,27,157
ENSG00000113356.11,chr5,90474826,90475020,TSS,True,23,177
ENSG00000113384.13,chr5,32173809,32174337,TSS,False,13,122
ENSG00000131459.12,chr5,180353210,180353374,TSS,True,18,145
ENSG00000197451.11,chr5,178204740,178204814,IR,False,186,217
ENSG00000197451.11,chr5,178209447,178210552,ES,False,72,229
ENSG00000197451.11,chr5,178204475,178204740,TSS,True,44,230
ENSG00000197451.11,chr5,178204498,178205046,TSS,True,198,230
ENSG00000113328.18,chr5,163437664,163437764,IR,False,132,437
ENSG00000113328.18,chr5,163437578,163437804,TSS,True,153,457
ENSG00000113328.18,chr5,163437594,163437664,TSS,True,325,457
ENSG00000153395.9,chr5,1523709,1524264,TSS,True,39,243
ENSG00000145907.14,chr5,151772036,151786602,3AS,False,138,414
ENSG00000145907.14,chr5,151771913,151772036,TSS,True,96,510
ENSG00000037474.14,chr5,6625669,6632598,ES,False,13,124
ENSG00000037474.14,chr5,6632883,6633332,TSS,True,15,136
ENSG00000145604.15,chr5,36177292,36183839,3AS,False,17,132
ENSG00000145604.15,chr5,36181817,36184042,PAS,True,21,136
ENSG00000145604.15,chr5,36183839,36184042,PAS,True,121,140
ENSG00000113282.13,chr5,157789513,157791702,3AS,False,65,152
ENSG00000113048.16,chr5,72320148,72320261,TSS,True,14,123
ENSG00000156453.13,chr5,141878222,141878507,TSS,True,31,116
ENSG00000113712.17,chr5,149496860,149505482,5AS,False,102,167
ENSG00000174695.9,chr5,83077320,83077466,TSS,True,26,176
ENSG00000172239.13,chr5,43556581,43557126,TSS,True,37,103
ENSG00000172239.13,chr5,43556818,43557178,TSS,True,77,103
ENSG00000044115.20,chr5,138753379,138753510,TSS,True,50,325
ENSG00000145592.13,chr5,40835182,40835284,TSS,False,45,106
ENSG00000145592.13,chr5,40834470,40835213,TSS,True,69,106
ENSG00000070814.19,chr5,150369602,150374173,ES,False,27,142
ENSG00000070814.19,chr5,150379732,150387901,ES,False,129,160
ENSG00000070814.19,chr5,150390023,150391956,ES,False,40,162
ENSG00000070814.19,chr5,150392176,150392707,3AS,False,44,160
ENSG00000070814.19,chr5,150393531,150396281,5AS,True,71,163
ENSG00000070814.19,chr5,150357627,150357854,TSS,True,34,177
ENSG00000155506.16,chr5,154755241,154756193,TSS,True,107,133
ENSG00000145741.15,chr5,73498558,73499133,5AS,False,109,136
ENSG00000145741.15,chr5,73498430,73498799,TSS,True,113,141
ENSG00000145741.15,chr5,73498425,73498558,TSS,True,32,141
ENSG00000056097.15,chr5,32444621,32444941,TSS,True,15,146
ENSG00000062194.15,chr5,57214193,57230845,ES,False,95,127
ENSG00000062194.15,chr5,57236032,57246299,ES,False,109,136
ENSG00000062194.15,chr5,57173808,57173926,TSS,True,88,140
ENSG00000062194.15,chr5,57173856,57174211,TSS,True,61,140
ENSG00000170606.14,chr5,133051928,133052357,TSS,True,30,280
ENSG00000092421.16,chr5,116574184,116575029,TSS,True,53,162
ENSG00000113758.13,chr5,177473435,177473746,TSS,True,38,293
ENSG00000164587.12,chr5,150449702,150449742,TSS,False,128,357
ENSG00000164587.12,chr5,150449485,150449716,TSS,True,303,357
ENSG00000164587.12,chr5,150447584,150447738,TSS,False,320,357
ENSG00000113649.11,chr5,146463793,146469543,ES,False,105,128
ENSG00000113649.11,chr5,146480094,146482591,ES,False,96,120
ENSG00000113649.11,chr5,146447130,146447408,TSS,True,16,139
ENSG00000113161.15,chr5,75337177,75337300,TSS,True,30,193
ENSG00000134986.13,chr5,111757561,111757729,TSS,True,89,142
ENSG00000134986.13,chr5,111757135,111757224,TSS,True,67,142
ENSG00000127022.14,chr5,179698902,179699102,TSS,True,139,808
ENSG00000015479.18,chr5,139294028,139314674,ES,False,61,122
ENSG00000015479.18,chr5,139293607,139293805,TSS,True,223,526
ENSG00000015479.18,chr5,139293749,139294028,TSS,True,404,526
ENSG00000049656.13,chr5,1339002,1341670,3AS,True,23,224
ENSG00000133706.17,chr5,146182487,146182677,TSS,True,41,288
ENSG00000113657.12,chr5,147453548,147453925,TSS,True,205,324
ENSG00000113657.12,chr5,147509477,147510190,TSS,True,251,324
ENSG00000171604.11,chr5,139647831,139648845,TSS,True,21,111
ENSG00000171604.11,chr5,139648925,139649009,TSS,True,95,111
ENSG00000171604.11,chr5,139682862,139683885,PAS,True,11,109
ENSG00000029363.16,chr6,136261477,136268161,ES,False,34,186
ENSG00000029363.16,chr6,136289712,136289847,TSS,True,40,202
ENSG00000137309.19,chr6,34240882,34242711,5AS,False,683,2562
ENSG00000137309.19,chr6,34236837,34236963,TSS,False,289,2661
ENSG00000124795.15,chr6,18264384,18264571,TSS,True,37,277
ENSG00000124571.17,chr6,43575759,43576075,TSS,True,13,107
ENSG00000132424.15,chr6,99402710,99403828,IR,False,94,122
ENSG00000132424.15,chr6,99403882,99404602,IR,False,83,123
ENSG00000132424.15,chr6,99414686,99416348,3AS,True,16,114
ENSG00000132424.15,chr6,99398049,99400311,PAS,False,63,142
ENSG00000132424.15,chr6,99398049,99401630,PAS,True,79,139
ENSG00000132424.15,chr6,99425214,99425976,TSS,True,26,148
ENSG00000120437.8,chr6,159761985,159762142,TSS,False,22,208
ENSG00000135316.17,chr6,85640564,85642796,ES,False,35,185
ENSG00000135316.17,chr6,85607002,85612923,PAS,True,94,251
ENSG00000135316.17,chr6,85611321,85615347,PAS,True,170,247
ENSG00000135316.17,chr6,85642796,85643330,TSS,True,81,258
ENSG00000135316.17,chr6,85643749,85644016,TSS,False,214,258
ENSG00000204209.12,chr6,33321974,33322861,3AS,False,83,177
ENSG00000112759.17,chr6,44223641,44227262,ES,False,224,250
ENSG00000112759.17,chr6,44223641,44227262,3AS,True,224,298
ENSG00000112531.16,chr6,163414377,163415335,TSS,True,20,138
ENSG00000204580.13,chr6,30894671,30896620,ES,False,60,100
ENSG00000204580.13,chr6,30882916,30882983,TSS,False,91,112
ENSG00000204580.13,chr6,30884170,30884710,TSS,True,94,112
ENSG00000204580.13,chr6,30880777,30881125,TSS,True,94,112
ENSG00000124614.15,chr6,34426031,34426132,TSS,True,74,165
ENSG00000124614.15,chr6,34425071,34426065,TSS,True,145,165
ENSG00000124614.15,chr6,34425795,34426037,TSS,False,114,165
ENSG00000161904.11,chr6,33786774,33788380,IR,True,111,124
ENSG00000161904.11,chr6,33788380,33789165,TSS,True,20,135
ENSG00000198563.13,chr6,31540534,31541949,3AS,False,55,150
ENSG00000198563.13,chr6,31541949,31542461,TSS,True,43,194
ENSG00000112655.15,chr6,43076260,43076567,TSS,True,22,195
ENSG00000118418.14,chr6,79201242,79201726,PAS,True,31,115
ENSG00000118418.14,chr6,79201244,79202389,PAS,True,88,114
ENSG00000204574.12,chr6,30577913,30578075,3AS,False,56,132
ENSG00000204574.12,chr6,30571380,30571560,TSS,True,17,147
ENSG00000092820.17,chr6,158819316,158819418,TSS,True,146,813
ENSG00000092820.17,chr6,158818081,158818419,TSS,True,715,813
ENSG00000135336.14,chr6,87653249,87656905,3AS,False,56,103
ENSG00000135336.14,chr6,87667017,87669632,PAS,True,21,105
ENSG00000204371.11,chr6,31884799,31884911,5AS,False,166,193
ENSG00000204371.11,chr6,31888747,31889227,ES,False,45,179
ENSG00000204371.11,chr6,31897635,31897722,TSS,True,42,197
ENSG00000156508.17,chr6,73520999,73521033,TSS,False,405,1739
ENSG00000204394.12,chr6,31795545,31795986,TSS,False,48,228
ENSG00000135535.16,chr6,109369017,109376073,ES,False,16,121
ENSG00000135535.16,chr6,109382203,109382507,TSS,True,13,128
ENSG00000152661.8,chr6,121435636,121435832,TSS,True,63,234
ENSG00000096063.15,chr6,35921043,35921162,TSS,False,30,140
ENSG00000272398.5,chr6,106974577,106974732,TSS,True,169,669
ENSG00000079819.18,chr6,131063141,131063361,TSS,True,86,106
ENSG00000079819.18,chr6,131063154,131063342,TSS,True,46,106
ENSG00000137409.19,chr6,36970694,36972702,5AS,False,276,397
ENSG00000123505.15,chr6,110874783,110875215,TSS,True,18,163
ENSG00000236673.5,chr6,131902151,131918449,ES,True,62,103
ENSG00000236673.5,chr6,131901755,131902151,TSS,True,23,152
ENSG00000236673.5,chr6,131918449,131920566,PAS,False,48,152
ENSG00000008083.13,chr6,15245718,15246584,TSS,False,95,143
ENSG00000008083.13,chr6,15496132,15497170,TSS,True,119,143
ENSG00000168488.18,chr16,28822692,28823558,TSS,True,81,144
ENSG00000168488.18,chr16,28824057,28824542,TSS,False,93,144
ENSG00000168488.18,chr16,28836727,28837237,PAS,True,72,144
ENSG00000168488.18,chr16,28835932,28837237,PAS,True,107,143
ENSG00000168488.18,chr16,28836750,28837237,PAS,True,120,144
ENSG00000069345.11,chr16,46973494,46973701,TSS,True,14,104
ENSG00000167005.13,chr16,56451086,56451354,TSS,True,21,170
ENSG00000205937.11,chr16,2264331,2268054,ES,False,120,245
ENSG00000205937.11,chr16,2268054,2268391,TSS,False,59,304
ENSG00000205937.11,chr16,2267662,2267859,TSS,False,266,304
ENSG00000103365.15,chr16,23493458,23494302,IR,False,91,106
ENSG00000103365.15,chr16,23510320,23510524,TSS,True,18,125
ENSG00000187555.14,chr16,8963206,8963982,TSS,True,29,108
ENSG00000198931.10,chr16,88809706,88810069,3AS,False,26,130
ENSG00000198931.10,chr16,88810556,88811549,IR,True,113,128
ENSG00000198931.10,chr16,88809466,88809840,PAS,True,33,139
ENSG00000198931.10,chr16,88809468,88809706,PAS,True,113,139
ENSG00000089280.18,chr16,31182664,31183860,3AS,False,62,172
ENSG00000089280.18,chr16,31186836,31188324,IR,False,185,208
ENSG00000089280.18,chr16,31180132,31180227,TSS,True,72,238
ENSG00000153048.10,chr16,8868965,8869171,TSS,True,17,138
ENSG00000140983.13,chr16,670175,670265,3AS,False,22,178
ENSG00000140983.13,chr16,671000,671082,IR,False,102,181
ENSG00000140983.13,chr16,668079,668236,TSS,True,25,187
ENSG00000039068.18,chr16,68737240,68737463,TSS,True,32,236
ENSG00000127586.16,chr16,788582,788775,TSS,True,14,100
ENSG00000141076.17,chr16,69132343,69132689,TSS,True,14,112
ENSG00000182149.20,chr16,71894627,71895589,TSS,False,15,132
ENSG00000134419.15,chr16,18789118,18790309,5AS,True,118,136
ENSG00000134419.15,chr16,18790309,18790336,TSS,False,31,149
ENSG00000134419.15,chr16,18790243,18790335,TSS,False,131,149
ENSG00000140750.16,chr16,24920260,24930783,ES,False,36,106
ENSG00000179889.18,chr16,14974991,14975220,TSS,True,14,103
ENSG00000079616.12,chr16,29804065,29804813,IR,False,182,204
ENSG00000206053.12,chr16,1678276,1678356,TSS,True,32,170
ENSG00000077235.17,chr16,27463592,27464394,5AS,False,71,104
ENSG00000077235.17,chr16,27549669,27549957,TSS,True,38,105
ENSG00000149925.18,chr16,30064052,30064248,TSS,True,513,590
ENSG00000149925.18,chr16,30065720,30065927,TSS,True,138,590
ENSG00000103495.13,chr16,29808741,29810076,ES,False,130,192
ENSG00000103495.13,chr16,29806339,29806893,TSS,True,75,207
ENSG00000103495.13,chr16,29806546,29807828,TSS,False,153,207
ENSG00000189067.12,chr16,11587150,11587291,TSS,True,119,163
ENSG00000189067.12,chr16,11586885,11586951,TSS,True,57,163
ENSG00000103342.12,chr16,11896782,11897839,3AS,False,56,282
ENSG00000090863.11,chr16,74451933,74452131,PAS,True,127,142
ENSG00000090863.11,chr16,74447426,74453334,PAS,True,16,141
ENSG00000090863.11,chr16,74606656,74607132,TSS,True,33,155
ENSG00000185164.14,chr16,18561875,18562171,TSS,True,18,135
ENSG00000103275.19,chr16,1309626,1309773,TSS,True,18,124
ENSG00000050820.16,chr16,75251470,75251719,TSS,True,86,194
ENSG00000050820.16,chr16,75265824,75266014,TSS,True,135,196
ENSG00000074071.14,chr16,1772513,1772603,3AS,False,107,124
ENSG00000074071.14,chr16,1772513,1772603,IR,True,107,119
ENSG00000074071.14,chr16,1772646,1772798,5AS,True,111,132
ENSG00000074071.14,chr16,1771888,1772513,PAS,True,30,137
ENSG00000074071.14,chr16,1771888,1772534,PAS,True,121,137
ENSG00000074071.14,chr16,1772798,1773463,TSS,True,31,142
ENSG00000074071.14,chr16,1772794,1773157,TSS,True,121,142
ENSG00000065427.14,chr16,75641723,75647577,ES,False,89,113
ENSG00000167526.13,chr16,89560649,89560712,TSS,False,58,324
ENSG00000167526.13,chr16,89560681,89561063,TSS,True,270,324
ENSG00000197912.15,chr16,89507689,89508600,TSS,True,15,121
ENSG00000130182.7,chr16,3099189,3100198,TSS,True,48,118
ENSG00000169682.17,chr16,28974723,28974863,TSS,True,79,101
ENSG00000169682.17,chr16,28974770,28975392,TSS,True,38,101
ENSG00000169682.17,chr16,28974772,28975100,TSS,True,90,101
ENSG00000125107.17,chr16,58534395,58536988,5AS,False,99,111
ENSG00000125107.17,chr16,58629727,58629893,TSS,True,55,123
ENSG00000149923.13,chr16,30076094,30076314,5AS,False,181,239
ENSG00000149923.13,chr16,30075971,30076094,TSS,True,66,247
ENSG00000149923.13,chr16,30075980,30076100,TSS,True,190,247
ENSG00000205250.8,chr16,67192870,67193008,IR,False,106,127
ENSG00000129925.10,chr16,376455,376543,IR,True,110,123
ENSG00000188322.4,chr16,28292482,28293300,TSS,False,29,113
ENSG00000162063.12,chr16,2431284,2435805,ES,False,11,104
ENSG00000162063.12,chr16,2429389,2429497,TSS,True,15,115
ENSG00000184110.14,chr16,28711448,28711518,TSS,True,180,928
ENSG00000103257.8,chr16,87868884,87869508,TSS,False,85,488
ENSG00000140988.15,chr16,1964448,1964826,TSS,True,1336,1574
ENSG00000140988.15,chr16,1964806,1964828,TSS,True,260,1574
ENSG00000131143.8,chr16,85799230,85799752,TSS,True,19,107
ENSG00000189091.12,chr16,70523780,70523928,TSS,True,38,248
ENSG00000167930.15,chr16,234790,234857,TSS,True,18,129
ENSG00000167930.15,chr16,247476,249654,TSS,True,116,129
ENSG00000062038.13,chr16,68644884,68645424,TSS,True,21,167
ENSG00000168802.12,chr16,69120649,69121435,ES,False,36,102
ENSG00000168802.12,chr16,69132483,69132612,TSS,True,38,115
ENSG00000168802.12,chr16,69132088,69132205,TSS,True,82,115
ENSG00000140632.16,chr16,4804148,4804521,IR,False,26,181
ENSG00000140632.16,chr16,4814629,4817597,3AS,False,46,175
ENSG00000140632.16,chr16,4821453,4822874,ES,False,25,173
ENSG00000140632.16,chr16,4803197,4805310,PAS,True,28,183
ENSG00000140632.16,chr16,4803198,4804148,PAS,True,164,190
ENSG00000140632.16,chr16,4847227,4847335,TSS,True,26,190
ENSG00000046604.12,chr18,31497941,31498296,TSS,True,30,118
ENSG00000141429.13,chr18,35581071,35581862,TSS,False,12,106
ENSG00000141425.17,chr18,36067253,36067612,TSS,True,11,103
ENSG00000133313.14,chr18,74496431,74499936,3AS,False,68,284
ENSG00000265681.7,chr18,49492457,49492487,TSS,True,64,200
ENSG00000265681.7,chr18,49492274,49492467,TSS,True,161,200
ENSG00000134440.11,chr18,57620648,57621707,3AS,False,48,211
ENSG00000141380.13,chr18,26090500,26090896,TSS,True,13,123
ENSG00000102225.15,chrX,47219105,47223551,ES,False,92,106
ENSG00000102225.15,chrX,47218051,47218664,TSS,True,113,152
ENSG00000102225.15,chrX,47218679,47219105,TSS,True,46,152
ENSG00000182287.14,chrX,15831568,15845378,3AS,False,45,132
ENSG00000182287.14,chrX,15825806,15827372,PAS,True,174,219
ENSG00000182287.14,chrX,15830048,15831568,PAS,True,153,219
ENSG00000182287.14,chrX,15830055,15833007,PAS,True,136,199
ENSG00000182287.14,chrX,15830057,15833524,PAS,True,174,199
ENSG00000182287.14,chrX,15854687,15854862,TSS,True,27,220
ENSG00000187243.16,chrX,52062038,52062233,5AS,False,89,100
ENSG00000173674.10,chrX,20141624,20141872,TSS,True,22,101
ENSG00000123562.16,chrX,103678600,103685170,3AS,False,65,138
ENSG00000123562.16,chrX,103686630,103686934,TSS,True,31,181
ENSG00000123562.16,chrX,103687988,103688106,TSS,True,158,181
ENSG00000029993.14,chrX,150983284,150983376,TSS,False,44,337
ENSG00000215301.10,chrX,41347012,41347314,3AS,False,54,156
ENSG00000215301.10,chrX,41333598,41334297,TSS,True,42,171
ENSG00000197976.11,chrX,1599432,1600658,IR,True,87,100
ENSG00000197976.11,chrX,1591532,1591769,TSS,True,12,116
ENSG00000197976.11,chrX,1599191,1602520,PAS,True,97,110
ENSG00000197976.11,chrX,1600658,1602523,PAS,True,13,111
ENSG00000147140.15,chrX,71283721,71290628,ES,False,65,346
ENSG00000147140.15,chrX,71283582,71283721,TSS,True,60,406
ENSG00000165349.11,chrX,70926693,70926874,IR,True,104,124
ENSG00000165349.11,chrX,70930976,70931296,TSS,True,27,125
ENSG00000165349.11,chrX,70929627,70931145,TSS,True,112,125
ENSG00000076716.8,chrX,133414805,133415522,TSS,False,25,196
ENSG00000102241.11,chrX,136497206,136497439,TSS,True,64,106
ENSG00000102241.11,chrX,136497495,136497870,TSS,True,47,106
ENSG00000196924.15,chrX,154370872,154371356,TSS,True,252,344
ENSG00000001497.16,chrX,65514970,65517986,3AS,True,14,118
ENSG00000001497.16,chrX,65524262,65524964,ES,False,89,118
ENSG00000179222.17,chrX,51803012,51803117,TSS,False,78,117
ENSG00000179222.17,chrX,51893605,51893755,TSS,True,44,117
ENSG00000102038.15,chrX,129446400,129447233,PAS,True,18,101
ENSG00000102038.15,chrX,129446401,129447301,PAS,True,83,101
ENSG00000130985.16,chrX,47194024,47198802,ES,False,97,131
ENSG00000130985.16,chrX,47190712,47190950,TSS,False,185,242
ENSG00000130985.16,chrX,47193755,47194024,TSS,True,111,242
ENSG00000124486.12,chrX,41215974,41216652,TSS,True,113,127
ENSG00000046653.14,chrX,13771030,13774624,PAS,True,82,113
ENSG00000046653.14,chrX,13770766,13773030,PAS,True,33,113
ENSG00000102316.16,chrX,54815690,54815880,IR,True,138,165
ENSG00000102316.16,chrX,54807596,54807802,TSS,True,91,168
ENSG00000102316.16,chrX,54808334,54808433,TSS,True,103,168
ENSG00000102316.16,chrX,54815880,54816059,PAS,False,27,168
ENSG00000102316.16,chrX,54815247,54817069,PAS,True,144,167
ENSG00000126945.8,chrX,101408307,101411935,5AS,True,14,125
ENSG00000126945.8,chrX,101408188,101408319,TSS,False,18,129
ENSG00000126945.8,chrX,101408209,101408307,TSS,True,115,129
ENSG00000130741.10,chrX,24054665,24055037,TSS,True,28,241
PB_novel_216607,chrX,92100275,92100697,PAS,True,91,104
PB_novel_216607,chrX,92099978,92100700,PAS,True,29,104
PB_novel_216607,chrX,92105292,92105542,TSS,True,70,104
PB_novel_216607,chrX,92103446,92105540,TSS,True,40,104
ENSG00000102226.9,chrX,47232960,47233219,TSS,False,15,114
ENSG00000147274.14,chrX,136869186,136870417,PAS,True,230,445
ENSG00000147274.14,chrX,136873443,136874452,PAS,True,211,433
ENSG00000198176.12,chr13,113623286,113633119,ES,False,13,116
ENSG00000198176.12,chr13,113636700,113640119,ES,True,22,125
ENSG00000198176.12,chr13,113637884,113640119,5AS,True,29,103
ENSG00000198176.12,chr13,113584529,113584730,TSS,True,106,130
ENSG00000198176.12,chr13,113584673,113584888,TSS,True,51,130
ENSG00000065150.18,chr13,97976125,97976786,TSS,True,68,333
ENSG00000136110.12,chr13,52703252,52703810,PAS,True,14,100
ENSG00000134884.14,chr13,106557131,106559431,IR,False,50,118
ENSG00000139842.14,chr13,113208746,113209775,TSS,True,24,186
ENSG00000139842.14,chr13,113263486,113267108,PAS,True,29,184
ENSG00000139842.14,chr13,113229641,113231176,PAS,True,148,173
ENSG00000120685.19,chr13,39037197,39038102,TSS,True,15,120
PB_novel_215300,chr13,51170030,51170462,TSS,True,270,309
ENSG00000120694.19,chr13,31161475,31162017,TSS,False,27,198
ENSG00000122779.17,chr7,138554864,138567480,5AS,False,68,185
ENSG00000122779.17,chr7,138460166,138460912,TSS,True,24,200
ENSG00000105993.14,chr7,157385540,157386324,PAS,True,258,351
ENSG00000105993.14,chr7,157416015,157417440,PAS,True,96,352
ENSG00000106484.15,chr7,130486178,130486395,TSS,True,106,283
ENSG00000106484.15,chr7,130492067,130492339,TSS,True,206,283
ENSG00000166508.17,chr7,100101263,100101908,TSS,False,32,252
ENSG00000106009.15,chr7,2543323,2543589,IR,False,105,118
ENSG00000106009.15,chr7,2554304,2555524,TSS,True,104,124
ENSG00000106009.15,chr7,2555486,2555782,TSS,True,40,124
ENSG00000122566.21,chr7,26190460,26190992,IR,False,82,103
ENSG00000122566.21,chr7,26197732,26200571,ES,False,567,751
ENSG00000122566.21,chr7,26189657,26190460,PAS,False,764,856
ENSG00000122566.21,chr7,26190124,26192338,PAS,True,117,844
ENSG00000122566.21,chr7,26200571,26201617,TSS,True,99,857
ENSG00000172354.9,chr7,100673581,100673923,TSS,True,17,104
ENSG00000263001.5,chr7,74716950,74728785,ES,False,156,286
ENSG00000263001.5,chr7,74657007,74658068,TSS,True,37,310
ENSG00000122550.17,chr7,23105733,23106146,TSS,True,24,119
ENSG00000122550.17,chr7,23105761,23106794,TSS,True,99,119
ENSG00000122550.17,chr7,23125760,23131900,PAS,True,94,117
ENSG00000122550.17,chr7,23174014,23175421,PAS,True,31,118
ENSG00000146918.19,chr7,158646563,158652292,ES,False,66,218
ENSG00000146963.17,chr7,139422162,139425489,PAS,True,31,157
ENSG00000146963.17,chr7,139417537,139423111,PAS,True,129,157
ENSG00000008311.14,chr7,122144160,122144300,TSS,True,54,213
ENSG00000106290.14,chr7,100114268,100119203,ES,False,119,139
ENSG00000106290.14,chr7,100114268,100119203,5AS,False,119,150
ENSG00000106290.14,chr7,100119203,100119373,TSS,True,55,197
ENSG00000106290.14,chr7,100118879,100119362,TSS,True,167,197
ENSG00000155561.14,chr7,135557690,135557972,TSS,False,40,105
ENSG00000128595.16,chr7,128748804,128758870,ME,False,85,371
ENSG00000164649.19,chr7,21911751,21916753,3AS,False,73,180
ENSG00000087087.19,chr7,100885040,100885215,3AS,False,97,192
ENSG00000087087.19,chr7,100887859,100888053,3AS,False,58,200
ENSG00000087087.19,chr7,100872657,100875328,TSS,True,32,201
ENSG00000086232.12,chr7,6042990,6044561,3AS,True,15,103
ENSG00000128567.16,chr7,131504505,131505867,3AS,True,34,336
ENSG00000128567.16,chr7,131509585,131510827,ES,False,234,304
ENSG00000128567.16,chr7,131500263,131504508,PAS,True,37,338
ENSG00000128567.16,chr7,131500264,131504505,PAS,True,304,338
ENSG00000128567.16,chr7,131556259,131556751,TSS,True,203,485
ENSG00000122565.18,chr7,26201591,26201826,TSS,True,57,318
ENSG00000159840.15,chr7,143381409,143381559,3AS,True,86,169
ENSG00000159840.15,chr7,143380384,143381409,TSS,False,19,188
ENSG00000196411.9,chr7,100826978,100827607,TSS,True,28,106
ENSG00000136270.13,chr7,45109287,45111663,5AS,False,15,116
ENSG00000136270.13,chr7,45111642,45111745,TSS,True,26,126
ENSG00000136270.13,chr7,45111663,45111735,TSS,True,111,126
ENSG00000106682.14,chr7,74189918,74194740,ES,False,407,472
ENSG00000055130.15,chr7,148698443,148698763,TSS,False,124,138
ENSG00000055130.15,chr7,148698748,148699029,TSS,False,39,138
ENSG00000106263.17,chr7,2355116,2355233,IR,False,59,465
ENSG00000106263.17,chr7,2379511,2380278,3AS,False,204,413
ENSG00000106263.17,chr7,2354092,2355420,TSS,True,103,506
ENSG00000106263.17,chr7,2354804,2355116,TSS,True,447,506
ENSG00000106263.17,chr7,2380203,2380748,PAS,True,299,503
ENSG00000106263.17,chr7,2380278,2380746,PAS,False,298,503
ENSG00000122786.19,chr7,134933390,134941091,ES,False,130,155
ENSG00000122786.19,chr7,134779389,134779749,TSS,True,85,185
ENSG00000122786.19,chr7,134891369,134891673,TSS,True,127,185
ENSG00000106628.10,chr7,44122109,44123510,3AS,True,132,148
ENSG00000106628.10,chr7,44123510,44123564,TSS,True,23,171
ENSG00000106052.13,chr7,27816394,27816889,5AS,False,136,156
ENSG00000122545.19,chr7,35801270,35832803,3AS,False,17,143
ENSG00000136295.14,chr7,2647638,2649566,ES,False,28,265
ENSG00000136295.14,chr7,2631914,2632278,TSS,True,33,295
ENSG00000233369.7,chr7,73205458,73206151,IR,True,118,136
ENSG00000233369.7,chr7,73154670,73155343,TSS,False,15,142
ENSG00000233369.7,chr7,73206151,73207300,PAS,False,23,141
ENSG00000233369.7,chr7,73205382,73207296,PAS,False,122,140
ENSG00000001630.16,chr7,92134665,92134811,TSS,False,143,163
ENSG00000001630.16,chr7,92134172,92134517,TSS,False,30,163
ENSG00000214022.11,chr7,150368167,150368941,TSS,True,27,103
ENSG00000106070.18,chr7,50793223,50793530,TSS,True,48,132
ENSG00000088930.7,chr20,21303273,21303473,TSS,False,33,221
ENSG00000101310.16,chr20,18507972,18510821,5AS,False,56,119
ENSG00000101310.16,chr20,18507518,18507990,TSS,True,69,130
ENSG00000101310.16,chr20,18507525,18507972,TSS,False,73,130
ENSG00000118707.9,chr20,36573559,36573745,TSS,True,55,100
ENSG00000118707.9,chr20,36573545,36573652,TSS,False,89,100
ENSG00000118707.9,chr20,36574510,36574635,TSS,False,73,100
ENSG00000149658.17,chr20,63215865,63216245,TSS,True,17,108
ENSG00000101266.18,chr20,543671,543818,TSS,True,23,130
ENSG00000100991.11,chr20,35021332,35035122,3AS,False,39,167
ENSG00000088305.18,chr20,32802470,32807761,ES,False,81,538
ENSG00000088305.18,chr20,32762380,32762699,TSS,True,255,592
ENSG00000131051.22,chr20,35709256,35713018,3AS,False,81,167
ENSG00000131051.22,chr20,35739017,35740823,ES,False,115,145
ENSG00000131051.22,chr20,35739017,35740823,3AS,True,115,129
ENSG00000101161.7,chr20,63981097,63981316,TSS,False,18,148
ENSG00000101367.8,chr20,32819893,32820028,TSS,False,19,168
PB_novel_216245,chr20,12754422,12756263,IR,True,32,243
PB_novel_216245,chr20,12754169,12754422,TSS,True,228,267
PB_novel_216245,chr20,12754169,12756425,TSS,True,222,267
PB_novel_216245,chr20,12760245,12762733,PAS,True,178,250
ENSG00000087460.24,chr20,58895684,58903527,ES,False,166,218
ENSG00000087460.24,chr20,58895684,58903530,ES,False,86,425
ENSG00000087460.24,chr20,58895684,58903530,3AS,False,86,304
ENSG00000087460.24,chr20,58898985,58903530,3AS,False,337,389
ENSG00000087460.24,chr20,58839682,58840886,TSS,True,509,659
ENSG00000087460.24,chr20,58889181,58891865,TSS,True,255,659
ENSG00000100997.18,chr20,25300197,25300884,PAS,True,12,109
ENSG00000125970.11,chr20,34073635,34075873,ES,False,26,148
ENSG00000101444.12,chr20,34280650,34281026,IR,True,24,217
ENSG00000101444.12,chr20,34280263,34281165,PAS,True,24,217
ENSG00000101444.12,chr20,34280264,34280650,PAS,True,196,220
ENSG00000124214.19,chr20,49124587,49135832,3AS,False,136,166
ENSG00000124214.19,chr20,49154071,49174194,ES,False,127,144
ENSG00000125835.18,chr20,2461793,2462635,3AS,False,49,190
ENSG00000125835.18,chr20,2461633,2461939,PAS,True,52,193
ENSG00000125835.18,chr20,2461633,2461793,PAS,True,146,195
ENSG00000168036.17,chr3,41239354,41239818,3AS,False,57,118
ENSG00000168036.17,chr3,41199199,41199670,TSS,True,20,146
ENSG00000168036.17,chr3,41239659,41240446,PAS,True,92,146
ENSG00000168036.17,chr3,41239133,41240445,PAS,True,118,145
ENSG00000168036.17,chr3,41239818,41240452,PAS,True,89,146
ENSG00000214706.10,chr3,50286002,50288271,PAS,False,12,114
ENSG00000163714.17,chr3,143021382,143021472,5AS,False,79,165
ENSG00000163714.17,chr3,143053794,143056311,ES,False,32,174
ENSG00000163714.17,chr3,143001324,143001673,TSS,True,20,181
ENSG00000162244.11,chr3,51995856,51995952,TSS,False,26,125
ENSG00000162244.11,chr3,51995424,51995470,TSS,True,107,125
ENSG00000163719.19,chr3,9689082,9701789,ES,False,29,121
ENSG00000173473.10,chr3,47781602,47781940,TSS,True,69,310
ENSG00000184432.9,chr3,139383435,139389547,ES,False,120,143
ENSG00000184432.9,chr3,139389547,139389680,TSS,True,21,164
ENSG00000081154.11,chr3,101574279,101579841,3AS,False,32,205
ENSG00000017260.19,chr3,130894337,130930415,ES,False,32,105
ENSG00000017260.19,chr3,130893964,130894337,TSS,True,12,117
ENSG00000017260.19,chr3,131001219,131003154,PAS,True,28,115
ENSG00000017260.19,chr3,131016151,131016759,PAS,True,91,117
ENSG00000114650.19,chr3,47475798,47476031,TSS,True,20,127
ENSG00000164062.12,chr3,49673964,49674413,TSS,True,23,168
ENSG00000172053.17,chr3,49104616,49104815,TSS,True,30,100
ENSG00000172053.17,chr3,49104323,49104757,TSS,True,82,100
ENSG00000114867.20,chr3,184323241,184323407,3AS,False,239,370
ENSG00000114867.20,chr3,184314489,184314674,TSS,True,117,416
ENSG00000077097.15,chr3,25664228,25664966,TSS,True,44,134
ENSG00000198836.9,chr3,193593043,193593409,TSS,True,17,109
ENSG00000168268.10,chr3,52524368,52524731,PAS,True,26,227
ENSG00000168268.10,chr3,52524369,52524611,PAS,True,205,229
ENSG00000177479.19,chr3,48922811,48927461,ES,False,90,123
ENSG00000177479.19,chr3,48918211,48918998,TSS,True,19,157
ENSG00000163558.12,chr3,170222357,170222770,TSS,False,21,200
ENSG00000132153.14,chr3,47802641,47803212,TSS,True,107,156
ENSG00000132153.14,chr3,47824966,47825247,TSS,False,55,153
ENSG00000073111.13,chr3,127598314,127598472,TSS,True,30,208
ENSG00000091527.15,chr3,133573597,133574284,TSS,True,12,102
ENSG00000169714.16,chr3,129171277,129171445,3AS,False,312,448
ENSG00000169714.16,chr3,129171538,129171654,5AS,False,206,434
ENSG00000156976.16,chr3,186783639,186784431,3AS,False,127,152
ENSG00000156976.16,chr3,186784696,186785882,ES,False,43,154
ENSG00000156976.16,chr3,186787882,186789124,ES,False,99,134
ENSG00000156976.16,chr3,186787882,186789124,3AS,True,99,122
ENSG00000156976.16,chr3,186787882,186789124,IR,False,99,123
ENSG00000156976.16,chr3,186783556,186783639,TSS,True,47,199
ENSG00000156976.16,chr3,186789124,186789901,PAS,True,47,182
ENSG00000156976.16,chr3,186788309,186789901,PAS,False,159,182
ENSG00000156976.16,chr3,186787802,186790270,PAS,True,163,182
ENSG00000178252.17,chr3,49014116,49014209,IR,False,141,166
ENSG00000178252.17,chr3,49007308,49007531,TSS,True,37,168
ENSG00000178252.17,chr3,49011638,49014116,TSS,False,141,168
ENSG00000121579.12,chr3,113724092,113745941,3AS,False,74,289
ENSG00000164054.15,chr3,48504018,48504380,TSS,False,117,210
ENSG00000164054.15,chr3,48473009,48473208,TSS,True,100,210
ENSG00000073792.15,chr3,185824782,185825405,TSS,True,28,110
ENSG00000121570.12,chr3,109333920,109337463,3AS,False,46,433
ENSG00000121570.12,chr3,109337463,109337631,TSS,True,77,512
ENSG00000174748.20,chr3,23917173,23917849,5AS,False,373,445
ENSG00000174748.20,chr3,23917129,23917173,TSS,False,106,482
ENSG00000136527.17,chr3,185937824,185938055,TSS,True,14,107
ENSG00000072274.12,chr3,196082042,196082146,TSS,False,37,181
ENSG00000163527.9,chr3,31532160,31533312,TSS,True,15,130
ENSG00000131389.17,chr3,14402541,14402847,TSS,True,64,133
ENSG00000182899.16,chr3,197950181,197950221,TSS,True,67,165
ENSG00000182899.16,chr3,197950205,197950299,TSS,True,120,165
ENSG00000182899.16,chr3,197950203,197950978,TSS,False,148,165
ENSG00000265992.1,chr3,54632502,54633558,3AS,True,661,1006
ENSG00000265992.1,chr3,54632502,54633558,IR,True,661,778
ENSG00000265992.1,chr3,54632807,54633558,IR,True,335,452
ENSG00000265992.1,chr3,54634565,54637673,IR,True,29,150
ENSG00000265992.1,chr3,54634565,54639604,IR,True,26,142
ENSG00000265992.1,chr3,54631263,54632502,PAS,True,507,1336
ENSG00000265992.1,chr3,54631273,54632807,PAS,False,987,1336
ENSG00000265992.1,chr3,54637690,54639857,TSS,False,248,1336
