gene,chr,start,end,splice_type,novel,left_cardiac_atrium_ENCFF344KQF_in_cov,left_cardiac_atrium_ENCFF344KQF_total_cov
ENSG00000280071.3,chr21,5118847,5124755,ES,False,32,311
ENSG00000280071.3,chr21,5128213,5128453,TSS,True,38,325
ENSG00000141959.16,chr21,44306754,44311005,ES,True,162,206
ENSG00000141959.16,chr21,44299728,44300190,TSS,True,90,301
ENSG00000141959.16,chr21,44309160,44312294,TSS,True,248,301
ENSG00000184787.18,chr21,44801705,44801845,TSS,True,20,101
ENSG00000241837.6,chr21,33915727,33915844,TSS,True,11,105
ENSG00000160310.17,chr21,46635763,46636443,3AS,True,26,155
ENSG00000160310.17,chr21,46635763,46636895,ES,False,59,208
ENSG00000160310.17,chr21,46664294,46665698,PAS,True,95,222
ENSG00000160310.17,chr21,46658744,46661269,PAS,True,150,221
ENSG00000154734.14,chr21,26844224,26845409,TSS,False,70,371
ENSG00000154734.14,chr21,26842338,26845410,TSS,True,315,368
ENSG00000183255.11,chr21,44873501,44873735,TSS,True,67,416
ENSG00000160285.14,chr21,46228731,46228827,TSS,True,81,110
ENSG00000160285.14,chr21,46213737,46213836,TSS,True,95,110
ENSG00000160285.14,chr21,46209553,46210311,TSS,True,86,109
ENSG00000187514.16,chr2,231708523,231708751,TSS,True,21,101
ENSG00000204843.12,chr2,74371728,74377431,ES,False,42,140
ENSG00000204843.12,chr2,74391793,74392075,TSS,False,33,173
ENSG00000138073.13,chr2,27133337,27133531,IR,False,127,142
ENSG00000138073.13,chr2,27134286,27134676,TSS,True,15,149
ENSG00000124006.14,chr2,219550718,219550842,PAS,True,78,104
ENSG00000124006.14,chr2,219550720,219551285,PAS,True,66,103
ENSG00000124006.14,chr2,219570220,219571824,TSS,True,88,104
ENSG00000124006.14,chr2,219566829,219567754,TSS,True,85,104
ENSG00000115648.13,chr2,237518648,237525600,ES,False,25,208
ENSG00000115648.13,chr2,237527516,237540347,ES,False,78,210
ENSG00000115648.13,chr2,237540533,237542566,ES,False,36,213
ENSG00000115648.13,chr2,237487108,237487437,TSS,True,60,215
ENSG00000115648.13,chr2,237510453,237510795,TSS,True,173,215
ENSG00000135926.14,chr2,218292465,218292597,TSS,True,86,211
ENSG00000135926.14,chr2,218276025,218276045,TSS,True,178,211
ENSG00000135926.14,chr2,218281939,218282184,TSS,True,183,211
ENSG00000168906.12,chr2,85543034,85543669,IR,True,299,367
ENSG00000168906.12,chr2,85543669,85545280,PAS,False,76,369
ENSG00000168906.12,chr2,85542900,85545280,PAS,True,309,368
ENSG00000065911.11,chr2,74198742,74205704,ES,True,81,104
ENSG00000065911.11,chr2,74198742,74207703,ES,False,18,124
ENSG00000114923.16,chr2,219631039,219631455,TSS,False,314,457
ENSG00000168385.17,chr2,241315982,241324215,ES,False,480,544
ENSG00000168385.17,chr2,241315861,241315982,TSS,True,75,647
ENSG00000198925.11,chr2,219229534,219229656,TSS,True,68,100
ENSG00000198925.11,chr2,219224105,219224710,TSS,True,76,100
ENSG00000198925.11,chr2,219222644,219223333,TSS,True,81,100
ENSG00000115677.16,chr2,241315101,241315254,TSS,True,332,540
ENSG00000115677.16,chr2,241272760,241272937,TSS,True,348,540
ENSG00000115307.16,chr2,74528935,74529131,IR,False,160,179
ENSG00000169764.15,chr2,63840947,63841232,TSS,True,175,336
ENSG00000169764.15,chr2,63841330,63842204,TSS,True,171,335
ENSG00000115380.19,chr2,55922447,55923710,ES,False,194,287
ENSG00000115216.13,chr2,27428731,27433253,3AS,False,21,142
ENSG00000170417.15,chr2,102761993,102762349,TSS,True,14,126
ENSG00000118246.13,chr2,206765654,206766643,5AS,False,74,133
ENSG00000118246.13,chr2,206765371,206765654,TSS,True,61,135
ENSG00000118246.13,chr2,206765382,206765747,TSS,True,80,135
ENSG00000091436.16,chr2,173075526,173076002,TSS,True,57,325
ENSG00000084090.13,chr2,96208144,96208851,TSS,True,25,149
ENSG00000115524.15,chr2,197389783,197392461,PAS,True,32,147
ENSG00000115524.15,chr2,197405095,197405177,PAS,True,115,141
ENSG00000115524.15,chr2,197434971,197435113,TSS,True,17,147
ENSG00000180228.12,chr2,178447586,178450965,ES,True,15,103
ENSG00000115183.14,chr2,158968591,158968782,TSS,False,58,145
ENSG00000115183.14,chr2,159229577,159232669,PAS,True,95,135
ENSG00000155657.26,chr2,178789497,178790707,ES,True,38,136
ENSG00000155657.26,chr2,178789497,178792071,ME,True,37,103
ENSG00000155657.26,chr2,178789497,178792071,ES,False,44,244
ENSG00000155657.26,chr2,178790115,178792071,ES,False,67,170
ENSG00000155657.26,chr2,178793396,178793541,PAS,True,438,1335
ENSG00000155657.26,chr2,178530240,178534343,TSS,True,20,131
ENSG00000155657.26,chr2,178807211,178807424,TSS,True,540,1838
ENSG00000144381.16,chr2,197486066,197487198,PAS,True,101,325
ENSG00000144381.16,chr2,197488995,197489247,PAS,True,233,325
ENSG00000135916.15,chr2,230865145,230875619,ES,False,12,119
ENSG00000135916.15,chr2,230864920,230865145,TSS,True,19,138
ENSG00000135916.15,chr2,230873378,230873557,TSS,True,122,138
ENSG00000168542.14,chr2,188974188,188974568,TSS,True,50,412
ENSG00000003402.19,chr2,201115973,201116481,TSS,True,69,144
ENSG00000003402.19,chr2,201116036,201118901,TSS,True,110,144
ENSG00000003402.19,chr2,201141373,201141602,PAS,True,104,133
ENSG00000003402.19,chr2,201163834,201167554,PAS,True,107,136
ENSG00000003402.19,chr2,201162995,201167554,PAS,True,106,136
ENSG00000003402.19,chr2,201167153,201169639,PAS,True,118,141
ENSG00000134308.13,chr2,9630940,9631046,TSS,False,94,372
ENSG00000134308.13,chr2,9630158,9630765,TSS,True,283,372
ENSG00000138095.18,chr2,43886223,43888656,PAS,True,27,180
ENSG00000138095.18,chr2,43995798,43996233,TSS,False,29,180
ENSG00000136536.14,chr2,159712606,159729008,5AS,False,56,145
ENSG00000136536.14,chr2,159712209,159712661,TSS,True,62,151
ENSG00000136536.14,chr2,159712174,159712606,TSS,True,95,151
ENSG00000213639.9,chr2,28751515,28751820,TSS,False,178,230
ENSG00000213639.9,chr2,28751796,28752176,TSS,True,65,230
ENSG00000079308.18,chr2,217817689,217818598,TSS,True,131,447
ENSG00000152518.7,chr2,43226264,43226606,TSS,False,67,103
ENSG00000115641.18,chr2,105398969,105399080,TSS,True,78,100
ENSG00000115641.18,chr2,105398841,105399078,TSS,True,47,100
ENSG00000115641.18,chr2,105438398,105438583,TSS,True,83,100
ENSG00000115593.14,chr2,88067773,88068001,TSS,True,11,103
ENSG00000115414.18,chr2,215359471,215361626,PAS,True,26,119
ENSG00000115414.18,chr2,215435654,215436121,TSS,True,90,120
ENSG00000144118.13,chr2,120252980,120278617,3AS,False,89,132
ENSG00000115415.18,chr2,191014017,191014232,TSS,True,83,193
ENSG00000115415.18,chr2,190984309,190984395,TSS,True,126,191
ENSG00000072163.19,chr2,127654896,127675013,ES,True,12,101
ENSG00000072163.19,chr2,127675013,127675197,TSS,True,45,150
ENSG00000173692.12,chr2,231165199,231165289,PAS,True,64,229
ENSG00000173692.12,chr2,231163634,231163729,PAS,False,200,229
ENSG00000138061.11,chr2,38075779,38077230,TSS,True,45,265
ENSG00000008513.15,chr8,133571692,133572079,TSS,True,81,170
ENSG00000008513.15,chr8,133475718,133476600,TSS,True,116,167
ENSG00000184489.11,chr8,141421610,141422180,IR,False,26,250
ENSG00000184489.11,chr8,141422273,141425047,5AS,True,32,268
ENSG00000184489.11,chr8,141391976,141392084,TSS,True,244,287
ENSG00000184489.11,chr8,141421386,141422345,TSS,True,178,287
ENSG00000184489.11,chr8,141417829,141418018,TSS,True,217,287
ENSG00000078668.13,chr8,42395133,42398711,5AS,True,86,341
ENSG00000198363.17,chr8,61643433,61644599,ES,False,31,167
ENSG00000198363.17,chr8,61644632,61651049,ES,False,53,167
ENSG00000198363.17,chr8,61499796,61503509,PAS,True,154,176
ENSG00000198363.17,chr8,61623699,61626280,PAS,True,37,174
ENSG00000198363.17,chr8,61714268,61714896,TSS,True,46,177
ENSG00000198363.17,chr8,61689672,61689861,TSS,True,137,177
ENSG00000036448.9,chr8,2045035,2045168,TSS,True,189,673
ENSG00000161016.17,chr8,144792365,144792428,TSS,False,46,151
ENSG00000164733.20,chr8,11842682,11844024,5AS,True,24,138
ENSG00000164733.20,chr8,11844241,11845081,IR,False,27,191
ENSG00000164733.20,chr8,11853479,11868000,ME,False,574,638
ENSG00000164733.20,chr8,11853479,11868000,ME,False,574,638
ENSG00000164733.20,chr8,11853479,11864375,ES,False,566,631
ENSG00000164733.20,chr8,11853479,11868000,ES,False,3926,4635
ENSG00000185122.10,chr8,144291531,144291874,TSS,True,35,239
ENSG00000179950.13,chr8,143818534,143821596,ES,False,107,296
ENSG00000179950.13,chr8,143821913,143829279,ES,False,44,284
ENSG00000179950.13,chr8,143824396,143829279,3AS,False,34,240
ENSG00000154328.15,chr8,11771585,11779597,5AS,True,90,104
ENSG00000154328.15,chr8,11769633,11769791,TSS,False,54,111
ENSG00000154328.15,chr8,11769708,11770335,TSS,True,64,111
ENSG00000164924.17,chr8,100951928,100952852,TSS,True,66,243
ENSG00000104388.14,chr8,60516905,60517253,TSS,True,29,201
ENSG00000104388.14,chr8,60584210,60584290,TSS,True,178,201
ENSG00000147813.15,chr8,143574900,143574985,IR,False,89,101
ENSG00000147813.15,chr8,143576162,143576431,IR,False,92,106
ENSG00000147813.15,chr8,143577943,143578092,IR,False,92,106
ENSG00000147813.15,chr8,143574779,143574900,PAS,True,12,106
ENSG00000147813.15,chr8,143578092,143578621,TSS,True,14,106
ENSG00000147813.15,chr8,143577815,143578644,TSS,True,92,106
ENSG00000104529.17,chr8,143586852,143597347,ES,False,208,247
ENSG00000104529.17,chr8,143597347,143598252,TSS,True,52,326
ENSG00000132561.13,chr8,98032317,98033098,3AS,False,64,130
ENSG00000168615.11,chr8,38996752,38997160,TSS,True,35,110
ENSG00000168575.9,chr8,42541537,42541937,TSS,True,150,197
ENSG00000168575.9,chr8,42501030,42501263,TSS,True,98,194
ENSG00000137575.11,chr8,58572314,58575902,3AS,False,70,297
ENSG00000136574.17,chr8,11707853,11708928,TSS,True,106,138
ENSG00000136574.17,chr8,11747839,11749085,TSS,True,81,138
ENSG00000104635.13,chr8,22367230,22367408,TSS,True,55,412
ENSG00000175445.15,chr8,19939222,19939528,TSS,True,28,278
ENSG00000067225.17,chr15,72200655,72206727,ME,False,1401,2062
ENSG00000068305.17,chr15,99565428,99566104,TSS,True,35,120
ENSG00000140264.19,chr15,43793709,43794050,PAS,True,29,129
ENSG00000140264.19,chr15,43794373,43796060,PAS,False,113,129
ENSG00000140374.15,chr15,76292700,76311349,ES,False,34,301
ENSG00000182253.14,chr15,99129440,99131813,TSS,True,73,123
ENSG00000260916.7,chr15,55354628,55356409,PAS,True,73,101
ENSG00000260916.7,chr15,55408220,55408470,TSS,True,17,101
ENSG00000260916.7,chr15,55407846,55408373,TSS,False,90,101
ENSG00000035664.11,chr15,63912197,63925940,ES,True,49,227
ENSG00000035664.11,chr15,63971561,63983624,5AS,False,27,235
ENSG00000035664.11,chr15,63907031,63908600,PAS,True,63,248
ENSG00000140416.20,chr15,63042137,63042943,TSS,True,450,3897
ENSG00000170776.21,chr15,85380473,85380798,TSS,True,132,185
ENSG00000170776.21,chr15,85578991,85582107,TSS,True,150,179
ENSG00000170776.21,chr15,85743491,85743804,PAS,True,100,131
ENSG00000103994.17,chr15,42412815,42417360,PAS,True,477,565
ENSG00000103994.17,chr15,42446589,42446658,PAS,False,347,502
ENSG00000103994.17,chr15,42449664,42451954,PAS,False,186,468
ENSG00000103994.17,chr15,42490979,42491144,TSS,True,506,597
ENSG00000103994.17,chr15,42456957,42457532,TSS,True,240,596
ENSG00000103994.17,chr15,42444826,42444983,TSS,True,128,153
ENSG00000103710.10,chr15,65059418,65067732,ES,False,39,146
ENSG00000103710.10,chr15,65067732,65068327,TSS,True,19,165
ENSG00000159251.7,chr15,34795505,34795733,TSS,False,1500,6898
ENSG00000159251.7,chr15,34794679,34795489,TSS,True,5732,6898
ENSG00000128739.22,chr15,24954852,24955062,TSS,True,94,307
ENSG00000128739.22,chr15,24856512,24856716,TSS,True,227,308
ENSG00000137801.10,chr15,39589100,39589354,TSS,True,201,227
ENSG00000137801.10,chr15,39589784,39590023,TSS,True,130,227
ENSG00000103966.10,chr15,41972258,41972597,TSS,True,44,192
ENSG00000103966.10,chr15,41919209,41919714,TSS,True,160,190
ENSG00000140474.13,chr15,74840316,74840497,IR,False,105,124
ENSG00000140474.13,chr15,74843003,74843454,TSS,True,103,148
ENSG00000140474.13,chr15,74842074,74843156,TSS,True,85,148
ENSG00000179010.14,chr4,6640708,6640827,IR,False,41,165
ENSG00000179010.14,chr4,6640655,6640708,TSS,False,124,165
ENSG00000179010.14,chr4,6640682,6641258,TSS,True,41,165
ENSG00000151726.13,chr4,184825915,184826101,TSS,True,79,205
ENSG00000151726.13,chr4,184805526,184805712,TSS,False,178,205
ENSG00000152795.17,chr4,82424883,82426036,IR,False,98,131
ENSG00000152795.17,chr4,82422746,82424883,PAS,True,37,144
ENSG00000152795.17,chr4,82423203,82426129,PAS,True,112,142
ENSG00000064042.17,chr4,41685830,41689526,ES,False,66,160
ENSG00000064042.17,chr4,41360561,41360936,TSS,True,150,197
ENSG00000064042.17,chr4,41650464,41650608,TSS,True,156,179
ENSG00000064042.17,chr4,41538063,41538350,TSS,True,122,197
ENSG00000064042.17,chr4,41697159,41700044,PAS,True,26,188
ENSG00000109501.13,chr4,6269831,6270014,TSS,True,92,151
ENSG00000138678.10,chr4,83536001,83536206,TSS,True,90,107
ENSG00000138678.10,chr4,83536057,83536763,TSS,True,26,107
ENSG00000087274.16,chr4,2843837,2844024,TSS,True,89,120
ENSG00000152583.12,chr4,87472765,87473803,PAS,True,88,384
ENSG00000152583.12,chr4,87493625,87494598,PAS,True,284,369
ENSG00000145349.16,chr4,113454515,113457334,ES,False,35,153
ENSG00000145349.16,chr4,113500511,113509637,ME,False,60,141
ENSG00000145349.16,chr4,113500511,113509637,ES,False,20,163
ENSG00000145349.16,chr4,113509672,113513327,3AS,False,62,171
ENSG00000172399.5,chr4,119135809,119135982,TSS,False,60,333
ENSG00000129116.18,chr4,168832171,168890921,ES,False,132,473
ENSG00000129116.18,chr4,168894677,168898492,ES,False,173,677
ENSG00000129116.18,chr4,168925078,168926212,ES,False,155,545
ENSG00000129116.18,chr4,168831990,168832171,TSS,True,279,756
ENSG00000129116.18,chr4,168877717,168878394,TSS,True,560,755
ENSG00000129116.18,chr4,168926212,168928475,PAS,True,195,742
ENSG00000129116.18,chr4,168924254,168924387,PAS,True,575,739
ENSG00000138821.12,chr4,102344443,102345482,TSS,True,44,136
ENSG00000138821.12,chr4,102345344,102345511,TSS,True,98,136
ENSG00000163110.14,chr4,94586444,94618003,ES,False,44,212
ENSG00000163110.14,chr4,94451851,94451995,TSS,True,120,428
ENSG00000163110.14,chr4,94663977,94668223,PAS,True,174,411
ENSG00000163110.14,chr4,94586988,94588564,PAS,True,235,386
ENSG00000145244.11,chr4,47593998,47595903,PAS,True,63,112
ENSG00000145244.11,chr4,47642687,47643256,PAS,True,76,111
ENSG00000145244.11,chr4,47661284,47661856,PAS,True,89,111
ENSG00000145244.11,chr4,47837886,47838223,TSS,True,20,114
ENSG00000087008.15,chr4,8428350,8428501,TSS,True,25,110
ENSG00000109332.19,chr4,102827426,102827835,TSS,True,326,478
ENSG00000109332.19,chr4,102826484,102827192,TSS,True,235,478
ENSG00000154553.14,chr4,185535341,185535526,TSS,True,33,290
ENSG00000151729.10,chr4,185145899,185146554,IR,True,129,307
ENSG00000205678.7,chr4,64280199,64281473,ES,False,22,210
ENSG00000205678.7,chr4,64277688,64280199,PAS,True,30,241
ENSG00000138757.14,chr4,75648741,75655065,ES,False,88,108
ENSG00000138757.14,chr4,75673207,75673440,TSS,True,25,116
ENSG00000169116.11,chr4,74933027,74933370,TSS,True,49,175
ENSG00000168936.10,chr4,1720632,1721320,TSS,True,85,189
ENSG00000168936.10,chr4,1718151,1718605,TSS,False,138,189
ENSG00000163644.14,chr4,88261026,88262726,PAS,True,21,175
ENSG00000132463.13,chr4,70839470,70839959,TSS,False,41,183
ENSG00000132463.13,chr4,70839176,70839357,TSS,True,164,183
ENSG00000153147.5,chr4,143553118,143555581,PAS,False,63,133
ENSG00000153147.5,chr4,143547927,143548141,PAS,True,113,133
ENSG00000138760.9,chr4,76213426,76213926,TSS,True,15,145
ENSG00000154556.18,chr4,185678478,185678795,3AS,False,49,101
ENSG00000154556.18,chr4,185678822,185775230,5AS,True,11,101
ENSG00000154556.18,chr4,185585444,185587688,PAS,True,38,181
ENSG00000154556.18,chr4,185589678,185589785,TSS,True,139,158
ENSG00000154556.18,chr4,185811663,185812516,TSS,True,101,196
ENSG00000173801.16,chr17,41755432,41755729,IR,False,121,161
ENSG00000173801.16,chr17,41754603,41755432,PAS,False,40,163
ENSG00000173801.16,chr17,41754606,41755895,PAS,True,124,163
ENSG00000173801.16,chr17,41769417,41769683,TSS,True,29,166
ENSG00000141027.20,chr17,16029156,16032483,PAS,True,99,121
ENSG00000141027.20,chr17,16126116,16126206,PAS,False,69,100
ENSG00000141027.20,chr17,16126101,16126209,PAS,True,58,100
ENSG00000141027.20,chr17,16215361,16215591,TSS,True,22,121
ENSG00000182473.21,chr17,76086145,76087653,ES,False,86,100
ENSG00000182473.21,chr17,76089320,76094413,ES,False,24,100
ENSG00000182473.21,chr17,76080980,76083750,PAS,True,12,114
ENSG00000182473.21,chr17,76103632,76103791,TSS,True,109,211
ENSG00000108671.10,chr17,32480631,32480752,IR,False,129,169
ENSG00000108671.10,chr17,32480752,32483319,PAS,True,41,170
ENSG00000108671.10,chr17,32480488,32483319,PAS,True,130,170
ENSG00000167543.15,chr17,29568613,29568830,TSS,True,26,173
ENSG00000198336.9,chr17,47209027,47209557,TSS,True,62,293
ENSG00000185359.12,chr17,81683960,81684103,TSS,True,50,122
ENSG00000185359.12,chr17,81692399,81693752,TSS,True,108,121
ENSG00000141562.17,chr17,82458191,82458830,TSS,True,21,156
ENSG00000129250.11,chr17,4997673,4998156,TSS,True,88,116
ENSG00000129250.11,chr17,4997654,4999970,TSS,True,98,116
ENSG00000129250.11,chr17,5000215,5000352,TSS,True,97,116
ENSG00000129250.11,chr17,5023467,5026981,PAS,False,33,105
ENSG00000132589.15,chr17,28883231,28888944,ME,False,16,140
ENSG00000132589.15,chr17,28883231,28888944,ME,False,16,140
ENSG00000167549.18,chr17,29615854,29615944,3AS,False,124,152
ENSG00000167549.18,chr17,29617619,29618789,3AS,False,101,113
ENSG00000167549.18,chr17,29621423,29622687,3AS,False,24,110
ENSG00000167549.18,chr17,29614756,29615854,PAS,True,32,155
ENSG00000167549.18,chr17,29614756,29615857,PAS,True,127,155
ENSG00000167549.18,chr17,29622687,29622921,TSS,True,56,167
ENSG00000141279.15,chr17,47531037,47531555,TSS,True,21,107
ENSG00000141279.15,chr17,47612481,47612602,TSS,True,93,107
ENSG00000030582.17,chr17,44345096,44345334,TSS,True,222,385
ENSG00000030582.17,chr17,44349658,44349751,TSS,True,270,385
ENSG00000108946.14,chr17,68511720,68512142,TSS,True,917,1101
ENSG00000108946.14,chr17,68512399,68512548,TSS,True,293,1101
ENSG00000109065.11,chr17,74770527,74771858,PAS,True,14,106
ENSG00000132383.11,chr17,1829950,1830126,TSS,False,25,169
ENSG00000108861.8,chr17,43778799,43779000,TSS,True,52,228
ENSG00000108515.17,chr17,4951182,4951827,5AS,False,394,507
ENSG00000108515.17,chr17,4949590,4951224,TSS,True,454,563
ENSG00000108515.17,chr17,4949563,4951182,TSS,True,165,563
ENSG00000141753.6,chr17,40443401,40444084,TSS,False,43,312
ENSG00000108679.12,chr17,78979823,78979962,TSS,True,56,338
ENSG00000159842.15,chr17,1031597,1031854,TSS,True,144,172
ENSG00000168610.14,chr17,42316851,42317181,3AS,False,44,382
ENSG00000168610.14,chr17,42317224,42322284,5AS,False,72,382
ENSG00000168610.14,chr17,42348517,42388278,3AS,False,92,296
ENSG00000168610.14,chr17,42348520,42388278,3AS,False,30,204
ENSG00000168610.14,chr17,42388278,42388586,TSS,True,113,411
ENSG00000173918.14,chr17,79024068,79024494,TSS,True,123,142
ENSG00000173918.14,chr17,79022756,79023088,TSS,True,126,142
ENSG00000132361.16,chr17,2694122,2694290,TSS,False,91,129
ENSG00000132361.16,chr17,2697895,2698568,TSS,True,101,130
ENSG00000132361.16,chr17,2692779,2692973,TSS,True,112,129
ENSG00000184557.4,chr17,78359749,78360566,TSS,True,70,120
ENSG00000108788.11,chr17,42567166,42567618,5AS,False,94,105
ENSG00000108788.11,chr17,42567655,42568836,ES,False,21,101
ENSG00000108788.11,chr17,42567040,42567166,TSS,True,12,106
ENSG00000108788.11,chr17,42567087,42567328,TSS,True,95,106
ENSG00000133030.20,chr17,17174075,17176425,ES,False,45,194
ENSG00000133030.20,chr17,17143554,17143669,TSS,True,171,198
ENSG00000133030.20,chr17,17154312,17154415,TSS,False,102,198
ENSG00000087191.12,chr17,63827380,63827514,TSS,True,26,255
ENSG00000072778.19,chr17,7220197,7220603,3AS,False,87,110
ENSG00000072778.19,chr17,7222865,7223132,IR,False,1605,1936
ENSG00000072778.19,chr17,7219853,7220046,TSS,True,490,1975
ENSG00000173786.16,chr17,41966715,41966887,TSS,False,12,103
ENSG00000108654.14,chr17,64506075,64506340,TSS,True,53,371
ENSG00000177469.12,chr17,42422626,42423258,TSS,False,628,819
ENSG00000197879.16,chr17,1491599,1491883,TSS,True,139,185
ENSG00000197879.16,chr17,1485693,1486131,TSS,True,135,185
ENSG00000197879.16,chr17,1492412,1492728,TSS,True,166,185
ENSG00000006125.17,chr17,35587263,35587428,TSS,True,41,109
ENSG00000006125.17,chr17,35650558,35650789,TSS,False,90,108
ENSG00000006744.18,chr17,13017702,13018044,TSS,True,16,134
ENSG00000177731.15,chr17,18251813,18251998,3AS,False,135,270
ENSG00000177731.15,chr17,18258627,18258774,TSS,True,96,321
ENSG00000261371.5,chr17,64390601,64391244,TSS,True,141,292
ENSG00000261371.5,chr17,64369749,64370026,TSS,True,244,291
ENSG00000261371.5,chr17,64363148,64363400,TSS,True,236,291
ENSG00000132471.11,chr17,75849603,75849740,TSS,True,119,135
ENSG00000132471.11,chr17,75855238,75855369,TSS,True,87,135
ENSG00000108823.15,chr17,50168572,50170639,ES,False,31,179
ENSG00000108823.15,chr17,50165995,50166077,TSS,True,31,197
ENSG00000141161.11,chr17,35147910,35148263,3AS,False,214,275
ENSG00000141161.11,chr17,35147800,35147910,TSS,True,32,307
ENSG00000108953.16,chr17,1345499,1354210,ES,False,342,383
ENSG00000109079.9,chr17,28335711,28335856,TSS,True,63,119
ENSG00000109079.9,chr17,28340306,28340478,TSS,True,103,119
ENSG00000109079.9,chr17,28341226,28341326,TSS,True,93,119
ENSG00000126581.12,chr17,42823879,42824154,5AS,False,159,243
ENSG00000126581.12,chr17,42824132,42824301,TSS,True,165,249
ENSG00000126581.12,chr17,42824154,42824315,TSS,True,90,249
ENSG00000171298.12,chr17,80101141,80101625,TSS,True,128,166
ENSG00000171298.12,chr17,80101553,80105132,TSS,True,136,166
ENSG00000171298.12,chr17,80112729,80113027,TSS,True,108,165
ENSG00000108556.8,chr17,4898891,4899000,IR,False,87,134
ENSG00000108556.8,chr17,4897762,4899107,PAS,True,93,139
ENSG00000108556.8,chr17,4897762,4898891,PAS,False,52,139
ENSG00000108556.8,chr17,4903017,4903103,TSS,True,36,144
ENSG00000013306.15,chr17,44322528,44322807,3AS,False,157,192
ENSG00000109099.14,chr17,15262428,15262555,TSS,True,35,198
ENSG00000006282.20,chr17,50547285,50547719,3AS,False,44,109
ENSG00000006282.20,chr17,50547285,50548282,ES,False,21,130
ENSG00000006282.20,chr17,50547128,50547285,TSS,True,31,161
ENSG00000108588.13,chr17,63745248,63746961,PAS,True,34,325
ENSG00000133026.12,chr17,8569812,8577235,ES,False,59,103
ENSG00000133026.12,chr17,8474204,8475948,PAS,True,102,115
ENSG00000133026.12,chr17,8630653,8630906,TSS,True,20,116
ENSG00000177885.14,chr17,75393550,75393855,TSS,True,87,131
ENSG00000177885.14,chr17,75405488,75405707,TSS,True,65,131
ENSG00000169727.12,chr17,82054049,82054509,3AS,False,215,264
ENSG00000169727.12,chr17,82054975,82055164,3AS,False,40,265
ENSG00000163597.14,chr17,76557857,76561287,ES,False,293,385
ENSG00000099956.19,chr22,23791867,23793558,5AS,False,48,107
ENSG00000100412.15,chr22,41468798,41469182,TSS,False,130,560
ENSG00000133424.20,chr22,33304228,33304348,TSS,True,55,106
ENSG00000133424.20,chr22,33761370,33761561,TSS,True,82,107
ENSG00000254413.8,chr22,50568839,50569081,PAS,True,33,277
ENSG00000254413.8,chr22,50568860,50569421,PAS,True,246,277
ENSG00000100234.11,chr22,32801684,32802122,TSS,False,123,155
ENSG00000100234.11,chr22,32858072,32858138,TSS,True,131,155
ENSG00000100325.14,chr22,29838177,29838308,TSS,True,34,137
ENSG00000100325.14,chr22,29825086,29826070,TSS,True,111,137
ENSG00000128274.16,chr22,42720796,42720901,TSS,True,132,158
ENSG00000183597.15,chr22,20021134,20036759,5AS,False,103,147
ENSG00000183597.15,chr22,20036854,20043354,5AS,False,114,170
ENSG00000183597.15,chr22,20052584,20055942,ES,False,43,123
ENSG00000183597.15,chr22,20052584,20061529,ES,False,41,137
ENSG00000183597.15,chr22,20056013,20063337,ES,False,23,120
ENSG00000183597.15,chr22,20021064,20021134,TSS,True,87,191
ENSG00000183597.15,chr22,20021099,20021246,TSS,False,147,191
ENSG00000099998.17,chr22,24220116,24224995,ES,False,82,101
ENSG00000099998.17,chr22,24244552,24245748,TSS,True,19,106
ENSG00000184702.19,chr22,19718196,19718818,TSS,True,42,404
ENSG00000100243.20,chr22,42649294,42649417,TSS,False,44,422
ENSG00000242247.10,chr22,42808890,42817141,ES,False,13,118
ENSG00000198125.12,chr22,35617162,35617328,TSS,True,345,502
ENSG00000198125.12,chr22,35617361,35617533,TSS,False,280,502
ENSG00000100345.21,chr22,36300850,36301449,TSS,True,179,210
ENSG00000100345.21,chr22,36291985,36292715,TSS,True,179,201
ENSG00000100345.21,chr22,36387806,36388109,TSS,False,183,211
ENSG00000069998.12,chr22,17148560,17159125,ES,True,28,130
ENSG00000100242.15,chr22,38738172,38738234,TSS,True,92,121
ENSG00000205560.12,chr22,50567563,50569081,PAS,True,64,414
ENSG00000205560.12,chr22,50568860,50569421,PAS,True,353,413
ENSG00000205560.12,chr22,50576856,50577035,TSS,False,342,414
ENSG00000205560.12,chr22,50578385,50578577,TSS,True,150,414
ENSG00000128294.15,chr22,26590052,26590158,TSS,True,11,109
ENSG00000100138.14,chr22,41688793,41688884,TSS,True,49,128
ENSG00000100138.14,chr22,41682355,41682453,TSS,True,82,126
ENSG00000100416.13,chr22,46335383,46335846,TSS,True,19,108
ENSG00000100416.13,chr22,46356841,46357344,PAS,True,16,108
ENSG00000100225.17,chr22,32474703,32475124,TSS,True,26,124
ENSG00000100225.17,chr22,32475222,32475398,TSS,True,104,124
ENSG00000100348.9,chr22,36481563,36482025,TSS,True,24,180
ENSG00000100348.9,chr22,36480574,36480835,TSS,True,157,180
ENSG00000183963.18,chr22,31095609,31097268,ES,False,118,164
ENSG00000183963.18,chr22,31099896,31104315,ES,False,54,177
ENSG00000183963.18,chr22,31080948,31081456,TSS,True,151,179
ENSG00000183963.18,chr22,31093272,31093876,TSS,True,64,178
ENSG00000172346.14,chr22,41560757,41561183,TSS,False,158,282
ENSG00000100106.20,chr22,37751828,37754915,3AS,True,14,104
ENSG00000100106.20,chr22,37746200,37746420,TSS,True,38,133
ENSG00000100106.20,chr22,37773782,37776523,PAS,True,14,128
ENSG00000100284.20,chr22,35346969,35347054,5AS,False,154,182
ENSG00000025770.18,chr22,50508028,50508445,TSS,True,14,100
ENSG00000099968.17,chr22,17638560,17638886,TSS,True,26,109
ENSG00000077942.18,chr22,45502614,45503064,TSS,False,46,326
ENSG00000077942.18,chr22,45562911,45563362,PAS,True,162,325
ENSG00000077942.18,chr22,45600306,45602846,PAS,False,164,326
ENSG00000182944.17,chr22,29288786,29291564,3AS,False,187,330
ENSG00000182944.17,chr22,29268100,29268349,TSS,True,95,354
ENSG00000100359.20,chr22,40400813,40402138,ES,False,31,150
ENSG00000100359.20,chr22,40409018,40409249,IR,False,133,157
ENSG00000100359.20,chr22,40409681,40410292,PAS,True,17,162
ENSG00000100239.15,chr22,50436452,50437505,ES,False,43,105
ENSG00000100239.15,chr22,50343297,50343550,TSS,True,24,110
ENSG00000241978.9,chr9,110138539,110168398,ES,False,62,175
ENSG00000241978.9,chr9,110156497,110168398,ES,False,96,112
ENSG00000241978.9,chr9,110136124,110138539,TSS,True,145,214
ENSG00000241978.9,chr9,110048648,110048855,TSS,True,170,216
ENSG00000241978.9,chr9,110125469,110125596,TSS,False,157,216
ENSG00000172889.15,chr9,136665712,136665817,TSS,True,102,116
ENSG00000172889.15,chr9,136662168,136663108,TSS,True,52,116
ENSG00000196305.17,chr9,92289426,92293610,5AS,False,84,104
ENSG00000196305.17,chr9,92293440,92293716,TSS,True,91,111
ENSG00000196305.17,chr9,92293610,92293745,TSS,True,27,111
ENSG00000107372.12,chr9,72364695,72365265,TSS,True,25,107
ENSG00000148180.19,chr9,121267812,121268219,TSS,True,1730,2005
ENSG00000148180.19,chr9,121299800,121300005,TSS,False,1081,2005
ENSG00000148180.19,chr9,121299789,121302167,TSS,True,1642,2005
ENSG00000148248.13,chr9,133375921,133376131,TSS,True,35,271
ENSG00000138835.22,chr9,113463090,113463881,TSS,True,92,110
ENSG00000138835.22,chr9,113507371,113507638,TSS,True,95,106
ENSG00000138835.22,chr9,113596767,113597738,PAS,True,14,108
ENSG00000159069.13,chr9,136941684,136942099,5AS,False,62,438
ENSG00000159069.13,chr9,136943890,136944795,TSS,True,420,470
ENSG00000159069.13,chr9,136944593,136944762,TSS,True,121,470
ENSG00000135047.14,chr9,87726253,87727593,5AS,False,46,126
ENSG00000135047.14,chr9,87726062,87726253,TSS,False,86,132
ENSG00000135047.14,chr9,87726068,87726308,TSS,True,115,132
ENSG00000135047.14,chr9,87725582,87726398,TSS,True,69,132
ENSG00000188229.5,chr9,137241286,137241417,TSS,True,99,303
ENSG00000188229.5,chr9,137241683,137241829,TSS,True,269,303
ENSG00000106991.13,chr9,127854288,127854749,TSS,True,179,629
ENSG00000106991.13,chr9,127843093,127843244,TSS,True,552,629
ENSG00000136877.14,chr9,127802850,127803062,TSS,False,20,133
ENSG00000136877.14,chr9,127814207,127817707,PAS,False,113,133
ENSG00000136877.14,chr9,127813194,127814505,PAS,True,21,133
ENSG00000165119.20,chr9,83969380,83970161,3AS,False,96,266
ENSG00000165119.20,chr9,83973399,83974516,ES,False,35,254
ENSG00000165119.20,chr9,83967990,83969440,PAS,True,97,267
ENSG00000165119.20,chr9,83968082,83969380,PAS,True,171,267
ENSG00000165119.20,chr9,83980502,83980645,TSS,True,147,273
ENSG00000165119.20,chr9,83980152,83980270,TSS,True,218,273
ENSG00000165119.20,chr9,83978372,83980623,TSS,False,214,272
ENSG00000176978.13,chr9,137112230,137112744,IR,True,324,391
ENSG00000176978.13,chr9,137114646,137114909,TSS,True,54,402
ENSG00000165238.16,chr9,93292543,93293173,TSS,True,82,101
ENSG00000165238.16,chr9,93288780,93289620,TSS,False,70,101
ENSG00000165238.16,chr9,93300048,93300149,TSS,True,83,101
ENSG00000165238.16,chr9,93320366,93320572,PAS,True,65,101
ENSG00000165238.16,chr9,93317872,93319218,PAS,True,76,101
ENSG00000165238.16,chr9,93318027,93319208,PAS,False,84,101
ENSG00000136842.13,chr9,97501645,97501803,TSS,False,169,490
ENSG00000136842.13,chr9,97564037,97564168,TSS,True,380,490
ENSG00000188352.12,chr9,20926294,20926417,TSS,True,33,228
ENSG00000198467.14,chr9,35684550,35685268,ME,False,49,103
ENSG00000198467.14,chr9,35681992,35682163,PAS,True,80,127
ENSG00000198467.14,chr9,35681992,35683241,PAS,True,44,119
ENSG00000198467.14,chr9,35689703,35691118,TSS,True,16,127
ENSG00000107104.18,chr9,731266,734747,ES,True,34,100
ENSG00000107104.18,chr9,504037,504754,TSS,True,103,120
ENSG00000107104.18,chr9,710797,713464,TSS,True,100,116
ENSG00000107104.18,chr9,693679,693786,TSS,True,71,116
ENSG00000107104.18,chr9,693679,693782,TSS,True,101,116
ENSG00000107104.18,chr9,745172,746105,PAS,True,15,119
ENSG00000095321.16,chr9,129108077,129110482,ES,False,92,121
ENSG00000095321.16,chr9,129110482,129110797,TSS,True,23,144
ENSG00000119326.14,chr9,108942568,108942834,PAS,True,12,115
ENSG00000023734.10,chr12,15882819,15889927,ES,False,56,463
ENSG00000139112.10,chr12,10212840,10213219,TSS,True,30,238
ENSG00000092841.18,chr12,56158711,56159586,3AS,False,162,184
ENSG00000092841.18,chr12,56158711,56159586,IR,False,162,218
ENSG00000092841.18,chr12,56160320,56160625,IR,False,79,205
ENSG00000092841.18,chr12,56160320,56161386,ES,False,53,130
ENSG00000092841.18,chr12,56160320,56161386,IR,True,53,178
ENSG00000092841.18,chr12,56160670,56161386,IR,True,78,204
ENSG00000092841.18,chr12,56158337,56158404,TSS,True,60,309
ENSG00000092841.18,chr12,56161386,56161581,PAS,True,127,258
ENSG00000092841.18,chr12,56160242,56161580,PAS,True,141,258
ENSG00000060138.12,chr12,10722849,10723567,TSS,True,11,105
ENSG00000111452.12,chr12,130953078,130954531,TSS,True,128,169
ENSG00000111452.12,chr12,131138136,131138229,TSS,True,111,125
ENSG00000111452.12,chr12,131084114,131084663,TSS,True,114,127
ENSG00000139644.12,chr12,49741548,49741611,TSS,False,63,139
ENSG00000139644.12,chr12,49752461,49752549,TSS,True,92,139
ENSG00000135677.10,chr12,64759084,64759446,TSS,True,24,110
ENSG00000130779.20,chr12,122341697,122352725,ES,False,28,135
ENSG00000130779.20,chr12,122328262,122328426,PAS,True,116,139
ENSG00000130779.20,chr12,122332987,122333143,PAS,False,116,139
ENSG00000130779.20,chr12,122340753,122341697,PAS,True,66,138
ENSG00000130779.20,chr12,122422520,122423000,TSS,True,25,146
ENSG00000135469.13,chr12,56266845,56267252,TSS,True,82,110
ENSG00000135469.13,chr12,56267254,56267433,TSS,True,33,110
ENSG00000211455.7,chr12,27244230,27244332,TSS,True,21,184
ENSG00000167552.13,chr12,49188976,49189080,TSS,True,52,296
ENSG00000057294.14,chr12,32896508,32896832,TSS,True,42,176
ENSG00000057294.14,chr12,32877845,32878485,TSS,True,150,171
ENSG00000011465.16,chr12,91179361,91179559,TSS,True,144,1009
ENSG00000089009.15,chr12,112409586,112409634,TSS,True,43,184
ENSG00000089009.15,chr12,112408419,112409605,TSS,True,143,184
ENSG00000174099.11,chr12,65278865,65326825,ES,False,28,264
ENSG00000089157.15,chr12,120200831,120201082,3AS,False,449,516
ENSG00000089053.12,chr12,121328458,121330582,3AS,False,33,164
ENSG00000135506.15,chr12,57715970,57716091,3AS,False,209,286
ENSG00000135506.15,chr12,57719182,57720405,ES,False,190,296
ENSG00000135506.15,chr12,57693960,57694323,TSS,True,32,299
ENSG00000062485.18,chr12,56300159,56300392,TSS,True,184,803
ENSG00000152556.16,chr12,48119237,48119406,TSS,True,66,331
ENSG00000135424.16,chr12,55694777,55695496,TSS,True,356,446
ENSG00000135424.16,chr12,55712062,55712257,TSS,True,385,450
ENSG00000175899.14,chr12,9115763,9116193,TSS,True,287,1055
ENSG00000150991.14,chr12,124914586,124914848,TSS,False,76,371
ENSG00000111371.15,chr12,46268525,46269447,TSS,True,233,299
ENSG00000111371.15,chr12,46268864,46269414,TSS,True,165,299
ENSG00000022840.15,chr12,120563070,120563346,3AS,False,509,589
ENSG00000123416.15,chr12,49131297,49131398,TSS,False,87,232
ENSG00000123416.15,chr12,49129499,49131393,TSS,True,208,232
ENSG00000123416.15,chr12,49129241,49129374,TSS,True,202,232
ENSG00000229117.8,chr12,56116425,56116659,TSS,True,16,147
ENSG00000170515.13,chr12,56111475,56111529,PAS,False,52,111
ENSG00000170515.13,chr12,56112822,56114677,PAS,True,61,111
ENSG00000159403.16,chr12,7092386,7092570,TSS,True,75,291
ENSG00000166598.14,chr12,103930362,103930564,TSS,True,55,385
ENSG00000166598.14,chr12,103947632,103948555,PAS,True,82,385
ENSG00000166598.14,chr12,103938339,103938459,PAS,True,321,369
ENSG00000123358.19,chr12,52051370,52051568,TSS,True,106,130
ENSG00000123358.19,chr12,52054325,52055204,TSS,True,69,130
ENSG00000123358.19,chr12,52043710,52043911,TSS,True,106,130
ENSG00000135404.11,chr12,55728952,55729106,TSS,False,18,106
ENSG00000086598.10,chr12,123586939,123590341,ES,True,94,282
ENSG00000174437.16,chr12,110340689,110340994,TSS,True,788,877
ENSG00000174437.16,chr12,110342226,110342448,TSS,True,577,877
ENSG00000174437.16,chr12,110346057,110346118,TSS,True,769,877
ENSG00000110799.13,chr12,6018364,6019697,TSS,True,148,180
ENSG00000110799.13,chr12,5993861,5994182,TSS,True,145,176
ENSG00000110799.13,chr12,5976110,5976217,TSS,True,136,176
ENSG00000197111.15,chr12,53461143,53462492,3AS,False,53,104
ENSG00000175203.15,chr12,57535845,57546027,5AS,True,197,246
ENSG00000111652.9,chr12,6724152,6724613,5AS,False,31,221
ENSG00000111652.9,chr12,6724179,6724613,5AS,False,154,191
ENSG00000111652.9,chr12,6724818,6728222,ES,False,28,224
ENSG00000111652.9,chr12,6724014,6724179,TSS,True,73,228
ENSG00000111652.9,chr12,6723952,6724152,TSS,True,197,228
ENSG00000111652.9,chr12,6724099,6724250,TSS,True,192,228
ENSG00000060237.16,chr12,752536,754324,TSS,True,32,107
ENSG00000075415.12,chr12,98594135,98597855,ME,False,167,1201
ENSG00000135486.17,chr12,54282874,54283811,ES,False,837,1012
ENSG00000187778.13,chr12,49568047,49568150,TSS,True,51,130
ENSG00000187778.13,chr12,49565528,49568106,TSS,True,112,130
ENSG00000166986.14,chr12,57487988,57488199,TSS,True,20,161
ENSG00000012822.15,chr12,53727403,53727492,TSS,True,14,114
ENSG00000111321.10,chr12,6384085,6384454,TSS,True,47,102
ENSG00000111321.10,chr12,6385638,6386162,TSS,True,76,101
ENSG00000111321.10,chr12,6385968,6386444,TSS,True,88,101
ENSG00000182326.14,chr12,7060877,7061838,3AS,False,68,236
ENSG00000176485.11,chr11,63614068,63614384,IR,True,26,101
ENSG00000176485.11,chr11,63613999,63614447,TSS,True,30,106
ENSG00000176485.11,chr11,63614384,63614559,TSS,False,80,106
ENSG00000166444.18,chr11,8717740,8718049,TSS,True,72,108
ENSG00000166444.18,chr11,8729949,8731191,TSS,True,97,112
ENSG00000166444.18,chr11,8810516,8810940,TSS,True,81,112
ENSG00000166444.18,chr11,8715602,8715830,TSS,True,96,108
ENSG00000214063.10,chr11,842831,842915,TSS,True,43,111
ENSG00000109846.7,chr11,111911523,111911816,TSS,True,20,104
ENSG00000197702.12,chr11,12377495,12377783,TSS,True,30,124
ENSG00000168056.15,chr11,65539881,65540244,ES,False,62,129
ENSG00000168056.15,chr11,65546441,65546793,TSS,True,115,129
ENSG00000168056.15,chr11,65551401,65552157,TSS,True,111,129
ENSG00000168056.15,chr11,65547689,65547811,TSS,True,112,129
ENSG00000168056.15,chr11,65547919,65549708,TSS,True,96,129
ENSG00000168056.15,chr11,65547438,65547568,TSS,False,111,129
ENSG00000014216.15,chr11,65181270,65182013,TSS,True,68,190
ENSG00000129170.9,chr11,19201953,19201989,TSS,True,89,383
ENSG00000129170.9,chr11,19188135,19188295,TSS,True,308,383
ENSG00000165915.13,chr11,47415159,47415287,IR,False,102,114
ENSG00000165915.13,chr11,47408441,47408662,TSS,True,27,117
ENSG00000165915.13,chr11,47410083,47410395,TSS,True,105,117
ENSG00000165915.13,chr11,47415287,47416590,PAS,False,15,114
ENSG00000134571.10,chr11,47346384,47347425,3AS,True,51,422
ENSG00000134571.10,chr11,47352622,47352764,TSS,False,1125,1350
ENSG00000134571.10,chr11,47341137,47341486,TSS,True,1073,1272
ENSG00000109906.13,chr11,114059570,114059882,TSS,True,20,121
ENSG00000129084.17,chr11,14519041,14520296,5AS,False,93,105
ENSG00000129084.17,chr11,14520296,14520407,TSS,False,17,110
ENSG00000085063.15,chr11,33722463,33736381,ES,False,189,260
ENSG00000085063.15,chr11,33736381,33736477,TSS,True,98,358
ENSG00000172638.12,chr11,65866712,65866844,IR,False,36,189
ENSG00000172638.12,chr11,65866299,65867079,PAS,True,44,199
ENSG00000172638.12,chr11,65866305,65866712,PAS,True,156,199
ENSG00000172638.12,chr11,65872682,65873622,TSS,True,124,199
ENSG00000172638.12,chr11,65871156,65872019,TSS,False,99,199
ENSG00000084234.17,chr11,130122513,130126699,ES,False,75,173
ENSG00000084234.17,chr11,130069835,130070082,TSS,True,50,212
ENSG00000165912.15,chr11,47186348,47187001,TSS,True,74,137
ENSG00000165912.15,chr11,47183003,47186435,TSS,True,80,137
ENSG00000117984.13,chr11,1763791,1763988,TSS,True,291,1031
ENSG00000117984.13,chr11,1761308,1763976,TSS,True,912,1031
ENSG00000087365.15,chr11,66052324,66052517,TSS,True,19,121
ENSG00000087365.15,chr11,66068673,66069025,PAS,False,13,120
ENSG00000166333.13,chr11,6603822,6604225,3AS,False,379,469
ENSG00000150768.15,chr11,112025076,112025751,TSS,True,18,144
ENSG00000134333.13,chr11,18394559,18394636,TSS,False,156,608
ENSG00000134333.13,chr11,18400477,18401010,TSS,True,471,608
ENSG00000110108.9,chr11,60914006,60914268,TSS,False,63,107
ENSG00000213593.9,chr11,57737668,57737912,3AS,False,91,104
ENSG00000135387.20,chr11,34051660,34051871,TSS,True,36,111
ENSG00000135387.20,chr11,34052073,34052636,TSS,True,80,111
ENSG00000135387.20,chr11,34099302,34102610,PAS,True,15,111
ENSG00000135387.20,chr11,34097697,34102086,PAS,True,98,111
ENSG00000167986.13,chr11,61332907,61333791,TSS,True,39,220
ENSG00000172893.15,chr11,71448289,71448424,TSS,True,31,145
ENSG00000172893.15,chr11,71441226,71441446,TSS,False,130,145
ENSG00000149823.8,chr11,65096140,65096478,TSS,False,15,127
ENSG00000110080.18,chr11,126406545,126406942,5AS,False,45,330
ENSG00000121691.5,chr11,34438670,34439079,TSS,True,25,156
ENSG00000133816.15,chr11,12110536,12110726,TSS,True,33,121
ENSG00000133816.15,chr11,12263559,12263789,PAS,True,22,119
ENSG00000023191.16,chr11,502181,504823,3AS,False,61,123
ENSG00000023191.16,chr11,502181,507112,3AS,False,206,328
ENSG00000023191.16,chr11,507112,507279,TSS,True,243,579
ENSG00000023191.16,chr11,504823,506849,TSS,True,476,578
ENSG00000023191.16,chr11,504426,504709,TSS,False,489,578
ENSG00000134910.13,chr11,125592789,125592918,TSS,True,49,249
ENSG00000078902.15,chr11,1309465,1309673,TSS,True,16,140
ENSG00000205531.12,chr11,2945646,2951258,ES,False,189,266
ENSG00000205531.12,chr11,2992253,2992431,TSS,True,39,272
ENSG00000177697.18,chr11,833026,836062,ES,False,56,127
ENSG00000177697.18,chr11,832731,833026,TSS,True,68,195
ENSG00000177697.18,chr11,832949,833022,TSS,True,172,195
ENSG00000177697.18,chr11,834521,834591,TSS,False,173,195
ENSG00000050165.17,chr11,12009171,12009385,TSS,False,4022,5049
ENSG00000050165.17,chr11,12008369,12008649,TSS,True,1817,5049
ENSG00000076706.16,chr11,119317034,119317444,TSS,True,76,179
ENSG00000110321.16,chr11,10808704,10808980,TSS,True,106,343
ENSG00000166313.18,chr11,6418984,6419177,TSS,True,50,308
ENSG00000110435.11,chr11,34916571,34916815,TSS,True,26,258
ENSG00000142186.16,chr11,65536750,65537036,3AS,False,59,120
ENSG00000142186.16,chr11,65538182,65538441,ES,False,17,107
ENSG00000142186.16,chr11,65525031,65525264,TSS,True,22,127
ENSG00000142186.16,chr11,65538441,65538711,PAS,True,14,127
ENSG00000170242.17,chr11,11842224,11880176,ES,False,110,133
ENSG00000170242.17,chr11,11842224,11884466,ES,False,18,151
ENSG00000170242.17,chr11,11956000,11959323,PAS,True,68,152
ENSG00000170242.17,chr11,11942334,11943323,PAS,True,118,152
ENSG00000170242.17,chr11,11933003,11933552,PAS,True,129,151
ENSG00000149084.12,chr11,43680603,43680987,TSS,True,22,164
ENSG00000142082.14,chr11,216718,218831,5AS,False,87,108
ENSG00000142082.14,chr11,236047,236354,TSS,True,12,111
ENSG00000177830.17,chr11,910774,910894,TSS,True,14,105
ENSG00000149809.14,chr11,65111981,65112514,5AS,False,37,164
ENSG00000149809.14,chr11,65111854,65112067,TSS,True,48,175
ENSG00000149809.14,chr11,65111861,65111981,TSS,False,138,175
ENSG00000115286.19,chr19,1393330,1394417,IR,False,94,117
ENSG00000115286.19,chr19,1393330,1395390,3AS,False,87,182
ENSG00000115286.19,chr19,1393330,1395390,IR,False,87,110
ENSG00000115286.19,chr19,1383866,1383942,TSS,True,42,217
ENSG00000115286.19,chr19,1395390,1395589,PAS,True,118,205
ENSG00000115286.19,chr19,1393241,1395589,PAS,True,165,188
ENSG00000115286.19,chr19,1394417,1395588,PAS,True,111,205
ENSG00000257103.8,chr19,34221738,34227364,ES,False,60,100
ENSG00000130528.11,chr19,49151013,49151332,PAS,True,349,567
ENSG00000129353.14,chr19,10642451,10643278,ES,False,80,103
ENSG00000129353.14,chr19,10642451,10643278,3AS,False,80,103
ENSG00000129353.14,chr19,10602416,10602561,TSS,True,53,134
ENSG00000129353.14,chr19,10627917,10628004,TSS,True,106,134
ENSG00000129353.14,chr19,10643278,10644560,PAS,True,24,127
ENSG00000129353.14,chr19,10642896,10644559,PAS,True,104,127
ENSG00000179115.10,chr19,12933549,12933738,TSS,True,30,121
ENSG00000179115.10,chr19,12930222,12930324,TSS,True,104,121
ENSG00000065000.17,chr19,2100986,2102268,PAS,True,90,173
ENSG00000065000.17,chr19,2129317,2130576,TSS,True,124,174
ENSG00000104964.14,chr19,3061159,3061878,TSS,True,80,114
ENSG00000104964.14,chr19,3062699,3062999,TSS,True,66,114
ENSG00000105223.19,chr19,40348542,40348768,TSS,True,52,135
ENSG00000105223.19,chr19,40364079,40365930,TSS,False,117,135
ENSG00000179262.9,chr19,12949159,12949277,3AS,False,88,128
ENSG00000160633.12,chr19,5657347,5661520,3AS,False,108,202
ENSG00000160633.12,chr19,5667164,5667352,3AS,False,44,203
ENSG00000172009.14,chr19,2785484,2785678,TSS,True,17,122
ENSG00000099622.13,chr19,1272051,1272426,IR,False,403,487
ENSG00000099622.13,chr19,1272426,1274810,PAS,True,111,509
ENSG00000099622.13,chr19,1274648,1274810,PAS,True,439,513
ENSG00000105220.15,chr19,34365009,34365388,TSS,True,140,792
ENSG00000125730.16,chr19,6686745,6686902,TSS,True,90,102
ENSG00000130844.17,chr19,53538093,53538296,TSS,False,86,107
ENSG00000130844.17,chr19,53554825,53554888,TSS,True,48,106
ENSG00000006712.14,chr19,39390817,39391182,TSS,True,22,100
ENSG00000006712.14,chr19,39409518,39409727,TSS,True,89,100
ENSG00000073008.14,chr19,44643677,44644175,TSS,True,23,139
ENSG00000073008.14,chr19,44661739,44666156,PAS,True,36,129
ENSG00000073008.14,chr19,44658741,44663583,PAS,True,96,128
ENSG00000129991.12,chr19,55157561,55157733,TSS,True,18,171
ENSG00000142230.11,chr19,47130795,47131028,TSS,True,20,137
ENSG00000105135.15,chr19,15125655,15125819,TSS,False,197,524
ENSG00000105135.15,chr19,15124924,15125709,TSS,True,432,524
ENSG00000090006.17,chr19,40613367,40613529,TSS,True,90,105
ENSG00000090006.17,chr19,40616433,40617225,TSS,True,94,105
ENSG00000090006.17,chr19,40619345,40619493,TSS,True,91,105
ENSG00000090006.17,chr19,40601173,40601637,TSS,False,97,111
ENSG00000090006.17,chr19,40610649,40611394,TSS,True,93,105
ENSG00000105193.8,chr19,39433761,39435606,IR,False,98,110
ENSG00000105193.8,chr19,39435847,39435986,TSS,True,37,111
ENSG00000105193.8,chr19,39435606,39435710,TSS,True,75,111
ENSG00000068903.19,chr19,38893867,38899505,ES,False,82,105
ENSG00000130176.7,chr19,11538810,11538990,TSS,True,49,152
ENSG00000130176.7,chr19,11539918,11540021,TSS,False,112,152
ENSG00000167657.13,chr19,3971021,3971121,TSS,False,31,239
ENSG00000214456.8,chr19,4529866,4534014,ES,True,13,106
ENSG00000129351.17,chr19,10653912,10654487,TSS,True,66,124
ENSG00000079999.13,chr19,10503240,10503596,TSS,True,133,158
ENSG00000079999.13,chr19,10502696,10502838,TSS,False,51,158
ENSG00000079999.13,chr19,10499394,10500081,TSS,True,138,158
ENSG00000099624.7,chr19,1244440,1244736,IR,False,78,174
ENSG00000099624.7,chr19,1244314,1244825,PAS,True,81,177
ENSG00000099624.7,chr19,1244736,1244829,PAS,False,99,179
ENSG00000104870.12,chr19,49512261,49512750,TSS,True,73,147
ENSG00000104870.12,chr19,49513020,49513473,TSS,True,87,147
ENSG00000104805.15,chr19,48900264,48900372,TSS,False,133,903
ENSG00000104805.15,chr19,48900783,48900931,TSS,True,802,903
ENSG00000104823.8,chr19,38831720,38831916,TSS,False,34,324
ENSG00000066044.14,chr19,8005494,8005684,TSS,True,18,108
ENSG00000066044.14,chr19,7973724,7976229,TSS,False,90,104
ENSG00000269858.5,chr19,40799165,40799262,TSS,False,44,199
ENSG00000269858.5,chr19,40800218,40801415,TSS,True,157,199
ENSG00000077009.13,chr19,3933384,3933697,TSS,False,118,381
ENSG00000077009.13,chr19,3936573,3936665,TSS,False,330,381
ENSG00000104969.9,chr19,2783232,2783395,TSS,True,38,207
ENSG00000167676.4,chr19,4510445,4512051,TSS,True,136,221
ENSG00000105401.8,chr19,10395343,10395434,IR,False,238,291
ENSG00000197256.10,chr19,11194590,11195621,5AS,False,29,108
ENSG00000197256.10,chr19,11197484,11197587,TSS,True,100,213
ENSG00000126457.21,chr19,49677316,49680486,ES,False,95,112
ENSG00000099290.16,chr10,50097802,50104041,ES,True,34,236
ENSG00000099290.16,chr10,50125449,50127582,ES,False,73,221
ENSG00000099290.16,chr10,50067890,50068008,TSS,True,170,247
ENSG00000099290.16,chr10,50091554,50093386,TSS,True,106,247
ENSG00000099290.16,chr10,50132805,50133510,PAS,True,86,247
ENSG00000099290.16,chr10,50130900,50131074,PAS,True,196,247
ENSG00000148700.14,chr10,110007927,110008299,TSS,True,17,138
ENSG00000138279.15,chr10,73388414,73396518,ES,False,62,279
ENSG00000138279.15,chr10,73414011,73414088,TSS,True,30,284
ENSG00000123240.16,chr10,13100302,13109111,ES,False,271,304
ENSG00000123240.16,chr10,13116340,13118905,3AS,False,68,327
ENSG00000123240.16,chr10,13100036,13100302,TSS,True,36,342
ENSG00000123240.16,chr10,13136744,13138308,PAS,True,37,341
ENSG00000138347.15,chr10,68166353,68166666,TSS,True,109,128
ENSG00000138347.15,chr10,68174065,68174656,TSS,True,48,128
ENSG00000078114.18,chr10,20897124,20897629,TSS,True,108,147
ENSG00000148841.16,chr10,104338245,104338514,TSS,True,42,110
ENSG00000172661.18,chr10,45727189,45727320,TSS,True,53,105
ENSG00000172661.18,chr10,45752005,45752706,TSS,True,71,105
ENSG00000172661.18,chr10,45790355,45790499,PAS,True,92,105
ENSG00000172661.18,chr10,45792260,45792968,PAS,True,32,105
ENSG00000172661.18,chr10,45757011,45758524,PAS,True,90,101
ENSG00000107959.15,chr10,3172716,3172808,TSS,True,43,109
ENSG00000107959.15,chr10,3160203,3160790,TSS,True,96,109
ENSG00000107581.12,chr10,119033669,119036268,PAS,True,271,333
ENSG00000107581.12,chr10,119049862,119049985,PAS,True,241,322
ENSG00000107581.12,chr10,119050520,119050674,PAS,True,225,310
ENSG00000107581.12,chr10,119056747,119057040,PAS,True,277,309
ENSG00000107581.12,chr10,119058029,119058303,PAS,True,266,309
ENSG00000107581.12,chr10,119080627,119080883,TSS,True,37,333
ENSG00000151929.9,chr10,119651024,119651855,TSS,False,35,105
ENSG00000151929.9,chr10,119672457,119672656,TSS,True,81,105
ENSG00000138138.13,chr10,87818166,87818252,TSS,True,119,382
ENSG00000138138.13,chr10,87817794,87818213,TSS,False,286,382
ENSG00000122367.19,chr10,86668408,86668570,TSS,False,334,399
ENSG00000122367.19,chr10,86716356,86716771,TSS,True,256,294
ENSG00000122367.19,chr10,86732886,86736149,PAS,True,106,179
ENSG00000067057.16,chr10,3067340,3067707,TSS,True,41,270
ENSG00000095637.22,chr10,95311770,95315126,PAS,True,14,112
ENSG00000095637.22,chr10,95336520,95337240,TSS,True,96,152
ENSG00000148719.14,chr10,72332829,72334617,PAS,True,24,109
ENSG00000148719.14,chr10,72332835,72335931,PAS,True,84,106
ENSG00000266412.5,chr10,46030525,46030680,TSS,True,55,394
ENSG00000119938.8,chr10,91632955,91633070,TSS,False,35,292
ENSG00000122359.17,chr10,80172869,80205342,ES,False,125,294
ENSG00000122359.17,chr10,80205342,80205839,TSS,True,364,659
ENSG00000122359.17,chr10,80170799,80170918,TSS,True,485,659
ENSG00000122359.17,chr10,80168968,80169359,TSS,True,588,659
ENSG00000122359.17,chr10,80201258,80201660,TSS,True,584,659
ENSG00000150093.18,chr10,32901635,32908367,ES,False,161,305
ENSG00000150093.18,chr10,32958144,32958379,TSS,True,42,342
ENSG00000107562.16,chr10,44380762,44380862,TSS,True,100,123
ENSG00000107562.16,chr10,44384944,44385097,TSS,True,84,123
ENSG00000035403.17,chr10,73997891,73998375,TSS,True,291,344
ENSG00000166295.8,chr10,72216072,72223887,5AS,False,27,113
ENSG00000166295.8,chr10,72216023,72216138,TSS,True,38,138
ENSG00000166295.8,chr10,72215982,72216072,TSS,True,104,138
ENSG00000169813.16,chr10,43409130,43409209,TSS,True,130,358
ENSG00000169813.16,chr10,43407716,43407818,TSS,False,290,358
ENSG00000166135.13,chr10,100535927,100536135,TSS,True,15,107
ENSG00000197321.14,chr10,29457337,29458333,PAS,True,44,139
ENSG00000197321.14,chr10,29634419,29634973,TSS,False,111,139
ENSG00000197893.13,chr10,113588705,113589079,PAS,True,143,192
ENSG00000197893.13,chr10,113588714,113589082,PAS,True,164,192
ENSG00000197893.13,chr10,113631856,113631964,PAS,True,22,125
ENSG00000197893.13,chr10,113663810,113664121,TSS,True,85,196
ENSG00000170759.10,chr10,32034748,32034838,PAS,True,33,271
ENSG00000100664.10,chr14,103334182,103334260,TSS,False,18,101
ENSG00000197102.11,chr14,101964520,101964947,TSS,True,74,118
ENSG00000197102.11,chr14,102050434,102050799,PAS,True,44,118
ENSG00000092054.12,chr14,23412731,23412871,PAS,False,43,132
ENSG00000092054.12,chr14,23435619,23435764,TSS,False,95,132
ENSG00000184601.10,chr14,104588309,104588577,IR,True,95,149
ENSG00000184601.10,chr14,104579736,104580003,TSS,True,40,178
ENSG00000184601.10,chr14,104588273,104589846,PAS,True,105,159
ENSG00000184601.10,chr14,104588577,104589846,PAS,True,64,159
ENSG00000100934.14,chr14,39103031,39103243,TSS,True,34,299
ENSG00000165410.14,chr14,34714537,34714702,TSS,False,50,305
ENSG00000092199.17,chr14,21230366,21230996,5AS,False,98,134
ENSG00000092199.17,chr14,21234229,21269297,ES,False,28,127
ENSG00000100897.17,chr14,24114762,24114924,TSS,False,64,112
ENSG00000100897.17,chr14,24114097,24115293,TSS,False,68,112
ENSG00000100897.17,chr14,24114777,24115749,TSS,True,99,112
ENSG00000165795.23,chr14,21022497,21023240,ES,False,91,308
ENSG00000165795.23,chr14,21023321,21025028,ES,False,93,190
ENSG00000165795.23,chr14,21025028,21025111,TSS,True,179,371
ENSG00000165795.23,chr14,21022391,21025061,TSS,True,330,371
ENSG00000165795.23,chr14,21025676,21025758,TSS,False,302,371
ENSG00000133943.20,chr14,91114283,91157638,ES,False,100,135
ENSG00000133943.20,chr14,91170186,91173288,5AS,False,99,188
ENSG00000133943.20,chr14,91173403,91175933,5AS,False,25,190
ENSG00000133943.20,chr14,91114062,91114528,TSS,True,179,202
ENSG00000133943.20,chr14,91114038,91114283,TSS,True,65,202
ENSG00000140105.17,chr14,100361921,100375282,ES,False,19,178
ENSG00000140105.17,chr14,100369258,100375282,ES,False,133,152
ENSG00000140105.17,chr14,100376259,100376343,TSS,True,211,298
ENSG00000140105.17,chr14,100375282,100375628,TSS,True,125,298
ENSG00000071246.10,chr14,76761288,76763130,TSS,True,82,105
ENSG00000100650.15,chr14,69767251,69768137,5AS,False,44,149
ENSG00000100650.15,chr14,69767255,69768137,5AS,False,90,105
ENSG00000100650.15,chr14,69769251,69770466,IR,False,81,149
ENSG00000100650.15,chr14,69767092,69767255,TSS,True,69,159
ENSG00000100650.15,chr14,69767092,69767251,TSS,True,115,159
ENSG00000100650.15,chr14,69771193,69772012,PAS,True,25,157
ENSG00000170348.8,chr14,75176354,75176636,TSS,True,38,337
ENSG00000196136.17,chr14,94612443,94614433,5AS,False,27,106
ENSG00000196136.17,chr14,94612375,94612447,TSS,True,57,137
ENSG00000196136.17,chr14,94612389,94612443,TSS,True,110,137
ENSG00000196136.17,chr14,94614436,94615084,TSS,True,107,137
ENSG00000197616.11,chr14,23379692,23382063,PAS,True,1617,9474
ENSG00000197616.11,chr14,23390056,23390450,TSS,True,7504,8354
ENSG00000197616.11,chr14,23408252,23408465,TSS,False,7793,9474
ENSG00000197616.11,chr14,23398727,23400403,TSS,True,8358,9327
ENSG00000198668.10,chr14,90397026,90397233,TSS,True,100,643
ENSG00000100628.11,chr14,93976433,93976757,TSS,True,40,240
ENSG00000166183.15,chr14,104105450,104107181,ES,False,27,255
ENSG00000166183.15,chr14,104109315,104111919,ES,False,57,253
ENSG00000166183.15,chr14,104085512,104085852,TSS,True,61,273
ENSG00000072110.13,chr14,68877240,68879961,ME,False,105,300
ENSG00000072110.13,chr14,68978951,68979363,TSS,True,64,332
ENSG00000165516.10,chr14,49779675,49779747,IR,False,127,143
ENSG00000183576.12,chr14,99480727,99481192,TSS,True,66,267
ENSG00000183576.12,chr14,99465702,99465816,TSS,True,233,267
ENSG00000166165.12,chr14,103522765,103522848,TSS,True,301,584
ENSG00000166165.12,chr14,103521262,103521481,TSS,True,397,584
ENSG00000166165.12,chr14,103522022,103522833,TSS,True,516,584
ENSG00000078618.21,chr1,51788871,51789433,PAS,True,14,124
ENSG00000074800.15,chr1,8868057,8871890,ME,False,218,741
ENSG00000132716.18,chr1,160215713,160217708,PAS,True,13,128
ENSG00000132716.18,chr1,160262116,160262528,TSS,True,80,129
ENSG00000132716.18,chr1,160262448,160262618,TSS,False,106,129
ENSG00000132716.18,chr1,160262275,160262486,TSS,True,90,129
ENSG00000157881.13,chr1,2526463,2526624,TSS,True,19,102
ENSG00000143164.15,chr1,168004793,168022987,ES,False,71,153
ENSG00000143164.15,chr1,168004793,168038370,ES,False,18,172
ENSG00000143164.15,chr1,168045227,168063620,ES,False,108,166
ENSG00000143164.15,chr1,167936593,167937008,TSS,True,22,176
ENSG00000143164.15,chr1,168075370,168076498,PAS,True,66,176
ENSG00000143164.15,chr1,168063620,168064001,PAS,True,120,176
ENSG00000078808.16,chr1,1231891,1232067,TSS,True,41,292
ENSG00000117640.17,chr1,25819926,25820029,TSS,True,47,265
ENSG00000265972.5,chr1,145996016,145996580,TSS,False,124,227
ENSG00000265972.5,chr1,145994928,145996630,TSS,True,187,227
ENSG00000265972.5,chr1,145994015,145994123,TSS,True,202,227
ENSG00000265972.5,chr1,145995143,145996579,TSS,False,189,227
ENSG00000116260.16,chr1,180196599,180197332,5AS,True,164,209
ENSG00000116260.16,chr1,180196599,180197332,IR,False,164,231
ENSG00000116260.16,chr1,180196890,180197332,IR,False,41,108
ENSG00000116260.16,chr1,180154800,180155172,TSS,True,163,303
ENSG00000116260.16,chr1,180182171,180182319,TSS,True,232,303
ENSG00000116260.16,chr1,180196261,180200294,PAS,True,205,272
ENSG00000116260.16,chr1,180197332,180200293,PAS,True,91,301
ENSG00000135842.16,chr1,184974301,184974918,TSS,False,160,398
ENSG00000143549.19,chr1,154170711,154172907,ME,False,150,322
ENSG00000143549.19,chr1,154156355,154157721,PAS,True,151,329
ENSG00000143549.19,chr1,154167465,154167940,PAS,False,189,329
ENSG00000143549.19,chr1,154182987,154183224,TSS,True,188,335
ENSG00000143549.19,chr1,154191901,154192135,TSS,True,161,335
ENSG00000265107.2,chr1,147773251,147773646,TSS,True,88,117
ENSG00000265107.2,chr1,147760498,147761029,TSS,False,41,116
ENSG00000121769.7,chr1,31359589,31360830,PAS,True,648,799
ENSG00000121769.7,chr1,31364015,31365939,PAS,True,196,799
ENSG00000132128.16,chr1,46285361,46286494,TSS,False,90,107
ENSG00000132128.16,chr1,46303123,46303379,TSS,True,25,107
ENSG00000116171.17,chr1,52927245,52927465,TSS,True,119,199
ENSG00000116171.17,chr1,53014890,53015043,TSS,True,87,193
ENSG00000188976.10,chr1,944800,945056,5AS,False,148,247
ENSG00000090686.15,chr1,21729829,21736445,3AS,False,17,101
ENSG00000090686.15,chr1,21721031,21721166,PAS,True,46,104
ENSG00000090686.15,chr1,21721035,21721163,PAS,True,87,104
ENSG00000090686.15,chr1,21724818,21728719,PAS,True,85,103
ENSG00000116209.11,chr1,54040837,54041723,3AS,True,178,240
ENSG00000077549.17,chr1,19339617,19344357,ES,False,88,211
ENSG00000198626.15,chr1,237496560,237496752,TSS,True,207,266
ENSG00000198626.15,chr1,237590072,237590992,TSS,True,183,252
ENSG00000198626.15,chr1,237659984,237660076,PAS,True,76,193
ENSG00000198626.15,chr1,237654273,237654410,PAS,True,163,190
ENSG00000198626.15,chr1,237783674,237784973,PAS,True,212,255
ENSG00000084623.11,chr1,32222378,32222444,TSS,True,26,112
ENSG00000084623.11,chr1,32222440,32222630,TSS,True,91,112
ENSG00000066136.20,chr1,40691587,40691867,TSS,True,15,111
ENSG00000066136.20,chr1,40770708,40771603,PAS,True,16,107
ENSG00000077157.21,chr1,202564547,202567780,3AS,True,34,158
ENSG00000077157.21,chr1,202462713,202463097,TSS,False,135,244
ENSG00000077157.21,chr1,202580473,202588569,PAS,True,22,179
ENSG00000158859.9,chr1,161189730,161191564,PAS,False,25,128
ENSG00000158859.9,chr1,161197994,161199592,TSS,True,51,132
ENSG00000158859.9,chr1,161193934,161194301,TSS,True,80,111
ENSG00000162734.12,chr1,160205356,160205522,TSS,True,27,113
ENSG00000117298.15,chr1,21217246,21220131,PAS,True,13,115
ENSG00000117298.15,chr1,21345375,21345560,TSS,True,77,150
ENSG00000178104.19,chr1,149010595,149016298,ES,False,13,100
ENSG00000178104.19,chr1,149021153,149026714,ES,False,29,132
ENSG00000178104.19,chr1,148889404,148889894,TSS,True,228,465
ENSG00000178104.19,chr1,149024442,149024684,TSS,True,166,190
ENSG00000178104.19,chr1,149009900,149010595,TSS,True,153,192
ENSG00000178104.19,chr1,148974513,148974594,PAS,True,177,297
ENSG00000178104.19,chr1,149031999,149033019,PAS,True,291,461
ENSG00000143612.20,chr1,154214574,154220341,ES,False,61,339
ENSG00000133065.10,chr1,205812807,205813196,TSS,False,43,103
ENSG00000157916.19,chr1,2391958,2395783,ES,False,95,115
ENSG00000157916.19,chr1,2391762,2391958,TSS,True,28,143
ENSG00000163050.16,chr1,226940255,226940399,TSS,False,67,261
ENSG00000163050.16,chr1,226964994,226965410,TSS,True,225,261
ENSG00000117335.19,chr1,207767195,207770320,ES,False,79,115
ENSG00000117335.19,chr1,207785682,207793518,ES,False,68,124
ENSG00000097033.14,chr1,86704565,86704971,TSS,True,21,180
ENSG00000009307.15,chr1,114739890,114749820,ES,False,158,616
ENSG00000009307.15,chr1,114757924,114758025,TSS,True,85,674
ENSG00000118194.18,chr1,201359007,201359255,PAS,True,38,337
ENSG00000118194.18,chr1,201368161,201371078,TSS,True,303,346
ENSG00000118194.18,chr1,201364297,201364375,TSS,True,292,340
ENSG00000118194.18,chr1,201372026,201375128,TSS,True,241,354
ENSG00000142864.14,chr1,67424277,67424887,3AS,False,93,143
ENSG00000142864.14,chr1,67424959,67425082,3AS,False,64,143
ENSG00000116688.16,chr1,11980484,11981973,3AS,True,39,198
ENSG00000116688.16,chr1,11982114,11989164,ES,False,159,206
ENSG00000116688.16,chr1,11980199,11980484,TSS,True,378,584
ENSG00000168118.11,chr1,229271109,229271370,TSS,True,15,107
ENSG00000221986.6,chr1,109292464,109294205,3AS,False,123,154
ENSG00000221986.6,chr1,109297189,109297490,5AS,True,20,148
ENSG00000221986.6,chr1,109292363,109292464,PAS,False,34,157
ENSG00000221986.6,chr1,109292361,109293005,PAS,True,135,157
ENSG00000018625.14,chr1,160115717,160115873,TSS,True,75,100
ENSG00000018625.14,chr1,160130420,160130597,TSS,True,80,100
ENSG00000018625.14,chr1,160134482,160134620,TSS,True,89,100
ENSG00000018625.14,chr1,160135836,160135993,TSS,True,73,100
ENSG00000117748.9,chr1,27914062,27914742,TSS,True,90,103
ENSG00000117748.9,chr1,27914433,27914762,TSS,False,17,103
ENSG00000127054.20,chr1,1324580,1324724,TSS,True,21,106
ENSG00000135744.7,chr1,230714085,230714144,TSS,False,20,135
ENSG00000143537.13,chr1,155060343,155062244,ES,False,76,171
ENSG00000143537.13,chr1,155051251,155051465,TSS,True,37,181
ENSG00000135821.18,chr1,182391678,182391826,TSS,True,120,172
ENSG00000135821.18,chr1,182391174,182391916,TSS,True,153,172
ENSG00000135821.18,chr1,182385356,182385553,TSS,True,153,172
ENSG00000158710.14,chr1,159925449,159925570,TSS,True,26,219
ENSG00000152061.23,chr1,174637373,174990400,PAS,True,21,175
ENSG00000118729.11,chr1,115768307,115768887,TSS,False,150,948
ENSG00000142661.18,chr1,24112030,24112217,TSS,False,87,108
ENSG00000122218.15,chr1,160343130,160343536,TSS,True,26,194
ENSG00000154358.20,chr1,228341094,228341253,TSS,True,114,141
ENSG00000154358.20,chr1,228378617,228378882,PAS,True,107,146
ENSG00000159346.12,chr1,202951164,202958184,ES,False,448,507
ENSG00000221978.11,chr1,1385709,1387582,PAS,True,14,104
ENSG00000221978.11,chr1,1399018,1399786,TSS,True,46,106
ENSG00000196352.15,chr1,207359545,207360966,PAS,True,18,108
ENSG00000196352.15,chr1,207340390,207340776,PAS,True,94,108
ENSG00000169504.14,chr1,24745325,24745625,TSS,True,29,237
ENSG00000119280.16,chr1,230868179,230868573,TSS,True,19,139
ENSG00000159388.5,chr1,203305497,203305748,TSS,True,38,150
ENSG00000215861.5,chr1,149190531,149197995,3AS,True,157,201
ENSG00000215861.5,chr1,149187069,149190531,PAS,True,216,377
ENSG00000215861.5,chr1,149187056,149188789,PAS,True,339,377
ENSG00000215861.5,chr1,149195877,149198171,PAS,False,279,375
ENSG00000077522.12,chr1,236686451,236686799,TSS,True,460,4335
ENSG00000173641.17,chr1,16017764,16018046,TSS,True,783,1414
ENSG00000173641.17,chr1,16017073,16017195,TSS,True,1072,1414
ENSG00000136628.17,chr1,219987262,219987404,PAS,False,25,158
ENSG00000083444.16,chr1,11934647,11934855,TSS,True,27,114
ENSG00000010803.16,chr1,41242058,41242330,TSS,True,80,100
ENSG00000010803.16,chr1,41113282,41113460,TSS,True,87,100
ENSG00000122406.13,chr1,92841765,92841924,PAS,True,14,113
ENSG00000122406.13,chr1,92840550,92841919,PAS,True,99,112
ENSG00000143248.12,chr1,163202791,163203075,TSS,True,37,163
ENSG00000160789.19,chr1,156137653,156140079,PAS,True,164,507
ENSG00000160789.19,chr1,156139079,156140087,PAS,True,352,512
ENSG00000131236.16,chr1,40040783,40059336,5AS,False,22,104
ENSG00000131236.16,chr1,40059458,40060069,3AS,False,16,146
ENSG00000131236.16,chr1,40040240,40040801,TSS,True,56,157
ENSG00000131236.16,chr1,40040243,40040783,TSS,True,120,157
ENSG00000162413.16,chr1,6601796,6602913,TSS,True,28,104
ENSG00000143774.16,chr1,228140363,228145510,ES,False,64,140
ENSG00000143774.16,chr1,228140225,228140363,TSS,True,18,159
ENSG00000162704.15,chr1,183635516,183635940,TSS,True,22,121
ENSG00000162704.15,chr1,183630460,183630639,TSS,True,102,121
ENSG00000143570.17,chr1,153963494,153963554,TSS,True,41,240
ENSG00000170989.9,chr1,101236898,101237099,TSS,True,58,225
ENSG00000143393.16,chr1,151307801,151315572,ES,False,186,241
ENSG00000143393.16,chr1,151307573,151307743,TSS,True,251,289
ENSG00000143393.16,chr1,151327270,151327710,TSS,True,251,289
ENSG00000143393.16,chr1,151315572,151316429,TSS,True,78,289
ENSG00000183072.9,chr5,173233209,173234749,3AS,False,160,247
ENSG00000183072.9,chr5,173232107,173233501,PAS,True,180,252
ENSG00000183072.9,chr5,173232109,173233209,PAS,False,88,252
ENSG00000183072.9,chr5,173234749,173235209,TSS,True,28,278
ENSG00000112936.18,chr5,40909273,40909616,TSS,False,76,236
ENSG00000112936.18,chr5,40972436,40972594,TSS,True,193,232
ENSG00000113231.13,chr5,77350804,77351153,TSS,True,37,105
ENSG00000113231.13,chr5,77180257,77180486,TSS,True,93,105
ENSG00000113231.13,chr5,77349473,77349559,TSS,True,91,105
ENSG00000113140.10,chr5,151686864,151687036,TSS,True,107,398
ENSG00000013561.17,chr5,141969030,141969167,TSS,False,56,128
ENSG00000013561.17,chr5,141969104,141969234,TSS,True,106,128
ENSG00000013561.17,chr5,141980067,141980351,TSS,True,112,127
ENSG00000133835.15,chr5,119452434,119452633,TSS,True,21,152
ENSG00000112992.16,chr5,43602722,43603294,TSS,True,331,682
ENSG00000112992.16,chr5,43644244,43644325,TSS,True,512,680
ENSG00000213585.10,chr5,133993015,134004646,3AS,False,208,954
ENSG00000120729.9,chr5,137867858,137867953,TSS,True,45,145
ENSG00000120729.9,chr5,137870440,137871007,TSS,True,104,145
ENSG00000153113.23,chr5,96722698,96727488,ES,False,25,221
ENSG00000153113.23,chr5,96727530,96729611,ES,False,28,226
ENSG00000153113.23,chr5,96762372,96765223,3AS,False,64,223
ENSG00000153113.23,chr5,96662077,96662497,TSS,True,228,265
ENSG00000153113.23,chr5,96702645,96702915,TSS,True,85,265
ENSG00000153113.23,chr5,96772639,96774683,PAS,True,47,262
ENSG00000164309.14,chr5,79689684,79690056,TSS,False,208,342
ENSG00000164309.14,chr5,79733625,79739403,TSS,False,93,177
ENSG00000164309.14,chr5,79799369,79800611,PAS,True,166,340
ENSG00000164309.14,chr5,79728914,79732784,PAS,True,74,134
ENSG00000131446.16,chr5,180802679,180802855,TSS,True,77,273
ENSG00000113328.18,chr5,163437664,163437764,IR,False,111,285
ENSG00000113328.18,chr5,163437578,163437804,TSS,True,115,288
ENSG00000113328.18,chr5,163437594,163437664,TSS,True,177,288
ENSG00000145907.14,chr5,151772036,151786602,3AS,False,46,196
ENSG00000145907.14,chr5,151771913,151772036,TSS,True,22,218
ENSG00000019582.14,chr5,150402625,150404679,ES,False,117,146
ENSG00000198624.12,chr5,151223922,151224138,TSS,True,71,143
ENSG00000113282.13,chr5,157789513,157791702,3AS,False,101,219
ENSG00000113048.16,chr5,72320148,72320261,TSS,True,17,160
ENSG00000113712.17,chr5,149496860,149505482,5AS,False,145,216
ENSG00000113712.17,chr5,149513209,149520289,ES,False,204,238
ENSG00000113712.17,chr5,149492981,149496860,PAS,True,31,247
ENSG00000145730.20,chr5,103019843,103028181,ES,False,391,1717
ENSG00000145730.20,chr5,103019843,103028184,ES,False,360,2536
ENSG00000145730.20,chr5,103019843,103028184,3AS,False,360,2077
ENSG00000145730.20,chr5,103025334,103028184,3AS,False,2135,3462
ENSG00000145730.20,chr5,102755028,102755348,TSS,False,3499,4439
ENSG00000145730.20,chr5,102865497,102866284,TSS,True,1200,4439
ENSG00000044115.20,chr5,138753379,138753510,TSS,True,71,489
ENSG00000072682.18,chr5,132195480,132198878,ME,False,184,263
ENSG00000072682.18,chr5,132218644,132227789,ES,False,199,240
ENSG00000072682.18,chr5,132227789,132227891,TSS,False,27,268
ENSG00000112977.15,chr5,10761013,10761272,TSS,True,16,131
ENSG00000131730.15,chr5,81233377,81251112,5AS,False,431,562
ENSG00000131730.15,chr5,81232638,81233377,TSS,True,174,619
ENSG00000131730.15,chr5,81232736,81233381,TSS,True,487,619
ENSG00000131711.14,chr5,72107198,72107715,TSS,True,107,451
ENSG00000131711.14,chr5,72205083,72209568,PAS,False,370,439
ENSG00000161011.19,chr5,179820881,179821141,TSS,True,88,361
ENSG00000067113.16,chr5,55468149,55534571,ME,False,33,263
ENSG00000039537.13,chr5,41213375,41213756,TSS,True,26,151
ENSG00000184584.12,chr5,139476454,139478269,ES,False,15,123
ENSG00000184584.12,chr5,139482209,139482861,TSS,True,101,123
ENSG00000184584.12,chr5,139482549,139482768,TSS,True,28,123
ENSG00000134352.19,chr5,55994783,55995023,TSS,True,21,106
ENSG00000127022.14,chr5,179698902,179699102,TSS,True,131,763
ENSG00000015479.18,chr5,139293607,139293805,TSS,True,62,438
ENSG00000015479.18,chr5,139329344,139331366,PAS,True,45,438
ENSG00000172348.14,chr6,46248722,46248898,TSS,True,62,198
ENSG00000124762.13,chr6,36678709,36678798,TSS,True,20,152
ENSG00000112773.15,chr6,81749617,81750471,PAS,True,12,111
ENSG00000112773.15,chr6,81752430,81752737,TSS,True,30,111
ENSG00000112773.15,chr6,81752375,81752681,TSS,True,97,111
ENSG00000234745.10,chr6,31357085,31357218,TSS,True,38,131
ENSG00000234745.10,chr6,31356687,31357179,TSS,True,109,131
ENSG00000071242.11,chr6,166626920,166627281,TSS,False,124,145
ENSG00000112759.17,chr6,44219782,44227262,3AS,False,108,122
ENSG00000112759.17,chr6,44219282,44219782,TSS,True,186,318
ENSG00000112759.17,chr6,44223542,44223641,TSS,True,221,318
ENSG00000111897.6,chr6,122471698,122471853,TSS,False,67,327
ENSG00000120265.17,chr6,149802369,149810615,5AS,False,18,162
ENSG00000124570.19,chr6,2971532,2972165,TSS,True,58,246
ENSG00000124570.19,chr6,2971247,2971528,TSS,True,214,246
ENSG00000198563.13,chr6,31541949,31542461,TSS,True,18,106
ENSG00000198755.10,chr6,35469027,35469380,IR,False,99,138
ENSG00000198755.10,chr6,35469529,35470178,IR,True,115,138
ENSG00000198755.10,chr6,35468322,35468439,TSS,False,16,146
ENSG00000096060.14,chr6,35688803,35688999,TSS,False,21,177
ENSG00000092820.17,chr6,158819316,158819418,TSS,True,183,607
ENSG00000092820.17,chr6,158818081,158818419,TSS,True,455,607
ENSG00000137312.14,chr6,30742526,30742825,TSS,True,40,349
ENSG00000124615.19,chr6,39934294,39934509,TSS,True,55,100
ENSG00000124615.19,chr6,39927328,39927464,TSS,True,56,100
ENSG00000206503.12,chr6,29942481,29942626,TSS,True,33,231
ENSG00000206503.12,chr6,29942531,29943026,TSS,True,205,231
ENSG00000112186.11,chr6,17393228,17393746,TSS,True,11,107
ENSG00000224389.9,chr6,32029563,32029798,TSS,False,116,130
ENSG00000224389.9,chr6,32014729,32014910,TSS,True,110,131
ENSG00000224389.9,chr6,32015278,32015657,TSS,True,102,131
ENSG00000096696.13,chr6,7541332,7542085,TSS,True,95,379
ENSG00000096696.13,chr6,7574656,7574793,PAS,True,262,325
ENSG00000096696.13,chr6,7579274,7581275,PAS,True,121,332
ENSG00000096696.13,chr6,7582641,7586703,PAS,True,304,340
ENSG00000204592.8,chr6,30489472,30489595,TSS,False,38,259
ENSG00000137409.19,chr6,36970694,36972702,5AS,False,220,439
ENSG00000112576.12,chr6,42048500,42048962,TSS,True,137,156
ENSG00000112576.12,chr6,41941451,41941880,TSS,False,26,155
ENSG00000131165.14,chr16,89657581,89657726,TSS,True,17,164
ENSG00000140945.16,chr16,83779990,83780201,TSS,True,97,108
ENSG00000140945.16,chr16,82626916,82627140,TSS,True,53,114
ENSG00000140945.16,chr16,83795022,83796609,PAS,True,12,114
ENSG00000167508.11,chr16,88663010,88663148,TSS,True,18,112
ENSG00000103512.14,chr16,14833688,14834016,TSS,True,44,105
ENSG00000205937.11,chr16,2268054,2268391,TSS,False,17,105
ENSG00000140983.13,chr16,668699,670122,ES,False,32,155
ENSG00000140983.13,chr16,670175,670265,3AS,False,18,163
ENSG00000140983.13,chr16,671000,671082,IR,False,95,170
ENSG00000140983.13,chr16,672384,672488,IR,False,168,195
ENSG00000140983.13,chr16,668079,668236,TSS,True,56,202
ENSG00000124067.16,chr16,67968438,67968667,TSS,True,78,163
ENSG00000124067.16,chr16,67952183,67952427,TSS,True,145,163
ENSG00000103479.15,chr16,53490129,53491649,PAS,True,62,101
ENSG00000140943.16,chr16,84087357,84087465,TSS,True,97,108
ENSG00000140943.16,chr16,84116734,84116991,TSS,True,51,109
ENSG00000182149.20,chr16,71923380,71927613,ES,True,14,120
ENSG00000185739.13,chr16,4242006,4242268,TSS,True,161,1176
ENSG00000257017.8,chr16,72057466,72060111,ES,False,43,142
ENSG00000140682.18,chr16,31472130,31472201,TSS,True,25,125
ENSG00000179889.18,chr16,14974991,14975220,TSS,True,21,181
ENSG00000179889.18,chr16,15036015,15037698,PAS,True,34,178
ENSG00000149925.18,chr16,30065720,30065927,TSS,True,810,7422
ENSG00000167191.11,chr16,19871815,19872200,TSS,True,99,139
ENSG00000167191.11,chr16,19884726,19884922,TSS,True,47,139
ENSG00000141002.19,chr16,89907322,89910590,ES,False,128,154
ENSG00000141002.19,chr16,89873534,89873859,TSS,True,16,159
ENSG00000185164.14,chr16,18561875,18562171,TSS,True,44,114
ENSG00000185164.14,chr16,18520764,18522014,TSS,True,102,114
ENSG00000065427.14,chr16,75641723,75647577,ES,False,145,175
ENSG00000103415.11,chr16,4476487,4505483,ES,False,120,150
ENSG00000103423.13,chr16,4450497,4455545,ES,False,142,192
ENSG00000167526.13,chr16,89560649,89560712,TSS,False,25,142
ENSG00000133392.17,chr16,15703133,15704123,PAS,True,59,110
ENSG00000133392.17,chr16,15856940,15857362,TSS,True,53,110
ENSG00000006007.11,chr16,19517185,19521703,3AS,False,14,133
ENSG00000172831.11,chr16,66935711,66938036,5AS,False,124,145
ENSG00000172831.11,chr16,66934418,66935711,TSS,True,45,172
ENSG00000172831.11,chr16,66934033,66935976,TSS,True,147,172
ENSG00000090861.15,chr16,70289420,70289555,TSS,False,35,146
ENSG00000131149.18,chr16,85655839,85656665,TSS,True,88,103
ENSG00000131149.18,chr16,85660881,85661765,TSS,False,60,103
ENSG00000103034.14,chr16,58464095,58464467,TSS,True,224,394
ENSG00000103034.14,chr16,58463373,58463797,TSS,True,258,394
ENSG00000184110.14,chr16,28711448,28711518,TSS,True,108,1020
ENSG00000167930.15,chr16,259599,259995,3AS,False,59,341
ENSG00000167930.15,chr16,234790,234857,TSS,True,115,408
ENSG00000167930.15,chr16,247476,249654,TSS,True,365,408
ENSG00000013364.18,chr16,29820510,29830514,3AS,False,77,102
ENSG00000013364.18,chr16,29820419,29820510,TSS,True,39,141
ENSG00000013364.18,chr16,29844533,29844879,TSS,True,125,141
ENSG00000103507.13,chr16,31112027,31112120,IR,False,71,118
ENSG00000103507.13,chr16,31108368,31108479,TSS,True,23,119
ENSG00000103507.13,chr16,31108400,31109418,TSS,True,98,119
ENSG00000103507.13,chr16,31112120,31112837,PAS,True,47,118
ENSG00000103507.13,chr16,31111868,31113359,PAS,True,71,118
ENSG00000162032.15,chr16,1778321,1778434,IR,False,69,116
ENSG00000162032.15,chr16,1782501,1782582,TSS,False,20,119
ENSG00000162032.15,chr16,1781357,1782507,TSS,True,101,119
ENSG00000132612.15,chr16,69311311,69311532,TSS,False,21,198
ENSG00000133313.14,chr18,74496431,74499936,3AS,False,43,128
ENSG00000133313.14,chr18,74496269,74496431,TSS,True,24,154
ENSG00000101605.12,chr18,3219802,3220010,TSS,True,159,226
ENSG00000101605.12,chr18,3094169,3094281,TSS,True,168,212
ENSG00000101605.12,chr18,3134649,3134754,TSS,True,139,215
ENSG00000101608.12,chr18,3247784,3247909,TSS,True,78,295
ENSG00000101608.12,chr18,3252133,3252325,TSS,False,222,292
ENSG00000166974.12,chr18,35041387,35041661,TSS,False,28,119
ENSG00000134440.11,chr18,57620648,57621707,3AS,False,59,227
ENSG00000170558.8,chr18,28176962,28178071,TSS,False,61,206
ENSG00000170558.8,chr18,28013682,28013910,TSS,True,176,206
ENSG00000102225.15,chrX,47218679,47219105,TSS,True,30,245
ENSG00000182287.14,chrX,15827372,15845378,ES,False,67,146
ENSG00000214717.11,chrX,2490769,2500816,3AS,False,32,100
ENSG00000214717.11,chrX,2486435,2490769,PAS,True,70,102
ENSG00000214717.11,chrX,2486424,2490772,PAS,True,33,102
ENSG00000214717.11,chrX,2500816,2500976,TSS,True,16,117
ENSG00000130066.16,chrX,23783883,23784293,IR,False,15,110
ENSG00000130066.16,chrX,23783883,23785327,IR,True,145,240
ENSG00000130066.16,chrX,23784403,23785327,IR,True,12,110
ENSG00000126947.12,chrX,101550660,101550973,3AS,True,27,106
ENSG00000101955.14,chrX,38174351,38220695,ES,False,56,262
ENSG00000071889.16,chrX,154507490,154508288,ES,False,12,118
ENSG00000071889.16,chrX,154507861,154508288,3AS,False,88,106
ENSG00000071889.16,chrX,154515812,154515909,IR,False,38,115
ENSG00000071889.16,chrX,154515909,154516285,TSS,True,82,120
ENSG00000071889.16,chrX,154515759,154516267,TSS,True,43,120
ENSG00000196924.15,chrX,154353553,154354201,TSS,False,204,329
ENSG00000179222.17,chrX,51803012,51803117,TSS,False,100,124
ENSG00000179222.17,chrX,51893605,51893755,TSS,True,83,124
ENSG00000179222.17,chrX,51895045,51895760,TSS,True,90,124
ENSG00000179222.17,chrX,51894105,51897077,TSS,True,101,124
ENSG00000101940.17,chrX,48598037,48598750,3AS,False,55,301
ENSG00000101940.17,chrX,48597474,48597614,TSS,False,106,320
ENSG00000101940.17,chrX,48597505,48598037,TSS,True,234,320
ENSG00000022267.16,chrX,136147446,136147628,TSS,True,352,440
ENSG00000022267.16,chrX,136197023,136197134,TSS,True,287,440
ENSG00000102181.20,chrX,150898521,150898759,TSS,True,29,117
ENSG00000102024.17,chrX,115561106,115561260,TSS,True,40,148
ENSG00000102024.17,chrX,115593273,115593632,TSS,True,114,147
ENSG00000102316.16,chrX,54807596,54807802,TSS,True,56,179
ENSG00000102316.16,chrX,54808334,54808433,TSS,True,136,179
ENSG00000126945.8,chrX,101408307,101411935,5AS,True,49,279
ENSG00000126945.8,chrX,101408188,101408319,TSS,False,54,284
ENSG00000126945.8,chrX,101408209,101408307,TSS,True,235,284
ENSG00000005893.15,chrX,120428045,120431462,PAS,True,102,162
ENSG00000005893.15,chrX,120436493,120439293,PAS,True,80,162
ENSG00000005893.15,chrX,120426148,120428626,PAS,False,142,162
ENSG00000102401.19,chrX,101623276,101623813,3AS,False,103,128
ENSG00000147403.16,chrX,154399941,154400463,IR,False,219,254
ENSG00000147403.16,chrX,154400626,154400701,IR,False,223,256
ENSG00000147403.16,chrX,154400701,154400917,PAS,True,33,256
ENSG00000147403.16,chrX,154399802,154400917,PAS,True,223,253
ENSG00000147274.14,chrX,136869186,136870417,PAS,True,145,169
ENSG00000147274.14,chrX,136873443,136874452,PAS,True,33,167
ENSG00000134871.18,chr13,110507941,110508221,TSS,True,114,136
ENSG00000134871.18,chr13,110307021,110307528,TSS,True,140,167
ENSG00000134871.18,chr13,110505605,110506606,TSS,True,111,136
ENSG00000134871.18,chr13,110511933,110513032,PAS,True,31,162
ENSG00000102683.7,chr13,23181075,23203694,ES,True,111,154
ENSG00000102683.7,chr13,23180874,23181075,TSS,False,18,172
ENSG00000187498.15,chr13,110148868,110150444,PAS,True,32,143
ENSG00000187498.15,chr13,110306943,110307669,TSS,True,133,158
ENSG00000187498.15,chr13,110198466,110198638,TSS,True,130,149
ENSG00000120686.11,chr13,38360710,38363005,PAS,True,15,110
ENSG00000183087.14,chr13,113863832,113864108,TSS,True,253,749
ENSG00000183087.14,chr13,113838068,113838773,TSS,True,642,749
ENSG00000133104.13,chr13,36346224,36346505,TSS,False,56,133
ENSG00000133104.13,chr13,36346581,36346780,TSS,True,102,133
ENSG00000126226.21,chr13,113177538,113177976,PAS,True,92,118
ENSG00000126226.21,chr13,113177329,113178287,PAS,True,49,117
ENSG00000126226.21,chr13,113177535,113178008,PAS,True,98,118
ENSG00000120694.19,chr13,31134875,31137524,PAS,True,69,110
ENSG00000120694.19,chr13,31137193,31138568,PAS,False,97,110
ENSG00000120694.19,chr13,31140206,31140309,PAS,True,85,110
ENSG00000120694.19,chr13,31143790,31143923,PAS,True,90,110
ENSG00000120694.19,chr13,31161475,31162017,TSS,False,14,110
ENSG00000120694.19,chr13,31161981,31162365,TSS,True,97,110
ENSG00000122642.10,chr7,32957392,32957794,TSS,True,17,163
ENSG00000106608.16,chr7,43906561,43906817,TSS,True,20,110
ENSG00000135218.18,chr7,80602154,80602379,TSS,True,246,711
ENSG00000135218.18,chr7,80638500,80638746,TSS,True,533,711
ENSG00000135218.18,chr7,80673982,80674420,PAS,True,266,690
ENSG00000135218.18,chr7,80676383,80679276,PAS,False,456,697
ENSG00000136235.16,chr7,23260773,23266516,3AS,False,98,112
ENSG00000136235.16,chr7,23246731,23246927,TSS,True,16,131
ENSG00000136235.16,chr7,23274064,23275108,PAS,True,18,130
ENSG00000105993.14,chr7,157385540,157386324,PAS,True,377,440
ENSG00000105993.14,chr7,157416015,157417440,PAS,True,65,445
ENSG00000146701.11,chr7,76048045,76048226,TSS,False,40,326
ENSG00000015676.17,chr7,44490408,44490692,TSS,True,15,136
ENSG00000136261.14,chr7,16645855,16646288,TSS,True,55,107
ENSG00000136261.14,chr7,16646140,16646304,TSS,True,91,107
ENSG00000136261.14,chr7,16661206,16661252,TSS,True,91,107
ENSG00000122566.21,chr7,26197732,26200571,ES,False,96,114
ENSG00000122566.21,chr7,26190124,26192338,PAS,True,13,116
ENSG00000158604.14,chr7,44577896,44579628,PAS,False,27,109
ENSG00000158604.14,chr7,44577900,44581239,PAS,True,83,109
ENSG00000122550.17,chr7,23106146,23123776,ES,False,127,157
ENSG00000122550.17,chr7,23174014,23175421,PAS,True,19,173
ENSG00000105974.11,chr7,116524979,116525092,TSS,True,309,360
ENSG00000105974.11,chr7,116525191,116525805,TSS,True,301,360
ENSG00000105974.11,chr7,116526328,116526689,TSS,True,208,360
ENSG00000164692.17,chr7,94394693,94395101,TSS,True,94,517
ENSG00000106617.13,chr7,151595451,151632068,3AS,True,30,141
ENSG00000106617.13,chr7,151632068,151632538,TSS,True,160,210
ENSG00000106617.13,chr7,151576370,151576410,TSS,True,176,209
ENSG00000106617.13,chr7,151570170,151570226,TSS,True,178,199
ENSG00000106617.13,chr7,151735899,151736485,TSS,True,126,214
ENSG00000164896.19,chr7,151080684,151080883,TSS,True,26,169
ENSG00000128591.15,chr7,128849329,128849578,TSS,True,192,224
ENSG00000128591.15,chr7,128852821,128853031,TSS,True,201,224
ENSG00000128591.15,chr7,128852942,128853621,TSS,True,186,224
ENSG00000128609.14,chr7,123557774,123557826,TSS,False,95,635
ENSG00000128609.14,chr7,123557403,123557455,TSS,True,562,635
ENSG00000075790.10,chr7,107618327,107623311,PAS,True,28,150
ENSG00000128595.16,chr7,128748804,128758870,ME,False,214,1312
ENSG00000164828.17,chr7,816673,838797,ES,False,18,105
ENSG00000164828.17,chr7,849603,851949,ES,True,11,100
ENSG00000164828.17,chr7,852667,852812,3AS,False,30,128
ENSG00000164828.17,chr7,815868,816673,TSS,True,51,157
ENSG00000164828.17,chr7,832386,832601,TSS,True,139,157
ENSG00000197157.10,chr7,127652025,127652451,TSS,True,56,172
ENSG00000159840.15,chr7,143380384,143381409,TSS,False,95,129
ENSG00000159840.15,chr7,143382049,143383322,TSS,True,54,129
ENSG00000155660.10,chr7,149028320,149028671,TSS,True,15,128
ENSG00000105953.14,chr7,44606547,44606653,TSS,True,175,265
ENSG00000105953.14,chr7,44693821,44694004,TSS,True,218,264
ENSG00000105953.14,chr7,44707341,44707388,TSS,True,211,263
ENSG00000127948.15,chr7,75986241,75986336,IR,False,86,100
ENSG00000127948.15,chr7,75915070,75915179,TSS,False,52,102
ENSG00000127948.15,chr7,75985059,75985207,TSS,True,91,102
ENSG00000127948.15,chr7,75986336,75986855,PAS,True,16,102
ENSG00000127948.15,chr7,75986158,75986864,PAS,True,88,102
ENSG00000058404.19,chr7,44228924,44231005,ES,True,15,101
ENSG00000058404.19,chr7,44325356,44325759,TSS,True,29,126
ENSG00000004799.7,chr7,95596163,95596563,TSS,True,58,570
ENSG00000146729.9,chr7,55964521,55964701,TSS,True,66,501
ENSG00000240583.11,chr7,30911731,30912293,TSS,False,103,163
ENSG00000158560.14,chr7,95813337,95869882,ES,False,42,101
ENSG00000136270.13,chr7,45103443,45105440,ES,False,26,136
ENSG00000136270.13,chr7,45109287,45111663,5AS,False,37,124
ENSG00000136270.13,chr7,45111642,45111745,TSS,True,69,156
ENSG00000136270.13,chr7,45111663,45111735,TSS,True,117,156
ENSG00000106682.14,chr7,74174162,74174442,TSS,True,70,654
ENSG00000106631.8,chr7,44139022,44139421,IR,True,56,113
ENSG00000106631.8,chr7,44140427,44140711,IR,True,537,653
ENSG00000106631.8,chr7,44140787,44140960,3AS,False,540,654
ENSG00000106631.8,chr7,44140827,44140960,3AS,False,12,114
ENSG00000106631.8,chr7,44141302,44141574,TSS,False,203,770
ENSG00000106631.8,chr7,44140960,44141332,TSS,True,685,770
ENSG00000106049.8,chr7,27525436,27526372,PAS,True,16,156
ENSG00000106628.10,chr7,44122109,44123510,3AS,True,126,154
ENSG00000106628.10,chr7,44123510,44123564,TSS,True,25,179
ENSG00000106628.10,chr7,44121833,44123546,TSS,True,157,179
ENSG00000106052.13,chr7,27816394,27816889,5AS,False,168,221
ENSG00000106052.13,chr7,27828627,27830588,PAS,True,95,323
ENSG00000106052.13,chr7,27799964,27801119,PAS,True,283,323
ENSG00000189077.10,chr7,75988148,75988251,IR,False,99,128
ENSG00000189077.10,chr7,75986835,75987285,PAS,True,14,129
ENSG00000106565.17,chr7,150800297,150800549,TSS,True,25,162
ENSG00000136279.20,chr7,44058280,44058431,3AS,False,73,102
ENSG00000136279.20,chr7,44044617,44044820,TSS,True,16,113
ENSG00000105835.11,chr7,106284827,106285218,TSS,True,40,206
ENSG00000171867.16,chr20,4686512,4699215,3AS,False,179,383
ENSG00000171867.16,chr20,4686325,4686512,TSS,True,54,437
ENSG00000171867.16,chr20,4699215,4701587,PAS,True,207,392
ENSG00000171867.16,chr20,4699210,4701589,PAS,True,186,392
ENSG00000118705.16,chr20,37236709,37241302,ES,False,198,451
ENSG00000089199.9,chr20,5924971,5925357,PAS,False,67,464
ENSG00000089199.9,chr20,5922334,5925357,PAS,False,373,440
ENSG00000198959.11,chr20,38165188,38165430,TSS,True,487,556
ENSG00000198959.11,chr20,38161419,38161601,TSS,True,497,556
ENSG00000198959.11,chr20,38155846,38156090,TSS,True,463,556
ENSG00000198959.11,chr20,38131092,38131129,TSS,True,423,554
ENSG00000089063.14,chr20,5109445,5112960,5AS,False,151,182
ENSG00000089063.14,chr20,5112960,5113087,TSS,True,37,194
ENSG00000100991.11,chr20,35021332,35035122,3AS,False,32,107
ENSG00000100991.11,chr20,35092613,35092867,TSS,True,36,134
ENSG00000100991.11,chr20,35016007,35016142,TSS,True,118,134
ENSG00000100994.11,chr20,25248012,25248421,TSS,False,90,341
ENSG00000130706.12,chr20,62303045,62303567,5AS,True,22,184
ENSG00000130706.12,chr20,62302936,62303049,TSS,False,34,197
ENSG00000130706.12,chr20,62302818,62303045,TSS,True,175,197
ENSG00000197586.12,chr20,25195867,25207075,ES,False,128,185
ENSG00000197586.12,chr20,25195867,25209848,ES,False,62,280
ENSG00000197586.12,chr20,25218614,25222837,ES,False,51,309
ENSG00000197586.12,chr20,25224157,25225204,3AS,False,268,332
ENSG00000197586.12,chr20,25195669,25195867,TSS,True,67,349
ENSG00000101161.7,chr20,63981097,63981316,TSS,False,27,163
ENSG00000101161.7,chr20,63981124,63983215,TSS,True,145,163
ENSG00000064601.18,chr20,45890233,45891379,TSS,False,43,127
ENSG00000064601.18,chr20,45891371,45891762,TSS,True,111,127
ENSG00000125818.17,chr20,1166226,1167794,PAS,True,74,135
ENSG00000125818.17,chr20,1165028,1167316,PAS,True,61,130
ENSG00000101365.20,chr20,2658522,2659524,3AS,False,106,147
ENSG00000101365.20,chr20,2658393,2658837,PAS,True,127,155
ENSG00000101365.20,chr20,2658392,2658522,PAS,False,44,155
ENSG00000244274.7,chr20,45406313,45406732,TSS,True,71,116
ENSG00000244274.7,chr20,45406729,45408606,TSS,True,81,116
ENSG00000244274.7,chr20,45406891,45407779,TSS,False,85,116
ENSG00000087460.24,chr20,58889181,58891865,TSS,True,69,140
ENSG00000087460.24,chr20,58910372,58910401,TSS,True,117,137
ENSG00000101150.17,chr20,63873816,63882718,ES,False,31,111
ENSG00000101150.17,chr20,63865205,63865384,TSS,True,13,123
ENSG00000101384.12,chr20,10645142,10645256,TSS,True,62,133
ENSG00000101384.12,chr20,10645355,10645459,TSS,True,90,133
ENSG00000101152.10,chr20,63928332,63928452,TSS,True,61,148
ENSG00000124155.17,chr20,45416099,45416343,TSS,True,15,104
ENSG00000101474.11,chr20,24964022,24969525,ES,True,17,105
ENSG00000101444.12,chr20,34303242,34303390,TSS,True,12,111
ENSG00000124214.19,chr20,49188115,49188417,TSS,False,42,102
ENSG00000101290.13,chr20,5126835,5127149,TSS,True,14,105
ENSG00000131069.19,chr20,34914437,34919434,ES,False,38,115
ENSG00000244687.11,chr20,50113106,50113174,TSS,True,26,102
ENSG00000101246.19,chr20,63700530,63700601,IR,False,129,144
ENSG00000101246.19,chr20,63707092,63707866,3AS,False,76,121
ENSG00000101246.19,chr20,63698642,63700530,PAS,True,15,144
ENSG00000101246.19,chr20,63698643,63700702,PAS,True,129,144
ENSG00000101246.19,chr20,63707866,63708027,TSS,True,19,146
ENSG00000101294.17,chr20,31566295,31569119,ES,False,81,144
ENSG00000125863.19,chr20,10401610,10405687,PAS,True,13,116
ENSG00000069849.10,chr3,141876910,141903619,ES,False,95,107
ENSG00000214706.10,chr3,50288271,50288408,IR,False,268,300
ENSG00000214706.10,chr3,50286002,50288271,PAS,False,34,302
ENSG00000047849.21,chr3,47852938,47853162,3AS,False,109,155
ENSG00000047849.21,chr3,47977933,47998637,ES,False,188,256
ENSG00000047849.21,chr3,47850688,47853039,PAS,True,380,426
ENSG00000047849.21,chr3,47850681,47852938,PAS,True,316,426
ENSG00000047849.21,chr3,47909432,47912421,PAS,True,69,281
ENSG00000047849.21,chr3,47915530,47917174,PAS,False,212,263
ENSG00000047849.21,chr3,47853162,47853298,TSS,True,265,334
ENSG00000047849.21,chr3,48088772,48089274,TSS,True,442,604
ENSG00000047849.21,chr3,48016333,48016497,TSS,True,512,604
ENSG00000169255.14,chr3,161104784,161105342,TSS,True,104,144
ENSG00000169255.14,chr3,161105234,161105445,TSS,False,60,144
ENSG00000163719.19,chr3,9689082,9701789,ES,False,27,125
ENSG00000163520.13,chr3,13570970,13571315,IR,True,17,121
ENSG00000163520.13,chr3,13619831,13626444,ES,False,161,266
ENSG00000163520.13,chr3,13549060,13549208,TSS,True,160,289
ENSG00000163520.13,chr3,13570308,13571661,TSS,True,223,289
ENSG00000184432.9,chr3,139353949,139357958,PAS,True,19,139
ENSG00000184432.9,chr3,139389547,139389680,TSS,True,20,139
ENSG00000170275.14,chr3,33113963,33114548,TSS,True,31,171
ENSG00000081154.11,chr3,101574279,101579841,3AS,False,58,193
ENSG00000058056.8,chr3,179652754,179653393,TSS,True,16,135
ENSG00000178035.11,chr3,49024404,49024494,IR,False,145,170
ENSG00000178035.11,chr3,49024578,49024658,IR,False,143,170
ENSG00000178035.11,chr3,49024802,49024895,IR,False,144,170
ENSG00000178035.11,chr3,49025040,49025125,IR,True,145,170
ENSG00000178035.11,chr3,49025269,49026323,ES,False,105,144
ENSG00000178035.11,chr3,49025269,49026323,IR,True,105,131
ENSG00000178035.11,chr3,49026419,49026518,IR,True,145,170
ENSG00000178035.11,chr3,49024324,49024404,PAS,False,25,170
ENSG00000178035.11,chr3,49029252,49029461,TSS,True,30,170
ENSG00000114279.13,chr3,192727181,192727599,TSS,True,28,161
ENSG00000181789.14,chr3,129249575,129249746,TSS,True,51,247
ENSG00000070087.14,chr3,149966264,149968357,3AS,False,46,102
ENSG00000070087.14,chr3,149964901,149966264,PAS,True,59,106
ENSG00000070087.14,chr3,149964900,149966586,PAS,True,49,106
ENSG00000164062.12,chr3,49674413,49675693,ES,False,12,100
ENSG00000164062.12,chr3,49676219,49676608,ES,False,11,102
ENSG00000172053.17,chr3,49104616,49104815,TSS,True,64,214
ENSG00000172053.17,chr3,49104323,49104757,TSS,True,177,214
ENSG00000132155.11,chr3,12663812,12664200,TSS,True,22,163
ENSG00000114867.20,chr3,184323241,184323407,3AS,False,126,198
ENSG00000114867.20,chr3,184314489,184314674,TSS,True,171,254
ENSG00000114867.20,chr3,184314586,184317497,TSS,True,224,254
ENSG00000114867.20,chr3,184321278,184322103,TSS,True,220,254
ENSG00000114867.20,chr3,184325205,184325639,TSS,True,96,107
ENSG00000114867.20,chr3,184325957,184326629,TSS,True,94,107
ENSG00000114867.20,chr3,184334726,184335358,PAS,True,147,254
ENSG00000114867.20,chr3,184325268,184326296,PAS,True,81,212
ENSG00000173175.14,chr3,123447411,123450089,TSS,False,88,101
ENSG00000173175.14,chr3,123327617,123328262,TSS,True,88,101
ENSG00000173175.14,chr3,123303054,123303420,TSS,True,89,100
ENSG00000144749.13,chr3,66383990,66384343,TSS,True,58,105
ENSG00000144749.13,chr3,66385980,66386287,TSS,True,92,105
ENSG00000163703.17,chr3,9933852,9934419,5AS,False,47,133
ENSG00000163703.17,chr3,9933787,9933852,TSS,False,105,152
ENSG00000163703.17,chr3,9933769,9933920,TSS,True,65,152
ENSG00000247596.8,chr3,52238991,52239180,TSS,True,17,140
ENSG00000247596.8,chr3,52235028,52235191,TSS,True,124,140
ENSG00000114354.13,chr3,100736704,100744832,5AS,False,41,202
ENSG00000122068.12,chr3,197749424,197750074,TSS,True,24,208
ENSG00000075785.12,chr3,128726135,128726359,TSS,True,41,134
ENSG00000131368.7,chr3,15050836,15052633,PAS,True,14,120
ENSG00000177479.19,chr3,48918998,48927461,ME,True,14,106
ENSG00000177479.19,chr3,48922811,48927461,ES,False,93,253
ENSG00000169251.12,chr3,161221331,161221993,5AS,False,30,142
ENSG00000169251.12,chr3,161221265,161221331,TSS,False,125,155
ENSG00000169251.12,chr3,161221287,161221409,TSS,True,43,155
ENSG00000132153.14,chr3,47802641,47803212,TSS,True,128,176
ENSG00000132153.14,chr3,47824966,47825247,TSS,False,75,174
ENSG00000010327.10,chr3,52519123,52519404,TSS,True,90,101
ENSG00000010327.10,chr3,52517235,52517393,TSS,True,83,101
ENSG00000163681.14,chr3,57896932,57909075,ES,False,248,327
ENSG00000163681.14,chr3,57923023,57927295,ES,False,177,334
ENSG00000163681.14,chr3,57889991,57890100,TSS,True,62,362
ENSG00000171109.18,chr3,179347690,179347810,TSS,True,79,129
ENSG00000171109.18,chr3,179386533,179386629,TSS,True,51,125
ENSG00000121577.13,chr3,119642561,119648259,5AS,False,94,213
ENSG00000121577.13,chr3,119648259,119648671,TSS,True,197,221
ENSG00000121577.13,chr3,119659932,119660893,TSS,True,50,222
ENSG00000172037.13,chr3,49132868,49132954,IR,True,22,142
ENSG00000172037.13,chr3,49124700,49124926,TSS,True,468,665
ENSG00000172037.13,chr3,49132490,49133049,TSS,True,558,666
ENSG00000172037.13,chr3,49132791,49133082,TSS,True,546,666
ENSG00000114316.12,chr3,49278451,49280743,ES,False,18,152
ENSG00000114316.12,chr3,49310737,49324701,ES,False,36,156
ENSG00000170876.7,chr3,14124929,14125205,TSS,True,19,176
ENSG00000169714.16,chr3,129171277,129171445,3AS,False,584,842
ENSG00000169714.16,chr3,129171538,129171654,5AS,False,396,836
ENSG00000168334.8,chr3,39186088,39187014,TSS,True,140,161
ENSG00000093167.17,chr3,37065942,37075023,ES,False,22,176
ENSG00000093167.17,chr3,37096660,37105454,ES,True,27,181
ENSG00000093167.17,chr3,37096660,37129062,ES,False,25,207
ENSG00000093167.17,chr3,37108684,37109652,ES,True,160,179
ENSG00000093167.17,chr3,37109700,37110990,3AS,True,113,179
ENSG00000093167.17,chr3,37052625,37053961,PAS,True,62,234
ENSG00000093167.17,chr3,37083634,37083806,PAS,True,208,233
ENSG00000158186.12,chr3,138348422,138348767,TSS,True,141,165
ENSG00000156976.16,chr3,186783639,186784431,3AS,False,469,621
ENSG00000144674.16,chr3,37251484,37273535,ES,False,90,122
ENSG00000144674.16,chr3,37242952,37243622,TSS,True,19,148
ENSG00000144674.16,chr3,37302184,37302581,PAS,True,94,139
ENSG00000144674.16,chr3,37323587,37324777,PAS,True,63,141
ENSG00000161203.13,chr3,184180251,184180848,3AS,True,59,560
ENSG00000178053.17,chr3,158571347,158592433,5AS,False,93,129
ENSG00000178053.17,chr3,158592581,158596861,ES,False,63,139
ENSG00000178053.17,chr3,158571153,158571391,TSS,True,106,146
ENSG00000178053.17,chr3,158571160,158571347,TSS,True,41,146
ENSG00000164054.15,chr3,48504018,48504380,TSS,False,135,204
ENSG00000164054.15,chr3,48473009,48473208,TSS,True,104,203
ENSG00000144744.16,chr3,69071617,69077797,ES,False,18,109
ENSG00000144744.16,chr3,69077918,69080333,ES,False,31,105
ENSG00000058262.9,chr3,128052302,128052559,TSS,False,208,395
ENSG00000174748.20,chr3,23917129,23917173,TSS,False,58,563
ENSG00000010282.14,chr3,42702578,42702828,TSS,True,95,804
ENSG00000183873.15,chr3,38555655,38555755,TSS,True,198,223
ENSG00000114738.10,chr3,50617226,50617513,5AS,False,203,317
ENSG00000114738.10,chr3,50617089,50617226,TSS,False,214,417
ENSG00000114738.10,chr3,50617078,50617241,TSS,True,302,417
ENSG00000114738.10,chr3,50617156,50617784,TSS,True,364,417
ENSG00000163833.7,chr3,121593366,121593502,TSS,False,80,120
ENSG00000163833.7,chr3,121621435,121623343,TSS,True,102,120
ENSG00000091986.15,chr3,112640326,112641299,TSS,True,46,155
ENSG00000131389.17,chr3,14402541,14402847,TSS,True,172,205
PB_novel_51499,SIRV5,6452,6826,ES,True,107,128
PB_novel_51499,SIRV5,8016,8277,IR,True,59,129
PB_novel_51499,SIRV5,10858,10993,PAS,True,52,130
PB_novel_51499,SIRV5,11133,11867,PAS,True,78,130
