gene,chr,start,end,splice_type,novel,posterior_vena_cava_ENCFF693YCD_in_cov,posterior_vena_cava_ENCFF693YCD_total_cov
ENSG00000141959.16,chr21,44299728,44300190,TSS,True,52,125
ENSG00000141959.16,chr21,44309160,44312294,TSS,True,98,124
ENSG00000160310.17,chr21,46635763,46636895,ES,False,51,100
ENSG00000160310.17,chr21,46635617,46635763,TSS,True,22,124
ENSG00000160310.17,chr21,46664294,46665698,PAS,True,71,124
ENSG00000160310.17,chr21,46658744,46661269,PAS,True,76,122
ENSG00000182871.14,chr21,45405114,45405241,TSS,False,117,139
ENSG00000154734.14,chr21,26844224,26845409,TSS,False,65,166
ENSG00000182240.15,chr21,41167520,41168575,TSS,False,24,102
ENSG00000183255.11,chr21,44873501,44873735,TSS,True,101,281
ENSG00000142173.14,chr21,46097844,46098173,TSS,True,1093,1586
ENSG00000142173.14,chr21,46111980,46112577,TSS,False,1252,1583
ENSG00000142173.14,chr21,46120511,46120577,TSS,False,1405,1578
ENSG00000142173.14,chr21,46131953,46132850,PAS,False,418,1586
ENSG00000142173.14,chr21,46129195,46132849,PAS,True,1198,1417
ENSG00000115053.15,chr2,231452352,231455267,PAS,True,18,155
ENSG00000115053.15,chr2,231464335,231464536,TSS,True,37,155
ENSG00000187514.16,chr2,231711419,231711889,3AS,False,256,290
ENSG00000187514.16,chr2,231708523,231708751,TSS,True,83,368
ENSG00000187514.16,chr2,231711414,231711983,TSS,True,321,368
ENSG00000138073.13,chr2,27134286,27134676,TSS,True,19,106
ENSG00000135926.14,chr2,218292465,218292597,TSS,True,54,141
ENSG00000124831.18,chr2,237708630,237748363,ES,False,109,126
ENSG00000124831.18,chr2,237749324,237753308,ES,False,70,134
ENSG00000124831.18,chr2,237627552,237627740,TSS,True,130,157
ENSG00000124831.18,chr2,237692102,237692521,TSS,True,55,157
ENSG00000124831.18,chr2,237762602,237765915,PAS,True,68,138
ENSG00000124831.18,chr2,237779421,237781653,PAS,True,104,155
ENSG00000168385.17,chr2,241315861,241315982,TSS,True,59,254
ENSG00000115677.16,chr2,241227263,241229687,PAS,True,19,170
ENSG00000115677.16,chr2,241315101,241315254,TSS,True,137,178
ENSG00000115677.16,chr2,241272760,241272937,TSS,True,130,178
ENSG00000115310.17,chr2,55049744,55050553,TSS,True,44,156
ENSG00000071082.10,chr2,101002260,101002315,TSS,True,33,115
ENSG00000071082.10,chr2,101002291,101002808,TSS,True,88,115
ENSG00000115380.19,chr2,55922447,55923710,ES,False,156,251
ENSG00000115380.19,chr2,55923710,55923931,TSS,True,46,299
ENSG00000143933.16,chr2,47176440,47176516,TSS,False,40,309
ENSG00000136717.14,chr2,127106859,127107329,TSS,True,26,102
ENSG00000168542.14,chr2,188974188,188974568,TSS,True,859,2063
ENSG00000163359.15,chr2,237324016,237324814,PAS,True,78,403
ENSG00000163359.15,chr2,237335419,237336532,PAS,True,122,136
ENSG00000163359.15,chr2,237334625,237334820,TSS,False,99,334
ENSG00000134308.13,chr2,9630940,9631046,TSS,False,46,136
ENSG00000134308.13,chr2,9630158,9630765,TSS,True,103,136
ENSG00000135919.12,chr2,223980397,223982680,3AS,False,185,219
ENSG00000135919.12,chr2,224039098,224039596,TSS,True,51,232
ENSG00000175084.11,chr2,219418137,219419040,TSS,False,688,6707
ENSG00000115091.11,chr2,113889952,113890323,TSS,True,18,123
ENSG00000213639.9,chr2,28751515,28751820,TSS,False,119,134
ENSG00000213639.9,chr2,28751796,28752176,TSS,True,44,134
ENSG00000079308.18,chr2,217799788,217804603,PAS,True,75,353
ENSG00000079308.18,chr2,217817689,217818598,TSS,True,399,660
ENSG00000152518.7,chr2,43226264,43226606,TSS,False,129,245
ENSG00000138356.13,chr2,200585784,200586153,TSS,False,81,100
ENSG00000115414.18,chr2,215372015,215372108,IR,False,155,278
ENSG00000115414.18,chr2,215372015,215373321,ES,False,65,203
ENSG00000115414.18,chr2,215372015,215373321,3AS,False,65,187
ENSG00000115414.18,chr2,215372300,215373321,3AS,False,34,260
ENSG00000115414.18,chr2,215379317,215382211,ES,False,120,218
ENSG00000115414.18,chr2,215391814,215394527,ES,False,103,133
ENSG00000115414.18,chr2,215359471,215361626,PAS,True,169,577
ENSG00000115414.18,chr2,215412760,215414958,PAS,True,139,181
ENSG00000115414.18,chr2,215393672,215394719,PAS,True,246,282
ENSG00000115414.18,chr2,215435654,215436121,TSS,True,450,602
ENSG00000163466.15,chr2,218217132,218217254,TSS,False,28,231
ENSG00000138449.10,chr2,189580417,189580823,TSS,True,16,129
ENSG00000072163.19,chr2,127675013,127675197,TSS,True,45,116
ENSG00000163017.13,chr2,73892966,73893051,TSS,True,321,1158
ENSG00000147649.9,chr8,97643970,97644887,TSS,True,14,104
ENSG00000161016.17,chr8,144792365,144792428,TSS,False,248,388
ENSG00000164733.20,chr8,11853479,11864375,ES,False,101,113
ENSG00000164733.20,chr8,11853479,11868000,ES,False,713,835
ENSG00000164733.20,chr8,11868000,11868173,TSS,True,148,983
ENSG00000157110.15,chr8,30383844,30385158,TSS,True,37,135
ENSG00000157110.15,chr8,30570636,30572262,PAS,True,84,127
ENSG00000157110.15,chr8,30547291,30547524,PAS,True,45,108
ENSG00000164924.17,chr8,100951928,100952852,TSS,True,53,148
ENSG00000104529.17,chr8,143581328,143586728,ES,False,20,181
ENSG00000104529.17,chr8,143597347,143598252,TSS,True,49,196
ENSG00000104529.17,chr8,143586728,143591599,TSS,True,165,196
ENSG00000156482.10,chr8,98045507,98045561,TSS,False,21,103
ENSG00000147526.19,chr8,38819519,38820635,TSS,True,95,106
ENSG00000147526.19,chr8,38728133,38728671,TSS,True,69,113
ENSG00000137573.13,chr8,69492784,69493125,TSS,True,88,113
ENSG00000137573.13,chr8,69576009,69576209,TSS,True,62,109
ENSG00000179632.9,chr8,144106464,144106554,IR,False,103,117
ENSG00000179632.9,chr8,144103871,144104858,TSS,True,13,124
ENSG00000070756.15,chr8,100721390,100722092,TSS,True,46,142
ENSG00000120885.21,chr8,27614654,27614703,TSS,True,152,740
ENSG00000168079.16,chr8,27992256,27992834,TSS,True,157,186
ENSG00000164764.10,chr8,73092853,73093195,TSS,False,18,167
ENSG00000067225.17,chr15,72200655,72206727,ME,False,137,403
ENSG00000067225.17,chr15,72231115,72231260,TSS,False,95,430
ENSG00000140545.14,chr15,88913246,88913458,TSS,True,135,171
ENSG00000166794.4,chr15,64162851,64163122,TSS,True,21,204
ENSG00000166147.13,chr15,48409691,48411379,PAS,True,36,106
ENSG00000166147.13,chr15,48645574,48645758,TSS,True,92,113
ENSG00000182253.14,chr15,99105076,99106009,TSS,True,302,368
ENSG00000182253.14,chr15,99132749,99135593,PAS,True,66,102
ENSG00000174444.14,chr15,66504787,66504853,TSS,True,47,469
ENSG00000167004.12,chr15,43746374,43746706,TSS,True,25,188
ENSG00000140416.20,chr15,63042137,63042943,TSS,True,146,998
ENSG00000185787.14,chr15,78872781,78873057,TSS,True,30,119
ENSG00000166710.18,chr15,44711414,44711613,TSS,True,100,639
ENSG00000182768.8,chr15,90265669,90266398,TSS,True,15,121
ENSG00000182054.9,chr15,90102275,90102512,TSS,True,14,100
ENSG00000182774.12,chr15,82540425,82540460,TSS,True,19,126
ENSG00000185551.14,chr15,96330699,96332547,TSS,False,73,100
ENSG00000185551.14,chr15,96334073,96334603,TSS,True,81,100
ENSG00000071127.16,chr4,10116650,10116986,TSS,True,132,344
ENSG00000071127.16,chr4,10083021,10083821,TSS,True,302,343
ENSG00000163956.11,chr4,3532208,3532446,TSS,True,15,141
ENSG00000087274.16,chr4,2843837,2844024,TSS,True,83,120
ENSG00000152583.12,chr4,87472765,87473803,PAS,True,66,455
ENSG00000152583.12,chr4,87493625,87494598,PAS,True,312,351
ENSG00000152583.12,chr4,87529044,87529466,TSS,True,135,461
ENSG00000152583.12,chr4,87493581,87494538,TSS,True,351,407
ENSG00000109610.5,chr4,24800528,24800618,IR,True,31,210
ENSG00000109610.5,chr4,24795572,24795651,TSS,False,59,210
ENSG00000109610.5,chr4,24799505,24800842,PAS,True,22,151
ENSG00000109610.5,chr4,24800618,24800842,PAS,True,179,210
ENSG00000196616.13,chr4,99321313,99321443,TSS,True,53,224
ENSG00000129116.18,chr4,168832171,168890921,ES,False,85,277
ENSG00000129116.18,chr4,168831990,168832171,TSS,True,281,561
ENSG00000129116.18,chr4,168877717,168878394,TSS,True,430,558
ENSG00000129116.18,chr4,168926212,168928475,PAS,True,108,496
ENSG00000129116.18,chr4,168924254,168924387,PAS,True,405,487
ENSG00000109475.16,chr4,108620535,108620600,TSS,False,64,242
ENSG00000109475.16,chr4,108620576,108622024,TSS,True,213,242
ENSG00000109475.16,chr4,108622513,108622618,TSS,True,215,242
ENSG00000163110.14,chr4,94451851,94451995,TSS,True,53,110
ENSG00000170801.9,chr4,8269723,8270353,TSS,True,64,173
ENSG00000154553.14,chr4,185500659,185502483,PAS,True,20,130
ENSG00000154553.14,chr4,185535341,185535526,TSS,True,55,142
ENSG00000163453.11,chr4,57109876,57110479,TSS,False,114,966
ENSG00000172403.10,chr4,119057400,119061243,PAS,True,192,219
ENSG00000118816.9,chr4,77075471,77076021,TSS,True,50,172
ENSG00000159692.15,chr4,1248915,1249467,TSS,True,31,100
ENSG00000161960.14,chr17,7572772,7572864,TSS,True,29,187
ENSG00000131471.6,chr17,42851206,42852943,TSS,True,173,274
ENSG00000108821.13,chr17,50201410,50201696,TSS,False,546,854
ENSG00000182473.21,chr17,76103632,76103791,TSS,True,95,140
ENSG00000185624.14,chr17,81860326,81860636,TSS,True,115,420
ENSG00000157637.12,chr17,81294822,81295503,TSS,True,77,134
ENSG00000108774.14,chr17,42154892,42155022,TSS,True,65,141
ENSG00000030582.17,chr17,44345096,44345334,TSS,True,91,164
ENSG00000030582.17,chr17,44349658,44349751,TSS,True,124,164
ENSG00000108946.14,chr17,68512399,68512548,TSS,True,29,163
ENSG00000184009.11,chr17,81512733,81512855,TSS,True,220,1143
ENSG00000108298.11,chr17,39200112,39200349,TSS,False,29,183
ENSG00000141753.6,chr17,40443401,40444084,TSS,False,288,1536
ENSG00000108518.7,chr17,4948262,4949933,TSS,True,19,144
ENSG00000168610.14,chr17,42388278,42388586,TSS,True,66,125
ENSG00000132386.10,chr17,1761892,1762113,TSS,False,153,486
ENSG00000132386.10,chr17,1769750,1770050,TSS,True,432,486
ENSG00000091542.8,chr17,18183469,18185013,TSS,False,25,139
ENSG00000182534.13,chr17,76679568,76680879,PAS,True,115,658
ENSG00000182534.13,chr17,76675416,76677702,PAS,False,546,659
ENSG00000184557.4,chr17,78359749,78360566,TSS,True,50,132
ENSG00000133030.20,chr17,17174075,17176425,ES,False,36,102
ENSG00000133030.20,chr17,17042427,17042971,TSS,True,99,117
ENSG00000133030.20,chr17,17158428,17159002,TSS,True,72,115
ENSG00000072778.19,chr17,7222081,7222176,IR,False,186,213
ENSG00000072778.19,chr17,7222302,7222666,IR,True,191,215
ENSG00000072778.19,chr17,7222865,7223132,IR,False,193,244
ENSG00000072778.19,chr17,7219853,7220046,TSS,True,123,290
ENSG00000108828.15,chr17,43021935,43022417,TSS,True,29,106
ENSG00000132475.10,chr17,75779656,75779781,TSS,True,84,330
ENSG00000108654.14,chr17,64500773,64502009,IR,False,115,129
ENSG00000108654.14,chr17,64506075,64506340,TSS,True,38,153
ENSG00000177469.12,chr17,42422626,42423258,TSS,False,487,727
ENSG00000197879.16,chr17,1464185,1465752,PAS,True,12,118
ENSG00000197879.16,chr17,1491599,1491883,TSS,True,118,145
ENSG00000197879.16,chr17,1485693,1486131,TSS,True,108,145
ENSG00000142507.9,chr17,4796133,4796296,TSS,True,50,115
ENSG00000131469.14,chr17,42998395,42998471,TSS,False,67,163
ENSG00000131469.14,chr17,42998448,42998831,TSS,False,135,163
ENSG00000131469.14,chr17,43002754,43002783,TSS,True,135,163
ENSG00000184640.17,chr17,77373104,77373552,TSS,True,94,106
ENSG00000166482.11,chr17,19386838,19387149,5AS,True,115,130
ENSG00000166482.11,chr17,19387149,19387224,TSS,False,93,207
ENSG00000166482.11,chr17,19385357,19387176,TSS,True,178,207
ENSG00000011028.13,chr17,62689755,62690062,TSS,True,107,127
ENSG00000011028.13,chr17,62627131,62627920,TSS,True,123,137
ENSG00000109099.14,chr17,15262428,15262555,TSS,True,52,143
ENSG00000109099.14,chr17,15265153,15265326,TSS,True,122,143
ENSG00000100234.11,chr22,32801684,32802122,TSS,False,157,287
ENSG00000025708.13,chr22,50529495,50530026,TSS,True,87,106
ENSG00000025708.13,chr22,50529903,50530341,TSS,True,51,106
ENSG00000099998.17,chr22,24244552,24245748,TSS,True,20,108
ENSG00000100243.20,chr22,42649294,42649417,TSS,False,81,477
ENSG00000100345.21,chr22,36387806,36388109,TSS,False,206,242
ENSG00000100242.15,chr22,38755762,38756048,TSS,True,132,217
ENSG00000128272.14,chr22,39520278,39520751,TSS,False,84,131
ENSG00000128272.14,chr22,39521485,39521671,TSS,True,111,131
ENSG00000183963.18,chr22,31099896,31104315,ES,False,172,420
ENSG00000183963.18,chr22,31080948,31081456,TSS,True,336,439
ENSG00000183963.18,chr22,31090962,31091482,TSS,True,286,437
ENSG00000183963.18,chr22,31095849,31096897,TSS,True,391,437
ENSG00000100129.17,chr22,37849373,37849482,TSS,False,23,118
ENSG00000100097.11,chr22,37675634,37675711,TSS,True,37,169
ENSG00000100097.11,chr22,37678593,37678654,TSS,True,145,169
ENSG00000100106.20,chr22,37751828,37754915,3AS,True,23,131
ENSG00000100106.20,chr22,37746200,37746420,TSS,True,27,161
ENSG00000100106.20,chr22,37773782,37776523,PAS,True,17,152
ENSG00000100219.16,chr22,28800297,28800587,TSS,True,11,108
ENSG00000077942.18,chr22,45502614,45503064,TSS,False,226,698
ENSG00000077942.18,chr22,45562911,45563362,PAS,True,408,655
ENSG00000077942.18,chr22,45600306,45602846,PAS,False,288,673
ENSG00000128245.14,chr22,31944515,31944820,TSS,True,26,241
ENSG00000148357.16,chr9,130428398,130429685,TSS,True,116,132
ENSG00000148357.16,chr9,130400812,130400947,TSS,True,136,156
ENSG00000148357.16,chr9,130433347,130434123,PAS,False,60,160
ENSG00000165092.12,chr9,72952934,72953072,TSS,True,23,105
ENSG00000137154.12,chr9,19380189,19380269,TSS,False,53,520
ENSG00000137076.20,chr9,35696955,35697916,PAS,False,79,206
ENSG00000137076.20,chr9,35708340,35708487,TSS,True,161,180
ENSG00000137076.20,chr9,35707071,35707255,TSS,True,94,136
ENSG00000137076.20,chr9,35732074,35732407,TSS,True,172,208
ENSG00000148180.19,chr9,121299800,121300005,TSS,False,688,2552
ENSG00000107281.9,chr9,137045877,137046229,TSS,True,30,109
ENSG00000107281.9,chr9,137042926,137046685,TSS,True,94,109
ENSG00000148303.16,chr9,133348206,133348246,TSS,False,34,122
ENSG00000148303.16,chr9,133348240,133349042,TSS,True,98,122
ENSG00000148175.12,chr9,121370126,121370284,TSS,True,33,187
ENSG00000159069.13,chr9,136941684,136942099,5AS,False,18,146
ENSG00000159069.13,chr9,136944593,136944762,TSS,True,49,171
ENSG00000188229.5,chr9,137241286,137241417,TSS,True,80,146
ENSG00000106991.13,chr9,127854288,127854749,TSS,True,73,184
ENSG00000106991.13,chr9,127819899,127820283,TSS,True,156,181
ENSG00000044574.7,chr9,125241004,125241372,TSS,False,64,321
ENSG00000137124.7,chr9,38392622,38392807,TSS,True,42,127
ENSG00000135046.13,chr9,73151774,73151924,TSS,True,16,148
ENSG00000165280.15,chr9,35072336,35072782,TSS,True,43,198
ENSG00000165119.20,chr9,83980502,83980645,TSS,True,75,105
ENSG00000165119.20,chr9,83980152,83980270,TSS,True,88,105
ENSG00000176978.13,chr9,137111754,137111940,5AS,False,15,126
ENSG00000176978.13,chr9,137112230,137112744,IR,True,112,129
ENSG00000176978.13,chr9,137114576,137114646,IR,False,104,117
ENSG00000176978.13,chr9,137114646,137114909,TSS,True,33,137
ENSG00000107130.9,chr9,130172330,130172727,TSS,False,51,105
ENSG00000041982.15,chr9,115042341,115073602,ES,False,122,153
ENSG00000041982.15,chr9,115019578,115021267,PAS,True,54,335
ENSG00000041982.15,chr9,115073475,115073866,PAS,True,166,193
ENSG00000041982.15,chr9,115117981,115118653,TSS,True,247,358
ENSG00000041982.15,chr9,115085863,115087239,TSS,True,320,358
ENSG00000198467.14,chr9,35689703,35691118,TSS,True,156,888
ENSG00000147872.9,chr9,19115300,19116649,PAS,True,19,189
ENSG00000023734.10,chr12,15882819,15889927,ES,False,22,108
ENSG00000123384.13,chr12,57209561,57209868,TSS,True,159,183
ENSG00000123384.13,chr12,57211175,57211588,TSS,True,163,183
ENSG00000123384.13,chr12,57212414,57213391,PAS,True,53,180
ENSG00000092841.18,chr12,56160320,56160625,IR,False,646,724
ENSG00000092841.18,chr12,56160320,56161386,ES,False,793,1437
ENSG00000092841.18,chr12,56160670,56161386,IR,True,653,728
ENSG00000092841.18,chr12,56158337,56158404,TSS,True,679,1922
ENSG00000092841.18,chr12,56158359,56159730,TSS,True,1705,1922
ENSG00000060138.12,chr12,10704148,10713210,ES,False,149,370
ENSG00000139644.12,chr12,49741548,49741611,TSS,False,67,114
ENSG00000139644.12,chr12,49752461,49752549,TSS,True,95,114
ENSG00000139329.4,chr12,91111397,91111608,TSS,True,29,216
ENSG00000161638.10,chr12,54395260,54396376,PAS,True,30,159
ENSG00000161638.10,chr12,54397364,54397490,TSS,True,74,157
ENSG00000161638.10,chr12,54398596,54398701,TSS,True,141,157
ENSG00000161638.10,chr12,54418980,54419271,TSS,True,157,184
ENSG00000167552.13,chr12,49188976,49189080,TSS,True,62,262
ENSG00000063046.17,chr12,53006278,53006496,TSS,True,53,107
ENSG00000011465.16,chr12,91179361,91179559,TSS,True,377,1017
ENSG00000011465.16,chr12,91182654,91182916,TSS,True,832,1017
ENSG00000174099.11,chr12,65278865,65326825,ES,False,57,177
ENSG00000174099.11,chr12,65278494,65278865,TSS,True,58,238
ENSG00000089157.15,chr12,120201082,120201113,TSS,True,81,614
ENSG00000110955.8,chr12,56645836,56646068,TSS,True,24,109
ENSG00000196531.10,chr12,56725262,56725531,TSS,True,20,123
ENSG00000132341.11,chr12,130872017,130872126,TSS,True,12,101
ENSG00000135506.15,chr12,57715970,57716091,3AS,False,105,142
ENSG00000135506.15,chr12,57719182,57720405,ES,False,85,158
ENSG00000135506.15,chr12,57693960,57694323,TSS,True,37,169
ENSG00000196498.13,chr12,124335134,124335260,TSS,False,98,120
ENSG00000196498.13,chr12,124326190,124326293,TSS,True,107,120
ENSG00000196498.13,chr12,124336752,124337110,TSS,True,99,120
ENSG00000134531.9,chr12,13196725,13196872,TSS,True,45,111
ENSG00000010278.13,chr12,6200320,6200565,TSS,True,23,138
ENSG00000135424.16,chr12,55694777,55695496,TSS,True,166,217
ENSG00000135424.16,chr12,55697215,55697441,TSS,True,193,218
ENSG00000135424.16,chr12,55694442,55694740,TSS,True,193,217
ENSG00000175899.14,chr12,9067418,9067839,PAS,True,57,514
ENSG00000175899.14,chr12,9115763,9116193,TSS,True,270,518
ENSG00000150991.14,chr12,124914586,124914848,TSS,False,152,396
ENSG00000022840.15,chr12,120534343,120534968,TSS,True,31,110
ENSG00000123416.15,chr12,49131297,49131398,TSS,False,134,279
ENSG00000123416.15,chr12,49129499,49131393,TSS,True,248,279
ENSG00000123349.13,chr12,53295639,53297849,ES,False,13,101
ENSG00000159403.16,chr12,7092386,7092570,TSS,True,400,843
ENSG00000159403.16,chr12,7091451,7092447,TSS,True,758,843
ENSG00000166598.14,chr12,103930362,103930564,TSS,True,58,282
ENSG00000166598.14,chr12,103947632,103948555,PAS,True,69,274
ENSG00000166598.14,chr12,103938339,103938459,PAS,True,190,245
ENSG00000123358.19,chr12,52051370,52051568,TSS,True,65,105
ENSG00000123358.19,chr12,52054325,52055204,TSS,True,71,105
ENSG00000135404.11,chr12,55728952,55729106,TSS,False,57,233
ENSG00000110799.13,chr12,5948873,5949203,PAS,False,18,139
ENSG00000110799.13,chr12,5993861,5994182,TSS,True,106,128
ENSG00000111640.14,chr12,6534455,6534569,TSS,True,142,1140
ENSG00000111341.9,chr12,14885730,14885860,TSS,True,67,497
ENSG00000135486.17,chr12,54280692,54280822,TSS,True,38,279
ENSG00000111275.12,chr12,111803946,111803973,TSS,True,111,128
ENSG00000111275.12,chr12,111766912,111767096,TSS,True,27,128
ENSG00000177575.12,chr12,7479913,7481160,3AS,False,85,103
ENSG00000177575.12,chr12,7503644,7503843,TSS,True,86,119
ENSG00000177575.12,chr12,7486498,7486784,TSS,True,105,117
ENSG00000182326.14,chr12,7060877,7061838,3AS,False,142,425
ENSG00000182326.14,chr12,7060675,7060877,TSS,True,160,586
ENSG00000166741.7,chr11,114296343,114296710,TSS,True,25,127
ENSG00000109846.7,chr11,111913104,111913183,TSS,True,77,102
ENSG00000109846.7,chr11,111911523,111911816,TSS,True,36,102
ENSG00000168056.15,chr11,65539881,65540244,ES,False,54,119
ENSG00000168056.15,chr11,65551401,65552157,TSS,True,85,128
ENSG00000168056.15,chr11,65547919,65549708,TSS,True,115,128
ENSG00000168056.15,chr11,65547438,65547568,TSS,False,113,128
ENSG00000149131.15,chr11,57597765,57598321,TSS,True,207,261
ENSG00000149131.15,chr11,57597658,57597722,TSS,True,166,261
ENSG00000149131.15,chr11,57611718,57611936,TSS,True,201,254
ENSG00000177600.8,chr11,809902,810039,TSS,True,50,142
ENSG00000177600.8,chr11,810003,810357,TSS,True,115,142
ENSG00000165915.13,chr11,47415159,47415287,IR,False,82,104
ENSG00000165915.13,chr11,47408441,47408662,TSS,True,46,121
ENSG00000165915.13,chr11,47410083,47410395,TSS,True,107,121
ENSG00000165915.13,chr11,47415287,47416590,PAS,False,22,104
ENSG00000165915.13,chr11,47415059,47416586,PAS,False,84,103
ENSG00000150687.11,chr11,86800450,86800651,TSS,True,44,257
ENSG00000109971.13,chr11,123062063,123062238,TSS,True,102,521
ENSG00000109971.13,chr11,123058631,123058676,TSS,True,466,519
ENSG00000124942.13,chr11,62433540,62433891,PAS,True,163,187
ENSG00000124942.13,chr11,62529948,62534074,PAS,True,25,124
ENSG00000124942.13,chr11,62546659,62546870,TSS,True,73,187
ENSG00000072952.18,chr11,10573079,10576575,PAS,True,16,122
ENSG00000072952.18,chr11,10625965,10626437,TSS,True,136,202
ENSG00000072952.18,chr11,10693461,10693586,TSS,True,187,210
ENSG00000154096.13,chr11,119423112,119423224,TSS,True,13,118
ENSG00000085063.15,chr11,33736381,33736477,TSS,True,76,155
ENSG00000085063.15,chr11,33722378,33722467,TSS,True,137,155
ENSG00000172638.12,chr11,65866299,65867079,PAS,True,20,158
ENSG00000172638.12,chr11,65872682,65873622,TSS,True,40,161
ENSG00000172638.12,chr11,65871156,65872019,TSS,False,140,161
ENSG00000084234.17,chr11,130135715,130140397,ES,False,93,106
ENSG00000084234.17,chr11,130069835,130070082,TSS,True,77,151
ENSG00000185201.16,chr11,308116,308438,TSS,True,33,127
ENSG00000174080.10,chr11,66568273,66568610,TSS,False,16,124
ENSG00000117984.13,chr11,1763791,1763988,TSS,True,139,296
ENSG00000117984.13,chr11,1761308,1763976,TSS,True,266,296
ENSG00000149591.16,chr11,117199176,117199432,TSS,False,684,4257
ENSG00000182704.7,chr11,76782760,76783404,TSS,False,38,114
ENSG00000166333.13,chr11,6603822,6604225,3AS,False,231,311
ENSG00000166333.13,chr11,6603724,6603822,TSS,False,38,350
ENSG00000134333.13,chr11,18394559,18394636,TSS,False,56,243
ENSG00000084207.16,chr11,67583513,67583844,TSS,True,19,121
ENSG00000130600.18,chr11,1996517,1997824,TSS,True,31,139
ENSG00000110651.11,chr11,2377308,2377615,TSS,False,62,256
ENSG00000184232.8,chr11,120210748,120211510,TSS,True,19,109
ENSG00000023191.16,chr11,502181,507112,3AS,False,82,155
ENSG00000023191.16,chr11,507112,507279,TSS,True,145,304
ENSG00000023191.16,chr11,504823,506849,TSS,True,252,303
ENSG00000023191.16,chr11,504426,504709,TSS,False,262,303
ENSG00000177697.18,chr11,833026,836062,ES,False,37,148
ENSG00000177697.18,chr11,832731,833026,TSS,True,88,237
ENSG00000177697.18,chr11,834521,834591,TSS,False,211,237
ENSG00000050165.17,chr11,12009171,12009385,TSS,False,103,161
ENSG00000050165.17,chr11,12008369,12008649,TSS,True,92,161
ENSG00000076706.16,chr11,119309915,119310755,ES,False,26,176
ENSG00000076706.16,chr11,119317034,119317444,TSS,True,215,301
ENSG00000244734.4,chr11,5226929,5227071,TSS,True,34,172
ENSG00000244734.4,chr11,5226576,5226724,TSS,True,150,172
ENSG00000142089.15,chr11,320564,320898,TSS,True,55,408
ENSG00000110321.16,chr11,10808704,10808980,TSS,True,71,218
ENSG00000172757.12,chr11,65858096,65858215,TSS,True,81,377
ENSG00000172935.8,chr11,69013082,69013271,TSS,True,44,102
ENSG00000182087.13,chr19,1020771,1021251,TSS,True,44,119
ENSG00000104964.14,chr19,3062173,3062531,TSS,True,137,204
ENSG00000099622.13,chr19,1269327,1269410,TSS,True,45,141
ENSG00000099622.13,chr19,1272426,1274810,PAS,True,45,109
ENSG00000099622.13,chr19,1274648,1274810,PAS,True,83,122
ENSG00000105372.7,chr19,41860210,41860289,TSS,True,32,218
ENSG00000105220.15,chr19,34365009,34365388,TSS,True,45,116
ENSG00000130255.12,chr19,5690266,5690327,TSS,False,20,114
ENSG00000178980.14,chr19,47778284,47778814,TSS,True,129,207
ENSG00000024422.11,chr19,47713404,47713538,TSS,True,97,115
ENSG00000024422.11,chr19,47725981,47726224,TSS,False,103,115
ENSG00000197766.7,chr19,859524,859744,TSS,False,29,176
ENSG00000125503.12,chr19,55095866,55096373,TSS,True,93,110
ENSG00000125503.12,chr19,55117222,55117697,TSS,True,98,111
ENSG00000125503.12,chr19,55095444,55095601,TSS,True,92,110
ENSG00000125503.12,chr19,55096050,55096815,TSS,True,88,110
ENSG00000170889.13,chr19,54200830,54200888,TSS,True,90,243
ENSG00000170889.13,chr19,54201157,54201281,TSS,True,200,243
ENSG00000105701.15,chr19,18538433,18539370,3AS,False,70,180
ENSG00000105701.15,chr19,18543485,18543620,TSS,True,24,189
ENSG00000104936.17,chr19,45770204,45770249,IR,False,58,136
ENSG00000104936.17,chr19,45770640,45771567,ES,False,89,132
ENSG00000104936.17,chr19,45775034,45777341,5AS,False,27,126
ENSG00000104936.17,chr19,45769707,45770640,PAS,True,62,139
ENSG00000104936.17,chr19,45769716,45770204,PAS,True,82,140
ENSG00000104936.17,chr19,45782192,45784134,TSS,True,59,151
ENSG00000167658.15,chr19,3985377,3985472,TSS,True,206,477
ENSG00000179218.13,chr19,12938606,12938770,TSS,True,53,191
ENSG00000070404.9,chr19,676373,676526,TSS,False,147,208
ENSG00000126458.3,chr19,49639945,49640154,TSS,True,20,120
ENSG00000172270.19,chr19,572512,572701,TSS,True,31,163
ENSG00000105193.8,chr19,39435847,39435986,TSS,True,100,213
ENSG00000105193.8,chr19,39435606,39435710,TSS,True,121,213
ENSG00000130176.7,chr19,11538810,11538990,TSS,True,315,1307
ENSG00000179820.15,chr19,53867875,53867943,TSS,False,67,100
ENSG00000105664.10,chr19,18791190,18791307,TSS,False,141,444
ENSG00000105373.18,chr19,47745517,47745783,TSS,True,50,141
ENSG00000105373.18,chr19,47756707,47756744,TSS,True,113,140
ENSG00000088256.8,chr19,3094361,3094787,TSS,True,86,119
ENSG00000088256.8,chr19,3094335,3094566,TSS,True,88,119
ENSG00000105568.17,chr19,52189990,52190174,TSS,True,40,167
ENSG00000128016.5,chr19,39406845,39406928,TSS,False,74,123
ENSG00000074842.7,chr19,4670160,4670409,TSS,True,57,115
ENSG00000123143.12,chr19,14433174,14433542,TSS,True,24,105
ENSG00000006016.10,chr19,18594107,18594246,3AS,True,151,244
ENSG00000006016.10,chr19,18606541,18606855,TSS,False,67,262
ENSG00000104870.12,chr19,49512261,49512750,TSS,True,53,123
ENSG00000104870.12,chr19,49513020,49513473,TSS,True,89,123
ENSG00000104805.15,chr19,48900264,48900372,TSS,False,56,217
ENSG00000104805.15,chr19,48900783,48900931,TSS,True,189,217
ENSG00000126934.13,chr19,4123783,4124170,TSS,True,37,105
ENSG00000087074.7,chr19,48872406,48872651,TSS,False,30,181
ENSG00000087074.7,chr19,48873911,48874898,TSS,True,150,174
ENSG00000064961.18,chr19,3572910,3572994,TSS,True,24,100
ENSG00000269858.5,chr19,40799165,40799262,TSS,False,25,111
ENSG00000269858.5,chr19,40800218,40801415,TSS,True,90,111
ENSG00000083845.8,chr19,58387244,58387339,TSS,False,22,187
ENSG00000108107.14,chr19,55384686,55385965,TSS,False,26,105
ENSG00000108107.14,chr19,55385914,55386438,TSS,True,90,105
ENSG00000167460.15,chr19,16076322,16076697,TSS,True,259,460
ENSG00000167460.15,chr19,16067021,16067738,TSS,False,350,460
ENSG00000197256.10,chr19,11197484,11197587,TSS,True,150,235
ENSG00000197256.10,chr19,11192830,11194039,TSS,True,200,229
ENSG00000107796.13,chr10,88952730,88952817,TSS,True,360,2338
ENSG00000166033.12,chr10,122461426,122462124,TSS,False,31,166
ENSG00000166033.12,chr10,122502530,122506885,TSS,False,147,164
ENSG00000077943.7,chr10,15513953,15517244,PAS,False,33,116
ENSG00000077943.7,chr10,15719562,15719975,TSS,False,167,217
ENSG00000077943.7,chr10,15718765,15719374,TSS,True,194,217
ENSG00000168209.4,chr10,72273920,72274060,TSS,True,36,232
ENSG00000067082.14,chr10,3784912,3785253,TSS,True,37,102
ENSG00000067057.16,chr10,3067340,3067707,TSS,True,34,114
ENSG00000121898.12,chr10,123761871,123762113,TSS,True,128,150
ENSG00000121898.12,chr10,123891355,123891874,TSS,True,74,152
ENSG00000122359.17,chr10,80172869,80205342,ES,False,42,141
ENSG00000122359.17,chr10,80205342,80205839,TSS,True,84,226
ENSG00000122359.17,chr10,80170799,80170918,TSS,True,200,226
ENSG00000150093.18,chr10,32900317,32901635,PAS,True,42,358
ENSG00000150093.18,chr10,32958144,32958379,TSS,True,110,368
ENSG00000197746.13,chr10,71822007,71825836,5AS,True,155,616
ENSG00000197746.13,chr10,71851181,71851322,TSS,True,215,786
ENSG00000035403.17,chr10,73997891,73998375,TSS,True,187,228
ENSG00000169813.16,chr10,43409130,43409209,TSS,True,47,103
ENSG00000169813.16,chr10,43407716,43407818,TSS,False,87,103
ENSG00000197321.14,chr10,29457337,29458333,PAS,True,58,109
ENSG00000197321.14,chr10,29736684,29737076,TSS,False,82,112
ENSG00000170759.10,chr10,32008197,32011516,PAS,False,114,135
ENSG00000170759.10,chr10,32034748,32034838,PAS,True,13,121
ENSG00000170759.10,chr10,32055847,32056448,TSS,False,35,152
ENSG00000100664.10,chr14,103334182,103334260,TSS,False,17,107
ENSG00000100664.10,chr14,103338326,103338441,PAS,False,67,102
ENSG00000100664.10,chr14,103340962,103345022,PAS,True,40,105
ENSG00000197102.11,chr14,101964520,101964947,TSS,True,82,104
ENSG00000197324.8,chr14,22871716,22872337,TSS,True,53,106
ENSG00000165410.14,chr14,34714537,34714702,TSS,False,26,121
ENSG00000080824.18,chr14,102080737,102081821,PAS,True,48,106
ENSG00000080824.18,chr14,102086985,102087336,TSS,True,55,113
ENSG00000182809.10,chr14,105474583,105474905,TSS,True,38,144
ENSG00000142208.16,chr14,104795483,104795787,TSS,True,31,243
ENSG00000170348.8,chr14,75176354,75176636,TSS,True,22,114
ENSG00000198668.10,chr14,90397026,90397233,TSS,True,90,591
ENSG00000129538.13,chr14,20802796,20802844,TSS,True,62,141
ENSG00000072110.13,chr14,68877240,68879961,ME,False,29,258
ENSG00000072110.13,chr14,68978951,68979363,TSS,True,185,374
ENSG00000166165.12,chr14,103522765,103522848,TSS,True,331,600
ENSG00000166165.12,chr14,103521262,103521481,TSS,True,436,595
ENSG00000166165.12,chr14,103522022,103522833,TSS,True,531,598
ENSG00000074800.15,chr1,8878579,8879273,TSS,True,160,575
ENSG00000074800.15,chr1,8863234,8863500,TSS,True,464,572
ENSG00000162599.15,chr1,61082207,61082818,TSS,True,69,118
ENSG00000162599.15,chr1,61082621,61088680,TSS,False,104,118
ENSG00000158828.7,chr1,20633448,20633935,TSS,False,19,104
ENSG00000078808.16,chr1,1228467,1229094,TSS,False,147,174
ENSG00000078808.16,chr1,1231891,1232067,TSS,True,51,174
ENSG00000135842.16,chr1,184974301,184974918,TSS,False,78,119
ENSG00000197956.9,chr1,153535948,153536235,TSS,False,35,276
ENSG00000174348.13,chr1,53061729,53062308,TSS,True,98,181
ENSG00000174348.13,chr1,53067092,53070167,TSS,True,157,178
ENSG00000174348.13,chr1,53084512,53085501,PAS,True,16,144
ENSG00000153187.19,chr1,244851173,244854503,PAS,True,16,111
ENSG00000153187.19,chr1,244856525,244856856,PAS,True,92,103
ENSG00000153187.19,chr1,244863673,244864567,TSS,True,59,118
ENSG00000153187.19,chr1,244863616,244864545,TSS,True,83,117
ENSG00000116209.11,chr1,54040837,54041723,3AS,True,74,122
ENSG00000116209.11,chr1,54052999,54053441,TSS,True,21,132
ENSG00000162458.12,chr1,15758727,15758848,TSS,True,144,219
ENSG00000162458.12,chr1,15774636,15774796,TSS,True,141,219
ENSG00000077157.21,chr1,202539470,202540241,TSS,False,76,124
ENSG00000077157.21,chr1,202539459,202539880,TSS,True,110,124
ENSG00000162734.12,chr1,160205356,160205522,TSS,True,54,122
ENSG00000162614.18,chr1,77888144,77888759,TSS,True,35,104
ENSG00000143761.15,chr1,228082667,228082765,TSS,True,45,277
ENSG00000173369.15,chr1,22653119,22653303,TSS,True,35,116
ENSG00000142798.19,chr1,21827919,21828254,ES,True,12,110
ENSG00000142798.19,chr1,21819798,21823488,PAS,True,108,235
ENSG00000142798.19,chr1,21937154,21937326,TSS,False,281,313
ENSG00000142798.19,chr1,21832494,21832569,TSS,True,184,211
ENSG00000142798.19,chr1,21828834,21830419,TSS,True,187,209
ENSG00000009307.15,chr1,114757924,114758025,TSS,True,64,214
ENSG00000184007.20,chr1,31937986,31938382,TSS,True,28,155
ENSG00000188257.11,chr1,19978733,19979595,TSS,True,191,242
ENSG00000188257.11,chr1,19979579,19979661,TSS,True,84,242
ENSG00000116194.12,chr1,178869113,178869316,TSS,True,60,108
ENSG00000116194.12,chr1,178870740,178871105,TSS,True,73,108
ENSG00000116194.12,chr1,178864953,178865448,TSS,True,96,108
ENSG00000159176.13,chr1,201507069,201507373,TSS,True,288,913
ENSG00000135821.18,chr1,182391678,182391826,TSS,True,78,145
ENSG00000117318.8,chr1,23558415,23558934,IR,True,118,134
ENSG00000117318.8,chr1,23559019,23559126,IR,True,119,134
ENSG00000117318.8,chr1,23557922,23558415,PAS,True,16,134
ENSG00000117318.8,chr1,23559126,23559503,TSS,True,15,134
ENSG00000155366.16,chr1,112703806,112707077,ES,False,39,100
ENSG00000155366.16,chr1,112707077,112707369,TSS,False,26,126
ENSG00000142676.14,chr1,23691829,23692611,3AS,False,17,133
ENSG00000142676.14,chr1,23691780,23691829,TSS,False,59,193
ENSG00000142676.14,chr1,23692139,23693913,TSS,True,158,193
ENSG00000078369.17,chr1,1825499,1890819,ES,False,18,168
ENSG00000078369.17,chr1,1890819,1891427,TSS,True,32,201
ENSG00000122176.11,chr1,203347291,203348059,TSS,True,48,150
ENSG00000122176.11,chr1,203351032,203351526,TSS,True,120,150
ENSG00000169504.14,chr1,24745325,24745625,TSS,True,63,256
ENSG00000158747.14,chr1,19644187,19644446,TSS,False,52,192
ENSG00000142937.11,chr1,44775522,44775600,TSS,True,64,222
ENSG00000142937.11,chr1,44775558,44776140,TSS,True,186,222
ENSG00000142937.11,chr1,44778575,44778753,PAS,False,22,219
ENSG00000173641.17,chr1,16017764,16018046,TSS,True,91,138
ENSG00000173641.17,chr1,16017073,16017195,TSS,True,114,138
ENSG00000163468.14,chr1,156338153,156338331,TSS,True,23,116
ENSG00000122406.13,chr1,92831989,92832117,TSS,False,23,113
ENSG00000160789.19,chr1,156114537,156115274,TSS,True,111,453
ENSG00000160789.19,chr1,156137653,156140079,PAS,True,217,391
ENSG00000160789.19,chr1,156139079,156140087,PAS,True,180,416
ENSG00000131236.16,chr1,40040783,40059336,5AS,False,34,124
ENSG00000131236.16,chr1,40040801,40059336,3AS,False,89,128
ENSG00000131236.16,chr1,40040240,40040801,TSS,True,99,228
ENSG00000131236.16,chr1,40040243,40040783,TSS,True,172,228
ENSG00000188783.5,chr1,203475817,203475938,TSS,False,208,297
ENSG00000188783.5,chr1,203483673,203484157,TSS,True,198,295
ENSG00000143774.16,chr1,228140363,228145510,ES,False,155,187
ENSG00000143774.16,chr1,228140225,228140363,TSS,True,22,210
ENSG00000163431.12,chr1,201946079,201946580,TSS,True,146,243
ENSG00000163431.12,chr1,201899236,201900075,TSS,True,156,231
PB_novel_51308,chr11_KI270721v1_random,51699,52939,TSS,True,21,148
ENSG00000196923.13,chr5,177482862,177483730,PAS,True,21,206
ENSG00000196923.13,chr5,177497527,177497637,TSS,True,113,216
ENSG00000196923.13,chr5,177491009,177492041,TSS,True,191,215
ENSG00000112936.18,chr5,40909273,40909616,TSS,False,171,367
ENSG00000112936.18,chr5,40981391,40984518,PAS,True,34,324
ENSG00000113140.10,chr5,151686864,151687036,TSS,True,221,575
ENSG00000120708.16,chr5,136028853,136029189,TSS,True,60,104
ENSG00000120708.16,chr5,136046437,136047015,TSS,True,90,104
ENSG00000120129.5,chr5,172767199,172769132,PAS,False,61,312
ENSG00000120129.5,chr5,172770585,172771198,TSS,False,68,312
ENSG00000131446.16,chr5,180802679,180802855,TSS,True,82,165
ENSG00000181163.13,chr5,171410526,171410904,PAS,True,15,129
ENSG00000181163.13,chr5,171406396,171410882,PAS,False,114,127
ENSG00000197043.13,chr5,151109846,151117126,ES,False,21,206
ENSG00000197043.13,chr5,151157679,151157949,TSS,True,36,224
ENSG00000019582.14,chr5,150402625,150404679,ES,False,156,186
ENSG00000019582.14,chr5,150412624,150412856,TSS,True,41,219
ENSG00000145730.20,chr5,102755028,102755348,TSS,False,50,113
ENSG00000145730.20,chr5,102865497,102866284,TSS,True,80,111
ENSG00000145936.8,chr5,170389258,170389578,TSS,True,36,127
ENSG00000044115.20,chr5,138753379,138753510,TSS,True,47,110
ENSG00000044115.20,chr5,138930471,138930654,TSS,False,96,108
ENSG00000145741.15,chr5,73498430,73498799,TSS,True,90,104
ENSG00000145741.15,chr5,73498425,73498558,TSS,True,21,104
ENSG00000131711.14,chr5,72107198,72107715,TSS,True,151,333
ENSG00000131711.14,chr5,72197210,72200367,TSS,True,43,101
ENSG00000131711.14,chr5,72205083,72209568,PAS,False,232,296
ENSG00000161011.19,chr5,179820881,179821141,TSS,True,47,118
ENSG00000113758.13,chr5,177473435,177473746,TSS,True,42,126
ENSG00000164587.12,chr5,150449702,150449742,TSS,False,36,298
ENSG00000169223.14,chr5,177351451,177353179,TSS,False,12,113
ENSG00000127022.14,chr5,179698902,179699102,TSS,True,56,200
ENSG00000211445.11,chr5,151020538,151020741,TSS,True,98,594
ENSG00000113657.12,chr5,147390805,147394123,PAS,True,23,121
ENSG00000113657.12,chr5,147397665,147397842,TSS,True,82,170
ENSG00000164530.14,chr6,36963033,36963822,5AS,False,55,128
ENSG00000164530.14,chr6,36963962,36964385,IR,True,108,136
ENSG00000164530.14,chr6,36954693,36954931,TSS,True,28,156
ENSG00000164530.14,chr6,36964385,36964837,PAS,True,38,148
ENSG00000164530.14,chr6,36963822,36964839,PAS,True,120,148
ENSG00000112562.18,chr6,168441105,168441454,TSS,False,42,105
ENSG00000118523.5,chr6,131951106,131951374,TSS,False,87,292
ENSG00000124491.15,chr6,6144070,6145772,PAS,False,16,123
ENSG00000124491.15,chr6,6320586,6320662,TSS,True,34,135
ENSG00000168477.19,chr6,32041148,32041450,PAS,True,19,167
ENSG00000168477.19,chr6,32043174,32045496,TSS,True,138,156
ENSG00000234745.10,chr6,31357085,31357218,TSS,True,45,112
ENSG00000234745.10,chr6,31356687,31357179,TSS,True,95,112
ENSG00000234745.10,chr6,31356166,31357179,TSS,True,100,112
ENSG00000196230.12,chr6,30720274,30720563,TSS,False,98,370
ENSG00000112096.17,chr6,159693144,159693337,TSS,True,51,122
ENSG00000096384.19,chr6,44247057,44247195,TSS,False,40,370
ENSG00000172201.11,chr6,19838195,19838583,IR,True,97,114
ENSG00000172201.11,chr6,19838642,19839209,IR,True,101,114
ENSG00000172201.11,chr6,19837370,19838195,TSS,False,22,121
ENSG00000172201.11,chr6,19839209,19842193,PAS,False,13,116
ENSG00000096060.14,chr6,35688803,35688999,TSS,False,36,100
ENSG00000213719.8,chr6,31736261,31736566,TSS,True,15,124
ENSG00000186340.15,chr6,169215784,169217829,PAS,True,26,211
ENSG00000186340.15,chr6,169253723,169253903,TSS,True,129,225
ENSG00000137312.14,chr6,30742526,30742825,TSS,True,68,204
ENSG00000137312.14,chr6,30740157,30740311,TSS,True,158,202
ENSG00000156508.17,chr6,73520999,73521033,TSS,False,468,1279
ENSG00000156508.17,chr6,73518931,73519329,TSS,True,1064,1278
ENSG00000204525.16,chr6,31271998,31272133,TSS,False,48,123
ENSG00000204525.16,chr6,31271072,31272090,TSS,True,104,123
ENSG00000204525.16,chr6,31271598,31272090,TSS,True,105,123
ENSG00000112081.16,chr6,36593761,36594481,TSS,True,11,105
ENSG00000239264.8,chr6,7910513,7911011,TSS,False,16,111
ENSG00000206503.12,chr6,29942481,29942626,TSS,True,107,247
ENSG00000206503.12,chr6,29942531,29943026,TSS,True,191,247
ENSG00000204592.8,chr6,30489472,30489595,TSS,False,181,337
ENSG00000112335.14,chr6,108223045,108260825,5AS,False,11,103
ENSG00000112335.14,chr6,108260759,108261045,TSS,True,16,107
ENSG00000112335.14,chr6,108260825,108261040,TSS,True,96,107
ENSG00000137409.19,chr6,36970694,36972702,5AS,False,149,226
ENSG00000137409.19,chr6,36985852,36986447,TSS,True,44,266
ENSG00000196557.12,chr16,1218651,1219002,3AS,False,20,103
ENSG00000196557.12,chr16,1215850,1218040,TSS,True,139,167
ENSG00000196557.12,chr16,1218209,1218651,TSS,True,104,166
ENSG00000206172.8,chr16,176680,176811,TSS,True,42,102
ENSG00000206172.8,chr16,176926,177133,TSS,True,73,102
ENSG00000134419.15,chr16,18790309,18790336,TSS,False,30,263
ENSG00000140682.18,chr16,31472130,31472201,TSS,True,61,319
ENSG00000087245.12,chr16,55478976,55479632,TSS,False,146,861
ENSG00000149925.18,chr16,30065720,30065927,TSS,True,148,647
ENSG00000090863.11,chr16,74606656,74607132,TSS,True,50,102
ENSG00000167526.13,chr16,89560649,89560712,TSS,False,42,410
ENSG00000133392.17,chr16,15704123,15714908,ES,False,372,861
ENSG00000133392.17,chr16,15703133,15704123,PAS,True,254,1119
ENSG00000133392.17,chr16,15738623,15738688,PAS,True,490,608
ENSG00000133392.17,chr16,15856940,15857362,TSS,True,961,1234
ENSG00000168140.4,chr16,4371847,4371993,TSS,False,119,203
ENSG00000188536.13,chr16,172876,173007,TSS,True,105,333
ENSG00000188536.13,chr16,173123,173329,TSS,True,237,333
ENSG00000184110.14,chr16,28711448,28711518,TSS,True,49,162
ENSG00000140988.15,chr16,1964448,1964826,TSS,True,768,865
ENSG00000140988.15,chr16,1964806,1964828,TSS,True,191,865
ENSG00000013364.18,chr16,29820419,29820510,TSS,True,77,124
ENSG00000013364.18,chr16,29844533,29844879,TSS,True,76,120
ENSG00000101608.12,chr18,3247784,3247909,TSS,True,20,137
ENSG00000176014.12,chr18,12308136,12308349,TSS,True,61,198
ENSG00000176014.12,chr18,12325066,12326577,PAS,True,16,143
ENSG00000152234.15,chr18,46098171,46098316,TSS,True,22,160
ENSG00000002586.19,chrX,2726373,2738202,3AS,False,14,131
ENSG00000002586.19,chrX,2690987,2691427,TSS,True,37,168
ENSG00000133142.17,chrX,103585464,103585624,TSS,True,39,153
ENSG00000182220.14,chrX,40580911,40581102,TSS,True,18,116
ENSG00000101955.14,chrX,38174351,38220695,ES,False,46,200
ENSG00000101955.14,chrX,38220695,38220913,TSS,True,30,231
ENSG00000196924.15,chrX,154355072,154357433,ES,False,699,778
ENSG00000196924.15,chrX,154348523,154349036,PAS,True,305,2654
ENSG00000196924.15,chrX,154367412,154367544,PAS,True,168,203
ENSG00000196924.15,chrX,154353553,154354201,TSS,False,1894,2538
ENSG00000102144.14,chrX,78104196,78104405,TSS,False,23,205
ENSG00000185825.16,chrX,153724333,153724437,TSS,False,18,130
ENSG00000022267.16,chrX,136147446,136147628,TSS,True,244,342
ENSG00000022267.16,chrX,136169737,136169980,TSS,True,299,342
ENSG00000022267.16,chrX,136197023,136197134,TSS,True,294,341
ENSG00000022267.16,chrX,136204901,136204939,TSS,True,291,341
ENSG00000169100.13,chrX,1391898,1392911,TSS,True,78,295
ENSG00000102024.17,chrX,115561106,115561260,TSS,True,23,117
ENSG00000102316.16,chrX,54807596,54807802,TSS,True,60,131
ENSG00000102316.16,chrX,54808334,54808433,TSS,True,96,131
ENSG00000102316.16,chrX,54815880,54816059,PAS,False,15,131
ENSG00000182492.15,chrX,153494831,153495113,TSS,True,147,251
ENSG00000157514.16,chrX,107716689,107717062,TSS,True,43,182
ENSG00000102265.11,chrX,47582220,47582474,TSS,True,62,475
ENSG00000134871.18,chr13,110307021,110307528,TSS,True,436,527
ENSG00000134871.18,chr13,110511933,110513032,PAS,True,89,486
ENSG00000185896.10,chr13,113297092,113297495,TSS,False,25,114
ENSG00000102802.9,chr13,30906194,30906793,TSS,True,16,145
ENSG00000187498.15,chr13,110306943,110307669,TSS,True,282,335
ENSG00000183722.8,chr13,39600831,39603508,TSS,True,31,233
ENSG00000183087.14,chr13,113863832,113864108,TSS,True,276,540
ENSG00000133112.16,chr13,45341041,45341258,TSS,True,77,382
ENSG00000189403.14,chr13,30465795,30465967,TSS,True,51,148
ENSG00000102804.14,chr13,44436503,44436857,TSS,True,29,158
ENSG00000049540.16,chr7,74046767,74048141,ES,False,27,211
ENSG00000049540.16,chr7,74056713,74059885,ES,False,101,266
ENSG00000049540.16,chr7,74065732,74066731,ES,False,163,295
ENSG00000049540.16,chr7,74027789,74028269,TSS,True,262,432
ENSG00000136235.16,chr7,23246731,23246927,TSS,True,27,114
ENSG00000136235.16,chr7,23274064,23275108,PAS,True,11,107
ENSG00000105993.14,chr7,157336847,157337144,TSS,True,19,101
ENSG00000135269.17,chr7,116210470,116210734,TSS,True,47,241
ENSG00000105974.11,chr7,116524979,116525092,TSS,True,110,138
ENSG00000105974.11,chr7,116526328,116526689,TSS,True,61,138
ENSG00000164692.17,chr7,94394693,94395101,TSS,True,894,1642
ENSG00000128591.15,chr7,128852942,128853621,TSS,True,241,335
ENSG00000106211.8,chr7,76302672,76303076,TSS,False,450,1352
ENSG00000106211.8,chr7,76303813,76303865,TSS,True,951,1352
ENSG00000130429.14,chr7,99374245,99374781,TSS,True,31,121
ENSG00000128595.16,chr7,128748804,128758870,ME,False,49,188
ENSG00000128595.16,chr7,128739239,128739432,TSS,True,40,227
ENSG00000136238.17,chr7,6374432,6374770,TSS,True,22,114
ENSG00000075624.14,chr7,5530523,5530604,TSS,True,660,2852
ENSG00000159840.15,chr7,143380384,143381409,TSS,False,135,205
ENSG00000159840.15,chr7,143382049,143383322,TSS,True,177,205
ENSG00000136240.9,chr7,6483966,6484223,TSS,True,14,134
ENSG00000240583.11,chr7,30911731,30912293,TSS,False,158,295
ENSG00000106682.14,chr7,74174162,74174442,TSS,True,55,183
ENSG00000122786.19,chr7,134933390,134941091,5AS,False,46,118
ENSG00000122786.19,chr7,134779389,134779749,TSS,True,387,910
ENSG00000122786.19,chr7,134933123,134934077,TSS,True,350,452
ENSG00000122786.19,chr7,134968339,134970728,PAS,True,567,855
ENSG00000122786.19,chr7,134932987,134937664,PAS,True,189,582
ENSG00000106624.10,chr7,44104228,44104918,TSS,True,335,407
ENSG00000106624.10,chr7,44112573,44112909,TSS,True,302,397
ENSG00000106333.12,chr7,100605812,100606415,IR,True,132,149
ENSG00000106333.12,chr7,100604408,100606630,TSS,True,137,153
ENSG00000106333.12,chr7,100602333,100602551,TSS,True,48,154
ENSG00000101000.5,chr20,35171963,35172224,TSS,False,49,123
ENSG00000101000.5,chr20,35174780,35174953,TSS,False,87,123
ENSG00000118705.16,chr20,37178397,37179369,TSS,True,34,201
ENSG00000198959.11,chr20,38165188,38165430,TSS,True,197,235
ENSG00000198959.11,chr20,38161419,38161601,TSS,True,208,235
ENSG00000198959.11,chr20,38155846,38156090,TSS,True,210,235
ENSG00000198959.11,chr20,38131092,38131129,TSS,True,205,229
ENSG00000064205.10,chr20,44714834,44715161,TSS,True,113,132
ENSG00000064205.10,chr20,44715021,44715450,TSS,True,71,132
ENSG00000100994.11,chr20,25248012,25248421,TSS,False,58,134
ENSG00000087460.24,chr20,58895684,58903527,ES,False,132,163
ENSG00000087460.24,chr20,58895684,58903530,ES,False,66,310
ENSG00000087460.24,chr20,58895684,58903530,3AS,False,66,229
ENSG00000087460.24,chr20,58898985,58903530,3AS,False,246,280
ENSG00000087460.24,chr20,58889181,58891865,TSS,True,69,524
ENSG00000101182.14,chr20,62139074,62139185,TSS,True,91,211
ENSG00000101182.14,chr20,62143207,62143457,TSS,True,129,211
ENSG00000101335.9,chr20,36541417,36541561,TSS,True,163,378
ENSG00000100979.14,chr20,45912078,45912208,TSS,True,64,268
ENSG00000082781.11,chr3,124886930,124887685,TSS,False,58,205
ENSG00000047849.21,chr3,47853162,47853298,TSS,True,122,190
ENSG00000114353.16,chr3,50236157,50236453,TSS,True,33,155
ENSG00000163520.13,chr3,13619831,13626444,ES,False,111,263
ENSG00000163520.13,chr3,13549060,13549208,TSS,True,193,347
ENSG00000163520.13,chr3,13570308,13571661,TSS,True,271,344
ENSG00000170275.14,chr3,33113963,33114548,TSS,True,41,128
ENSG00000065534.18,chr3,123618767,123620206,3AS,False,98,639
ENSG00000065534.18,chr3,123620206,123620545,TSS,True,366,789
ENSG00000065534.18,chr3,123700019,123701257,TSS,True,650,805
ENSG00000233276.4,chr3,49358026,49358325,TSS,True,26,162
ENSG00000181061.13,chr3,42804435,42804526,TSS,True,15,147
ENSG00000163430.11,chr3,120450896,120451339,TSS,True,75,407
ENSG00000010256.10,chr3,48609551,48609668,TSS,True,35,166
ENSG00000010256.10,chr3,48600679,48602297,TSS,True,141,165
ENSG00000067560.10,chr3,49411819,49412221,TSS,True,43,252
ENSG00000163931.15,chr3,53255835,53256068,TSS,True,26,107
ENSG00000074416.14,chr3,127823083,127823394,TSS,False,77,138
ENSG00000074416.14,chr3,127822308,127823542,TSS,True,117,138
ENSG00000010327.10,chr3,52521005,52521595,ES,True,11,100
ENSG00000010327.10,chr3,52523756,52523873,3AS,True,41,136
ENSG00000010327.10,chr3,52519123,52519404,TSS,True,133,154
ENSG00000163513.17,chr3,30606488,30606977,TSS,True,101,146
ENSG00000172037.13,chr3,49124700,49124926,TSS,True,130,147
ENSG00000172037.13,chr3,49132791,49133082,TSS,True,129,152
ENSG00000169714.16,chr3,129171277,129171445,3AS,False,124,158
ENSG00000169714.16,chr3,129171538,129171654,5AS,False,77,156
ENSG00000156976.16,chr3,186783639,186784431,3AS,False,80,114
ENSG00000156976.16,chr3,186783556,186783639,TSS,True,17,133
ENSG00000068001.13,chr3,50321365,50321478,TSS,True,89,100
ENSG00000068001.13,chr3,50322652,50322850,TSS,True,28,100
ENSG00000161203.13,chr3,184180251,184180848,3AS,True,98,242
ENSG00000161203.13,chr3,184174815,184174959,TSS,False,26,254
ENSG00000164054.15,chr3,48504018,48504380,TSS,False,62,107
ENSG00000164054.15,chr3,48473009,48473208,TSS,True,69,107
ENSG00000058262.9,chr3,128052302,128052559,TSS,False,110,174
ENSG00000174748.20,chr3,23917129,23917173,TSS,False,55,314
ENSG00000144746.6,chr3,69084983,69085223,TSS,True,17,169
ENSG00000144810.15,chr3,99638473,99638664,TSS,True,33,115
ENSG00000175166.16,chr3,184299151,184299401,TSS,False,28,158
ENSG00000091986.15,chr3,112638156,112639916,PAS,False,57,322
ENSG00000091986.15,chr3,112604162,112605763,PAS,True,408,531
ENSG00000091986.15,chr3,112640326,112641299,TSS,True,356,625
ENSG00000091986.15,chr3,112638027,112639748,TSS,False,170,243
ENSG00000168386.18,chr3,99876071,99876518,TSS,True,30,197
ENSG00000182899.16,chr3,197950181,197950221,TSS,True,22,121
