gene,chr,start,end,splice_type,novel,psoas_muscle_ENCFF193WEX_in_cov,psoas_muscle_ENCFF193WEX_total_cov
ENSG00000280071.3,chr21,5128213,5128453,TSS,True,26,235
ENSG00000141959.16,chr21,44299728,44300190,TSS,True,25,147
ENSG00000154734.14,chr21,26844224,26845409,TSS,False,34,171
ENSG00000154734.14,chr21,26842338,26845410,TSS,True,150,171
ENSG00000157557.11,chr21,38805470,38806120,TSS,True,102,242
ENSG00000157557.11,chr21,38821605,38821704,TSS,True,193,226
ENSG00000154723.12,chr21,25725225,25725297,TSS,True,173,199
ENSG00000154723.12,chr21,25734852,25734925,TSS,True,47,199
ENSG00000160194.17,chr21,42897047,42908863,ES,True,68,102
ENSG00000142173.14,chr21,46097844,46098173,TSS,True,78,206
ENSG00000142173.14,chr21,46131953,46132850,PAS,False,60,206
ENSG00000142173.14,chr21,46129195,46132849,PAS,True,150,188
ENSG00000185437.13,chr21,39451832,39452141,TSS,True,19,127
ENSG00000185437.13,chr21,39452713,39452829,TSS,True,113,127
ENSG00000138032.20,chr2,44232315,44234074,PAS,True,87,123
ENSG00000138032.20,chr2,44230412,44231473,PAS,False,37,123
ENSG00000187514.16,chr2,231708523,231708751,TSS,True,23,107
ENSG00000023228.13,chr2,206159340,206159522,TSS,True,16,156
ENSG00000204843.12,chr2,74391793,74392075,TSS,False,49,229
ENSG00000079246.15,chr2,216205187,216206293,PAS,True,14,102
ENSG00000135926.14,chr2,218292465,218292597,TSS,True,67,137
ENSG00000065911.11,chr2,74198742,74205704,ES,True,76,105
ENSG00000065911.11,chr2,74198742,74207703,ES,False,15,123
ENSG00000079156.16,chr2,178339094,178349223,ES,False,119,166
ENSG00000079156.16,chr2,178194309,178194674,TSS,True,48,180
ENSG00000163092.19,chr2,167187354,167187531,TSS,False,738,1477
ENSG00000163092.19,chr2,167250512,167251947,TSS,True,57,245
ENSG00000163092.19,chr2,167257856,167259753,PAS,True,1235,1427
ENSG00000127837.9,chr2,218269534,218269965,3AS,False,122,139
ENSG00000115694.14,chr2,241508135,241508504,5AS,False,29,234
ENSG00000115694.14,chr2,241508005,241508623,TSS,True,328,500
ENSG00000115694.14,chr2,241508442,241508635,TSS,True,294,500
ENSG00000168385.17,chr2,241315982,241324215,ES,False,99,118
ENSG00000168385.17,chr2,241315861,241315982,TSS,True,18,145
ENSG00000168530.15,chr2,210303541,210303616,TSS,True,625,1271
ENSG00000168530.15,chr2,210314910,210315171,TSS,False,671,1271
ENSG00000115677.16,chr2,241315101,241315254,TSS,True,230,529
ENSG00000115677.16,chr2,241272760,241272937,TSS,True,468,529
ENSG00000115677.16,chr2,241315569,241315846,TSS,True,437,529
ENSG00000115310.17,chr2,55049744,55050553,TSS,True,79,112
ENSG00000071082.10,chr2,101002260,101002315,TSS,True,53,209
ENSG00000071082.10,chr2,101002291,101002808,TSS,True,180,209
ENSG00000077044.10,chr2,233418895,233419421,TSS,False,264,328
ENSG00000077044.10,chr2,233469370,233472104,PAS,True,65,182
ENSG00000077044.10,chr2,233467085,233472094,PAS,False,104,167
ENSG00000169764.15,chr2,63840947,63841232,TSS,True,118,287
ENSG00000169764.15,chr2,63841330,63842204,TSS,True,203,285
ENSG00000061676.14,chr2,183037991,183038501,TSS,True,17,126
ENSG00000138435.15,chr2,174757675,174759330,ES,False,91,143
ENSG00000138435.15,chr2,174764351,174764520,TSS,True,35,179
ENSG00000243147.7,chr2,27772692,27779432,ES,False,45,117
ENSG00000243147.7,chr2,27771655,27771799,TSS,True,42,156
ENSG00000243147.7,chr2,27771720,27771803,TSS,True,139,156
ENSG00000163126.14,chr2,96838088,96838498,3AS,True,170,207
ENSG00000163126.14,chr2,96836258,96839644,PAS,True,348,2036
ENSG00000114942.13,chr2,206159580,206159684,TSS,True,148,181
ENSG00000114942.13,chr2,206159602,206160059,TSS,True,39,181
ENSG00000063660.8,chr2,240435349,240436084,TSS,False,57,215
ENSG00000115216.13,chr2,27428318,27428731,TSS,True,22,137
ENSG00000123983.13,chr2,222887888,222908732,ES,False,106,172
ENSG00000075426.11,chr2,28392851,28393822,TSS,False,43,111
ENSG00000143933.16,chr2,47176440,47176516,TSS,False,33,255
ENSG00000091436.16,chr2,173075526,173076002,TSS,True,191,562
ENSG00000091436.16,chr2,173090477,173090830,TSS,False,457,562
ENSG00000115524.15,chr2,197389783,197392461,PAS,True,28,105
ENSG00000115524.15,chr2,197405095,197405177,PAS,True,76,102
ENSG00000115524.15,chr2,197434971,197435113,TSS,True,15,109
ENSG00000136717.14,chr2,127050912,127059010,ES,False,964,2225
ENSG00000072195.14,chr2,219489333,219489939,TSS,True,63,100
ENSG00000072195.14,chr2,219491804,219491869,TSS,False,78,100
ENSG00000130414.11,chr2,240025226,240025394,TSS,True,24,140
ENSG00000155657.26,chr2,178527307,178528273,ES,True,29,217
ENSG00000155657.26,chr2,178525988,178527307,PAS,True,1309,1528
ENSG00000155657.26,chr2,178793396,178793541,PAS,True,171,638
ENSG00000155657.26,chr2,178530240,178534343,TSS,True,44,251
ENSG00000155657.26,chr2,178807211,178807424,TSS,True,963,1546
ENSG00000144381.16,chr2,197486066,197487198,PAS,True,45,182
ENSG00000144381.16,chr2,197488995,197489247,PAS,True,141,182
ENSG00000144381.16,chr2,197499781,197499958,TSS,True,19,183
ENSG00000143947.13,chr2,55232655,55232708,TSS,True,53,290
ENSG00000143947.13,chr2,55232687,55232872,TSS,True,240,290
ENSG00000138100.13,chr2,27282348,27282899,TSS,True,57,222
ENSG00000003402.19,chr2,201115973,201116481,TSS,True,56,107
ENSG00000003402.19,chr2,201122377,201122747,TSS,False,94,107
ENSG00000136536.14,chr2,159712606,159729008,5AS,False,58,168
ENSG00000136536.14,chr2,159712661,159729008,ES,False,97,110
ENSG00000136536.14,chr2,159712209,159712661,TSS,True,76,187
ENSG00000136536.14,chr2,159712174,159712606,TSS,True,119,187
ENSG00000213639.9,chr2,28751515,28751820,TSS,False,381,451
ENSG00000213639.9,chr2,28751796,28752176,TSS,True,91,451
ENSG00000127824.13,chr2,219253855,219253918,TSS,True,177,424
ENSG00000142327.12,chr2,240568234,240569114,TSS,True,42,145
ENSG00000079308.18,chr2,217817689,217818598,TSS,True,98,162
ENSG00000116044.15,chr2,177264531,177264777,TSS,True,11,103
ENSG00000154518.9,chr2,175181655,175181711,TSS,False,13,111
ENSG00000152518.7,chr2,43226264,43226606,TSS,False,59,193
ENSG00000115295.19,chr2,29115182,29115665,TSS,False,34,136
ENSG00000115295.19,chr2,29181571,29183952,PAS,True,14,134
ENSG00000163466.15,chr2,218217132,218217254,TSS,False,22,202
ENSG00000135902.9,chr2,232526158,232526267,TSS,True,88,176
ENSG00000135902.9,chr2,232526527,232526674,TSS,True,147,176
ENSG00000183091.19,chr2,151493445,151494160,ES,True,125,284
ENSG00000183091.19,chr2,151494253,151503348,ES,True,27,261
ENSG00000183091.19,chr2,151496368,151497625,ES,True,46,168
ENSG00000183091.19,chr2,151496368,151503348,ES,False,56,232
ENSG00000183091.19,chr2,151497718,151502792,ES,True,41,150
ENSG00000183091.19,chr2,151498352,151502792,ES,False,46,113
ENSG00000183091.19,chr2,151531896,151535690,ME,False,94,124
ENSG00000183091.19,chr2,151703555,151706997,PAS,True,880,1219
ENSG00000183091.19,chr2,151709652,151709763,PAS,True,959,1219
ENSG00000183091.19,chr2,151716130,151717520,PAS,True,985,1218
ENSG00000183091.19,chr2,151485230,151485933,PAS,True,1379,1715
ENSG00000183091.19,chr2,151734397,151734475,TSS,False,548,1721
ENSG00000115541.10,chr2,197500010,197500439,TSS,False,16,141
ENSG00000173692.12,chr2,231165199,231165289,PAS,True,81,205
ENSG00000173692.12,chr2,231172534,231172827,PAS,True,156,207
ENSG00000173692.12,chr2,231163634,231163729,PAS,False,184,205
ENSG00000123992.19,chr2,219387758,219387957,TSS,True,24,130
ENSG00000197756.9,chr2,216498814,216498877,TSS,True,105,405
ENSG00000197756.9,chr2,216499948,216500031,TSS,True,315,404
ENSG00000133878.8,chr8,33597588,33599664,3AS,True,136,210
ENSG00000168300.13,chr8,51845763,51898929,ES,False,18,139
ENSG00000184489.11,chr8,141391976,141392084,TSS,True,129,147
ENSG00000184489.11,chr8,141421386,141422345,TSS,True,110,147
ENSG00000184489.11,chr8,141422086,141425140,TSS,True,114,147
ENSG00000184489.11,chr8,141417829,141418018,TSS,True,119,147
ENSG00000104369.4,chr8,74236609,74237207,3AS,True,30,107
ENSG00000104369.4,chr8,74234701,74237303,PAS,False,131,149
ENSG00000104369.4,chr8,74234703,74236755,PAS,True,112,149
ENSG00000104369.4,chr8,74234701,74236609,PAS,True,119,149
ENSG00000104369.4,chr8,74234703,74237035,PAS,True,121,149
ENSG00000104369.4,chr8,74315021,74315620,PAS,True,92,109
ENSG00000104369.4,chr8,74244528,74244957,TSS,False,101,132
ENSG00000104369.4,chr8,74320908,74321587,TSS,True,44,153
ENSG00000078668.13,chr8,42395133,42398711,5AS,True,21,188
ENSG00000197858.10,chr8,144082243,144082804,TSS,True,16,121
ENSG00000036448.9,chr8,2045035,2045168,TSS,True,70,224
ENSG00000147649.9,chr8,97724599,97730251,PAS,True,83,100
ENSG00000123124.13,chr8,86342930,86374029,ES,True,52,119
ENSG00000161016.17,chr8,144792365,144792428,TSS,False,292,597
ENSG00000164733.20,chr8,11853479,11868000,ES,False,314,364
ENSG00000185122.10,chr8,144291531,144291874,TSS,True,48,130
ENSG00000185122.10,chr8,144311962,144312244,TSS,True,107,129
ENSG00000185122.10,chr8,144313823,144313911,TSS,True,115,129
ENSG00000179950.13,chr8,143818534,143821596,ES,False,53,193
ENSG00000179950.13,chr8,143821913,143829279,ES,False,19,184
ENSG00000179950.13,chr8,143824396,143829279,3AS,False,25,165
ENSG00000179950.13,chr8,143824399,143829279,ES,False,121,140
ENSG00000179950.13,chr8,143829279,143829376,TSS,True,32,215
ENSG00000164924.17,chr8,100951928,100952852,TSS,True,26,125
ENSG00000147684.8,chr8,124539101,124539287,TSS,True,55,209
ENSG00000104388.14,chr8,60620673,60623626,PAS,True,14,110
ENSG00000104529.17,chr8,143586849,143597347,3AS,False,38,252
ENSG00000104529.17,chr8,143597347,143598252,TSS,True,116,371
ENSG00000104529.17,chr8,143586728,143591599,TSS,True,306,370
ENSG00000156482.10,chr8,98045507,98045561,TSS,False,67,325
ENSG00000156482.10,chr8,98042644,98042697,TSS,True,273,325
ENSG00000048392.11,chr8,102238826,102239059,TSS,True,27,157
ENSG00000154582.16,chr8,73972076,73972286,TSS,True,13,116
ENSG00000154582.16,chr8,73972244,73972296,TSS,True,104,116
ENSG00000160948.13,chr8,144426979,144428488,3AS,False,86,128
ENSG00000160948.13,chr8,144428488,144428582,TSS,True,40,179
ENSG00000156804.7,chr8,123540898,123541595,TSS,True,36,205
ENSG00000104635.13,chr8,22367230,22367408,TSS,True,24,126
ENSG00000261236.7,chr8,144291271,144291451,TSS,True,32,143
ENSG00000067225.17,chr15,72200655,72206727,ME,False,603,690
ENSG00000067225.17,chr15,72231115,72231260,TSS,False,82,713
ENSG00000137767.13,chr15,45634745,45635108,TSS,True,66,239
ENSG00000137767.13,chr15,45634737,45634894,TSS,False,199,239
ENSG00000128989.10,chr15,52568847,52569144,TSS,True,60,142
ENSG00000128989.10,chr15,52569115,52569167,TSS,True,127,142
ENSG00000128989.10,chr15,52557099,52557336,TSS,True,109,142
ENSG00000182253.14,chr15,99105076,99106009,TSS,True,143,322
ENSG00000182253.14,chr15,99129440,99131813,TSS,True,148,219
ENSG00000182253.14,chr15,99129366,99135583,PAS,True,103,204
ENSG00000182253.14,chr15,99132749,99135593,PAS,True,107,278
ENSG00000182718.16,chr15,60386086,60397942,ES,False,416,482
ENSG00000137815.14,chr15,41417090,41417313,TSS,True,21,109
ENSG00000103994.17,chr15,42412815,42417360,PAS,True,174,223
ENSG00000103994.17,chr15,42446589,42446658,PAS,False,105,178
ENSG00000103994.17,chr15,42449664,42451954,PAS,False,82,162
ENSG00000103994.17,chr15,42490979,42491144,TSS,True,250,299
ENSG00000103994.17,chr15,42456957,42457532,TSS,True,185,290
ENSG00000103994.17,chr15,42444826,42444983,TSS,True,119,133
ENSG00000104131.12,chr15,44537049,44537237,TSS,True,28,110
ENSG00000104131.12,chr15,44537322,44537427,TSS,True,87,110
ENSG00000104131.12,chr15,44561017,44562801,PAS,True,18,109
ENSG00000104131.12,chr15,44550875,44550930,PAS,True,95,107
ENSG00000159251.7,chr15,34795505,34795733,TSS,False,126,409
ENSG00000159251.7,chr15,34794679,34795489,TSS,True,344,409
ENSG00000169018.5,chr15,68277698,68278665,TSS,False,23,128
ENSG00000166710.18,chr15,44711414,44711613,TSS,True,39,204
ENSG00000182768.8,chr15,90265876,90266287,IR,False,72,336
ENSG00000182768.8,chr15,90265669,90266398,TSS,True,83,347
ENSG00000182768.8,chr15,90265672,90265876,TSS,False,275,347
ENSG00000114062.19,chr15,25405502,25411907,ES,False,11,104
ENSG00000114062.19,chr15,25405502,25438488,ES,False,49,153
ENSG00000182774.12,chr15,82540425,82540460,TSS,True,51,215
ENSG00000182774.12,chr15,82539980,82540445,TSS,True,185,215
ENSG00000179010.14,chr4,6640708,6640827,IR,False,36,166
ENSG00000179010.14,chr4,6640655,6640708,TSS,False,135,171
ENSG00000179010.14,chr4,6640682,6641258,TSS,True,41,171
ENSG00000151726.13,chr4,184803546,184805526,5AS,True,82,131
ENSG00000151726.13,chr4,184825915,184826101,TSS,True,174,267
ENSG00000151726.13,chr4,184805526,184805712,TSS,False,185,267
ENSG00000151726.13,chr4,184805439,184805559,TSS,True,218,267
ENSG00000152795.17,chr4,82424883,82426036,IR,False,181,210
ENSG00000152795.17,chr4,82422746,82424883,PAS,True,39,232
ENSG00000152795.17,chr4,82423203,82426129,PAS,True,189,218
ENSG00000064042.17,chr4,41360561,41360936,TSS,True,44,143
ENSG00000064042.17,chr4,41538063,41538350,TSS,True,128,143
ENSG00000064042.17,chr4,41697159,41700044,PAS,True,89,142
ENSG00000064042.17,chr4,41646122,41646276,PAS,True,65,121
ENSG00000064042.17,chr4,41626707,41626991,PAS,True,95,117
ENSG00000071127.16,chr4,10116650,10116986,TSS,True,17,162
ENSG00000138678.10,chr4,83536001,83536206,TSS,True,93,105
ENSG00000138678.10,chr4,83536057,83536763,TSS,True,27,104
ENSG00000163069.12,chr4,52029863,52033430,ES,False,83,108
ENSG00000169020.9,chr4,674211,674287,TSS,True,25,175
ENSG00000169020.9,chr4,673302,673401,TSS,True,154,175
ENSG00000163956.11,chr4,3532208,3532446,TSS,True,13,117
ENSG00000145349.16,chr4,113509672,113513327,3AS,False,106,161
ENSG00000129116.18,chr4,168832171,168890921,ES,False,14,101
ENSG00000129116.18,chr4,168894677,168898492,ES,False,18,150
ENSG00000129116.18,chr4,168831990,168832171,TSS,True,70,171
ENSG00000129116.18,chr4,168877717,168878394,TSS,True,130,171
ENSG00000129116.18,chr4,168926212,168928475,PAS,True,26,167
ENSG00000129116.18,chr4,168924254,168924387,PAS,True,147,167
ENSG00000109475.16,chr4,108620535,108620600,TSS,False,65,195
ENSG00000109475.16,chr4,108620576,108622024,TSS,True,161,195
ENSG00000109475.16,chr4,108622513,108622618,TSS,True,175,195
ENSG00000163110.14,chr4,94573393,94575942,3AS,False,140,157
ENSG00000163110.14,chr4,94451851,94451995,TSS,True,29,189
ENSG00000163110.14,chr4,94586988,94588564,PAS,True,22,183
ENSG00000109332.19,chr4,102797460,102799406,ES,False,89,191
ENSG00000109332.19,chr4,102827426,102827835,TSS,True,98,196
ENSG00000109332.19,chr4,102826484,102827192,TSS,True,152,196
ENSG00000109332.19,chr4,102827591,102827920,TSS,True,167,196
ENSG00000154553.14,chr4,185535341,185535526,TSS,True,287,1033
ENSG00000172403.10,chr4,119026701,119027438,TSS,True,371,517
ENSG00000123933.16,chr4,2261916,2262128,TSS,True,15,101
ENSG00000138668.18,chr4,82355401,82356795,ES,False,61,123
ENSG00000138668.18,chr4,82359639,82373445,ES,False,14,129
ENSG00000138760.9,chr4,76213426,76213926,TSS,True,13,127
ENSG00000159692.15,chr4,1212423,1212912,3AS,False,157,230
ENSG00000159692.15,chr4,1238337,1248915,ES,False,49,196
ENSG00000159692.15,chr4,1211432,1212426,PAS,True,158,232
ENSG00000159692.15,chr4,1211429,1212423,PAS,True,75,232
ENSG00000159692.15,chr4,1248915,1249467,TSS,True,39,238
ENSG00000125414.18,chr17,10521146,10521432,PAS,True,2742,7084
ENSG00000125414.18,chr17,10525274,10525348,PAS,True,5888,6953
ENSG00000125414.18,chr17,10531657,10531888,PAS,True,5175,6090
ENSG00000125414.18,chr17,10549635,10549701,TSS,True,3361,7335
ENSG00000125414.18,chr17,10549558,10549638,TSS,False,6365,7335
ENSG00000029725.16,chr17,5383121,5386340,PAS,True,15,118
ENSG00000169718.17,chr17,82058408,82058780,3AS,False,38,255
ENSG00000169718.17,chr17,82058416,82058780,IR,False,216,246
ENSG00000188554.13,chr17,43171179,43171302,TSS,True,54,131
ENSG00000243678.11,chr17,51163643,51166956,TSS,True,160,192
ENSG00000243678.11,chr17,51166265,51166497,TSS,True,37,192
ENSG00000170175.10,chr17,7455395,7455456,TSS,True,91,103
ENSG00000170175.10,chr17,7445021,7445185,TSS,True,49,104
ENSG00000170175.10,chr17,7448647,7448788,TSS,True,92,104
ENSG00000182473.21,chr17,76103632,76103791,TSS,True,69,115
ENSG00000173991.5,chr17,39665345,39665469,TSS,True,376,1478
ENSG00000108671.10,chr17,32480631,32480752,IR,False,177,209
ENSG00000108671.10,chr17,32480752,32483319,PAS,True,32,209
ENSG00000108671.10,chr17,32480488,32483319,PAS,True,176,208
ENSG00000072210.18,chr17,19671956,19675557,ES,False,143,164
ENSG00000072210.18,chr17,19648716,19649124,TSS,True,35,186
ENSG00000129250.11,chr17,4997673,4998156,TSS,True,278,887
ENSG00000129250.11,chr17,5023467,5026981,PAS,False,168,801
ENSG00000129250.11,chr17,5020805,5020841,PAS,True,624,766
ENSG00000167881.14,chr17,76072307,76072517,TSS,True,18,152
ENSG00000167549.18,chr17,29615854,29615944,3AS,False,349,420
ENSG00000167549.18,chr17,29621423,29622687,3AS,False,64,322
ENSG00000167549.18,chr17,29614756,29615854,PAS,True,74,424
ENSG00000167549.18,chr17,29614756,29615857,PAS,True,353,424
ENSG00000167549.18,chr17,29622687,29622921,TSS,True,162,485
ENSG00000141279.15,chr17,47531037,47531555,TSS,True,40,245
ENSG00000125445.10,chr17,75265701,75266376,PAS,True,16,131
ENSG00000125445.10,chr17,75266192,75266376,PAS,True,116,131
ENSG00000108946.14,chr17,68511720,68512142,TSS,True,624,2687
ENSG00000108946.14,chr17,68512399,68512548,TSS,True,2215,2687
ENSG00000196535.16,chr17,29071118,29074914,PAS,True,200,353
ENSG00000196535.16,chr17,29084557,29085648,PAS,True,93,286
ENSG00000196535.16,chr17,29111423,29111585,TSS,True,317,353
ENSG00000196535.16,chr17,29111721,29111957,TSS,True,273,353
ENSG00000196535.16,chr17,29079726,29080814,TSS,True,90,154
ENSG00000109061.9,chr17,10492306,10492568,PAS,False,1194,5766
ENSG00000109061.9,chr17,10518519,10518545,TSS,False,1549,5916
ENSG00000184009.11,chr17,81511626,81511902,ES,False,339,386
ENSG00000184009.11,chr17,81512733,81512855,TSS,True,47,454
ENSG00000108861.8,chr17,43778799,43779000,TSS,True,31,125
ENSG00000108515.17,chr17,4951182,4951827,5AS,False,2383,3085
ENSG00000108515.17,chr17,4949590,4951224,TSS,True,2646,3314
ENSG00000108515.17,chr17,4949563,4951182,TSS,True,922,3314
ENSG00000108883.12,chr17,44899368,44899648,TSS,True,15,110
ENSG00000170412.16,chr17,74430943,74432141,TSS,False,73,110
ENSG00000170412.16,chr17,74431411,74432523,TSS,True,96,110
ENSG00000170412.16,chr17,74439742,74440827,TSS,True,80,110
ENSG00000170412.16,chr17,74424766,74424932,TSS,False,88,110
ENSG00000168610.14,chr17,42316851,42317181,3AS,False,19,148
ENSG00000168610.14,chr17,42317224,42322284,5AS,False,20,148
ENSG00000168610.14,chr17,42348517,42388278,3AS,False,30,121
ENSG00000168610.14,chr17,42388278,42388586,TSS,True,48,169
ENSG00000132386.10,chr17,1761892,1762113,TSS,False,62,244
ENSG00000169738.7,chr17,82037630,82037706,TSS,True,14,126
ENSG00000159199.13,chr17,48892759,48892840,TSS,False,32,100
ENSG00000159199.13,chr17,48893402,48893456,TSS,True,87,100
ENSG00000159199.13,chr17,48892835,48892910,TSS,False,81,100
ENSG00000082641.15,chr17,48048761,48048864,TSS,True,175,208
ENSG00000108344.14,chr17,39980768,39981190,TSS,True,40,159
ENSG00000182534.13,chr17,76679568,76680879,PAS,True,38,108
ENSG00000182534.13,chr17,76675416,76677702,PAS,False,72,109
ENSG00000188176.11,chr17,4592448,4593821,ES,False,143,492
ENSG00000188176.11,chr17,4584222,4585004,TSS,False,108,582
ENSG00000184557.4,chr17,78359749,78360566,TSS,True,36,208
ENSG00000133030.20,chr17,17042427,17042971,TSS,True,84,122
ENSG00000133030.20,chr17,17143554,17143669,TSS,True,107,120
ENSG00000133030.20,chr17,17158428,17159002,TSS,True,103,120
ENSG00000087191.12,chr17,63827380,63827514,TSS,True,21,191
ENSG00000129245.11,chr17,7614451,7614927,TSS,True,43,176
ENSG00000072778.19,chr17,7219853,7220046,TSS,True,275,1059
ENSG00000073969.18,chr17,46590543,46590787,TSS,True,16,128
ENSG00000132475.10,chr17,75779656,75779781,TSS,True,23,217
ENSG00000108654.14,chr17,64506075,64506340,TSS,True,30,281
ENSG00000177469.12,chr17,42422626,42423258,TSS,False,92,190
ENSG00000108639.7,chr17,78168541,78168715,TSS,True,68,542
ENSG00000136436.14,chr17,48830960,48831078,TSS,True,14,120
ENSG00000006744.18,chr17,13017702,13018044,TSS,True,17,100
ENSG00000182446.13,chr17,81636915,81637112,TSS,True,69,159
ENSG00000177731.15,chr17,18251813,18251998,3AS,False,430,844
ENSG00000177731.15,chr17,18258627,18258774,TSS,True,283,1019
ENSG00000142507.9,chr17,4796133,4796296,TSS,True,90,275
ENSG00000108823.15,chr17,50168572,50170639,ES,False,29,182
ENSG00000108823.15,chr17,50165995,50166077,TSS,True,63,209
ENSG00000108823.15,chr17,50168368,50168572,TSS,True,183,209
ENSG00000034152.18,chr17,21284650,21284969,TSS,True,25,149
ENSG00000034152.18,chr17,21311508,21312281,TSS,True,134,149
ENSG00000172809.12,chr17,74203710,74203917,5AS,False,38,193
ENSG00000172809.12,chr17,74203674,74203710,TSS,False,162,200
ENSG00000172809.12,chr17,74203671,74203745,TSS,True,45,200
ENSG00000131469.14,chr17,42998395,42998471,TSS,False,90,248
ENSG00000131469.14,chr17,42998448,42998831,TSS,False,215,248
ENSG00000131469.14,chr17,43002754,43002783,TSS,True,195,248
ENSG00000141161.11,chr17,35147910,35148263,3AS,False,255,322
ENSG00000141161.11,chr17,35147800,35147910,TSS,True,56,378
ENSG00000108953.16,chr17,1345499,1354210,ES,False,62,196
ENSG00000108528.13,chr17,4939815,4940068,TSS,True,27,159
ENSG00000126581.12,chr17,42823879,42824154,5AS,False,65,107
ENSG00000126581.12,chr17,42824132,42824301,TSS,True,66,108
ENSG00000126581.12,chr17,42824154,42824315,TSS,True,43,108
ENSG00000067191.15,chr17,39197411,39198038,TSS,True,60,232
ENSG00000067191.15,chr17,39193448,39193528,TSS,False,197,232
ENSG00000141552.17,chr17,81891833,81893551,5AS,False,27,107
ENSG00000141552.17,chr17,81891657,81891833,TSS,True,113,151
ENSG00000141552.17,chr17,81891731,81891841,TSS,True,64,151
ENSG00000141552.17,chr17,81891682,81891863,TSS,True,131,151
ENSG00000013306.15,chr17,44324710,44326602,TSS,False,14,101
ENSG00000121057.12,chr17,57085170,57085398,TSS,False,32,193
ENSG00000132507.17,chr17,7307460,7307752,TSS,True,61,469
ENSG00000169727.12,chr17,82054049,82054509,3AS,False,130,157
ENSG00000169727.12,chr17,82054975,82055164,3AS,False,28,158
ENSG00000163597.14,chr17,76557857,76561287,ES,False,119,187
ENSG00000128309.16,chr22,37019872,37024191,ES,False,102,114
ENSG00000128309.16,chr22,37024810,37029215,ES,False,103,145
ENSG00000128309.16,chr22,37019747,37019872,TSS,True,43,158
ENSG00000128309.16,chr22,37024188,37024810,TSS,False,136,158
ENSG00000100412.15,chr22,41468798,41469182,TSS,False,85,344
ENSG00000188130.13,chr22,50256646,50257081,ES,False,50,451
ENSG00000188130.13,chr22,50261384,50261927,TSS,True,52,482
ENSG00000239900.12,chr22,40364365,40366435,ES,False,28,146
ENSG00000184076.13,chr22,29767378,29767548,TSS,False,32,282
ENSG00000100243.20,chr22,42649294,42649417,TSS,False,29,159
ENSG00000242259.8,chr22,19447664,19448252,TSS,True,32,163
ENSG00000198125.12,chr22,35611106,35622477,ES,True,32,202
ENSG00000198125.12,chr22,35622477,35622529,TSS,True,1587,1789
ENSG00000198125.12,chr22,35617162,35617328,TSS,True,1089,1789
ENSG00000198125.12,chr22,35617361,35617533,TSS,False,1311,1789
ENSG00000100345.21,chr22,36387806,36388109,TSS,False,101,135
ENSG00000100242.15,chr22,38752665,38755762,ES,False,100,149
ENSG00000100242.15,chr22,38755762,38756048,TSS,True,76,225
ENSG00000250479.8,chr22,23767833,23767970,TSS,True,12,104
ENSG00000198355.4,chr22,49960472,49961032,TSS,False,25,190
ENSG00000070371.15,chr22,19183611,19187980,ES,False,31,143
ENSG00000070371.15,chr22,19196656,19208153,ES,True,14,134
ENSG00000070371.15,chr22,19291599,19291775,TSS,True,52,157
ENSG00000100347.14,chr22,43955400,43955598,TSS,True,25,146
ENSG00000100347.14,chr22,43990263,43990406,TSS,False,128,146
ENSG00000128272.14,chr22,39520278,39520751,TSS,False,73,125
ENSG00000100129.17,chr22,37849373,37849482,TSS,False,30,222
ENSG00000100097.11,chr22,37675634,37675711,TSS,True,23,181
ENSG00000093010.13,chr22,19941759,19941897,TSS,True,23,126
ENSG00000093010.13,chr22,19959058,19961289,TSS,True,108,125
ENSG00000100284.20,chr22,35346969,35347054,5AS,False,254,317
ENSG00000100284.20,chr22,35299826,35299980,TSS,True,47,328
ENSG00000133454.15,chr22,25832997,25835295,3AS,False,98,109
ENSG00000133454.15,chr22,25742108,25742293,TSS,True,231,287
ENSG00000133454.15,chr22,25846097,25846283,TSS,True,210,281
ENSG00000133454.15,chr22,26026697,26027690,TSS,False,240,273
ENSG00000100387.8,chr22,40951353,40951476,TSS,True,23,117
ENSG00000182944.17,chr22,29273864,29278029,ES,False,105,122
ENSG00000182944.17,chr22,29288786,29291564,3AS,False,70,124
ENSG00000182944.17,chr22,29268100,29268349,TSS,True,28,139
ENSG00000196305.17,chr9,92289426,92293610,5AS,False,90,111
ENSG00000196305.17,chr9,92293440,92293716,TSS,True,97,118
ENSG00000196305.17,chr9,92293610,92293745,TSS,True,28,118
ENSG00000137154.12,chr9,19380189,19380269,TSS,False,49,417
ENSG00000107372.12,chr9,72360787,72364695,ES,False,177,278
ENSG00000107372.12,chr9,72364695,72365265,TSS,True,40,329
ENSG00000130560.8,chr9,135961024,135961397,TSS,True,31,265
ENSG00000107223.12,chr9,136866180,136866312,TSS,True,49,173
ENSG00000107223.12,chr9,136863287,136863449,TSS,True,149,173
ENSG00000107223.12,chr9,136863819,136863873,TSS,True,151,173
ENSG00000148180.19,chr9,121267812,121268219,TSS,True,570,659
ENSG00000148180.19,chr9,121299800,121300005,TSS,False,235,659
ENSG00000148303.16,chr9,133348206,133348246,TSS,False,56,198
ENSG00000148303.16,chr9,133348240,133349042,TSS,True,156,198
ENSG00000159069.13,chr9,136941684,136942099,5AS,False,91,730
ENSG00000159069.13,chr9,136941684,136942099,IR,True,91,126
ENSG00000159069.13,chr9,136943890,136944795,TSS,True,670,796
ENSG00000159069.13,chr9,136944593,136944762,TSS,True,209,796
ENSG00000188229.5,chr9,137241286,137241417,TSS,True,130,280
ENSG00000137124.7,chr9,38392622,38392807,TSS,True,15,112
ENSG00000119335.16,chr9,128694640,128696393,PAS,True,50,211
ENSG00000119335.16,chr9,128693895,128695525,PAS,False,177,211
ENSG00000165283.15,chr9,35103049,35103184,TSS,True,19,122
ENSG00000165119.20,chr9,83980502,83980645,TSS,True,60,105
ENSG00000165119.20,chr9,83980152,83980270,TSS,True,80,105
ENSG00000165030.3,chr9,91423639,91423877,TSS,False,22,119
ENSG00000136813.14,chr9,111451555,111483503,ES,True,93,115
ENSG00000136813.14,chr9,111360684,111362169,PAS,True,26,226
ENSG00000136813.14,chr9,111483503,111483953,TSS,False,115,230
ENSG00000136842.13,chr9,97501645,97501803,TSS,False,56,241
ENSG00000186350.10,chr9,134326190,134326659,TSS,False,97,140
ENSG00000054148.17,chr9,136848968,136849590,TSS,True,59,182
ENSG00000054148.17,chr9,136847904,136848283,TSS,True,158,182
ENSG00000054148.17,chr9,136849755,136850137,TSS,True,155,182
ENSG00000187764.11,chr9,89497918,89498170,TSS,True,101,154
ENSG00000187764.11,chr9,89388871,89389047,TSS,True,104,153
ENSG00000095321.16,chr9,129110482,129110797,TSS,True,35,123
ENSG00000137106.17,chr9,37422614,37422833,TSS,True,49,117
ENSG00000147872.9,chr9,19115300,19116649,PAS,True,139,306
ENSG00000147872.9,chr9,19108324,19108747,PAS,False,192,310
ENSG00000188986.6,chr9,137255224,137255611,TSS,True,14,104
ENSG00000139112.10,chr12,10212840,10213219,TSS,True,23,129
ENSG00000060138.12,chr12,10702131,10704059,5AS,True,25,209
ENSG00000060138.12,chr12,10704148,10713210,ES,False,5334,7365
ENSG00000185482.7,chr12,57249040,57249211,TSS,True,54,139
ENSG00000185482.7,chr12,57250992,57251187,TSS,True,113,139
ENSG00000130779.20,chr12,122341697,122351110,ES,True,124,353
ENSG00000130779.20,chr12,122380558,122422520,ES,False,229,259
ENSG00000130779.20,chr12,122328262,122328426,PAS,True,171,378
ENSG00000130779.20,chr12,122340753,122341697,PAS,True,294,369
ENSG00000130779.20,chr12,122422520,122423000,TSS,True,131,390
ENSG00000130779.20,chr12,122399780,122400617,TSS,False,314,390
ENSG00000111667.13,chr12,6863308,6863829,5AS,False,21,145
ENSG00000111667.13,chr12,6852017,6852290,TSS,True,33,150
ENSG00000063046.17,chr12,53006278,53006496,TSS,True,86,617
ENSG00000089009.15,chr12,112409586,112409634,TSS,True,71,264
ENSG00000089009.15,chr12,112408419,112409605,TSS,True,212,264
ENSG00000196091.13,chr12,101617243,101629433,ES,False,5393,11355
ENSG00000196091.13,chr12,101680529,101684381,ES,False,7234,11922
ENSG00000196091.13,chr12,101682662,101685581,5AS,True,27,118
ENSG00000089157.15,chr12,120200831,120201082,3AS,False,632,745
ENSG00000089157.15,chr12,120201082,120201113,TSS,True,425,1170
ENSG00000110955.8,chr12,56645836,56646068,TSS,True,73,508
ENSG00000197905.8,chr12,3012232,3018544,ES,False,33,208
ENSG00000197905.8,chr12,2958958,2959481,TSS,True,248,279
ENSG00000197905.8,chr12,2959481,2960040,TSS,True,121,279
ENSG00000135390.18,chr12,53676052,53676736,TSS,True,23,127
ENSG00000135390.18,chr12,53672575,53674181,TSS,True,107,127
ENSG00000196531.10,chr12,56725262,56725531,TSS,True,57,105
ENSG00000196531.10,chr12,56715870,56716546,TSS,True,59,105
ENSG00000134294.13,chr12,46372508,46373583,TSS,True,25,114
ENSG00000134294.13,chr12,46371177,46372832,TSS,True,101,114
ENSG00000198431.15,chr12,104287109,104288930,5AS,False,108,129
ENSG00000198431.15,chr12,104287109,104311289,ES,False,14,121
ENSG00000198431.15,chr12,104286893,104287109,TSS,True,80,202
ENSG00000198431.15,chr12,104286935,104287346,TSS,True,173,202
ENSG00000198431.15,chr12,104286761,104289040,TSS,True,181,202
ENSG00000089053.12,chr12,121328458,121330582,3AS,False,22,106
ENSG00000080371.5,chr12,71754847,71755288,TSS,False,17,122
ENSG00000089693.10,chr12,6752938,6753141,TSS,True,23,109
ENSG00000089693.10,chr12,6749847,6750008,TSS,True,96,109
ENSG00000062485.18,chr12,56300159,56300392,TSS,True,33,207
ENSG00000177981.10,chr12,48157458,48157569,TSS,False,308,359
ENSG00000177981.10,chr12,48151200,48151386,TSS,True,73,359
ENSG00000173598.13,chr12,93395533,93398770,3AS,False,257,383
ENSG00000123064.12,chr12,113159109,113161269,3AS,False,51,101
ENSG00000123064.12,chr12,113157180,113159112,PAS,True,53,104
ENSG00000123064.12,chr12,113157182,113159109,PAS,True,53,104
ENSG00000123064.12,chr12,113185277,113185495,TSS,True,46,105
ENSG00000123064.12,chr12,113174639,113174773,TSS,True,93,105
ENSG00000152556.16,chr12,48119237,48119406,TSS,True,488,618
ENSG00000152556.16,chr12,48122637,48122859,TSS,True,260,618
ENSG00000127325.18,chr12,69683238,69687459,PAS,False,45,105
ENSG00000127325.18,chr12,69683235,69684608,PAS,True,88,115
ENSG00000127325.18,chr12,69699204,69699414,TSS,True,39,121
ENSG00000127325.18,chr12,69693673,69693790,TSS,True,101,121
ENSG00000135424.16,chr12,55685288,55687970,ES,False,140,207
ENSG00000135424.16,chr12,55694777,55695496,TSS,True,196,223
ENSG00000135424.16,chr12,55697215,55697441,TSS,True,187,223
ENSG00000135424.16,chr12,55707476,55707911,TSS,True,191,223
ENSG00000135424.16,chr12,55694442,55694740,TSS,True,200,223
ENSG00000179295.17,chr12,112482205,112486474,3AS,False,97,119
ENSG00000179295.17,chr12,112418882,112419125,TSS,True,23,152
ENSG00000179295.17,chr12,112505824,112509915,PAS,False,15,139
ENSG00000150991.14,chr12,124914586,124914848,TSS,False,468,2065
ENSG00000022840.15,chr12,120534343,120534968,TSS,True,50,463
ENSG00000188026.12,chr12,123472682,123484179,ME,True,67,122
ENSG00000188026.12,chr12,123472682,123484179,ME,True,67,122
ENSG00000188026.12,chr12,123472682,123484179,ES,False,16,141
ENSG00000135404.11,chr12,55728952,55729106,TSS,False,28,210
ENSG00000196465.10,chr12,56152593,56154092,TSS,True,36,148
ENSG00000004478.7,chr12,2794937,2795244,TSS,True,19,124
ENSG00000086598.10,chr12,123586939,123590341,ES,True,21,100
ENSG00000167588.12,chr12,50103968,50104091,TSS,True,19,176
ENSG00000174437.16,chr12,110281203,110281918,TSS,True,148,207
ENSG00000174437.16,chr12,110327570,110328017,TSS,False,178,206
ENSG00000175203.15,chr12,57535845,57546027,5AS,True,59,134
ENSG00000175203.15,chr12,57547027,57547280,TSS,True,16,151
ENSG00000111652.9,chr12,6724014,6724179,TSS,True,36,105
ENSG00000111652.9,chr12,6724099,6724250,TSS,True,89,105
ENSG00000075415.12,chr12,98593626,98593740,TSS,True,43,327
ENSG00000175727.13,chr12,122133439,122133987,TSS,True,110,153
ENSG00000135486.17,chr12,54282874,54283811,ES,False,238,431
ENSG00000135486.17,chr12,54284548,54285254,PAS,False,44,433
ENSG00000012822.15,chr12,53727403,53727492,TSS,True,21,106
ENSG00000149115.13,chr11,57311237,57311548,TSS,False,81,118
ENSG00000149115.13,chr11,57312533,57313610,TSS,True,100,118
ENSG00000149115.13,chr11,57308394,57310321,TSS,True,91,118
ENSG00000149115.13,chr11,57324839,57325158,TSS,True,95,118
ENSG00000110717.12,chr11,68030605,68030733,TSS,True,34,144
ENSG00000014216.15,chr11,65181440,65181843,TSS,True,88,102
ENSG00000014216.15,chr11,65181270,65182013,TSS,True,49,102
ENSG00000129170.9,chr11,19201953,19201989,TSS,True,250,686
ENSG00000129170.9,chr11,19188135,19188295,TSS,True,466,686
ENSG00000162191.13,chr11,62678864,62679102,TSS,True,28,173
ENSG00000177600.8,chr11,809902,810039,TSS,True,39,307
ENSG00000109971.13,chr11,123062063,123062238,TSS,True,161,1104
ENSG00000149182.14,chr11,47176781,47177624,TSS,True,24,104
ENSG00000068976.13,chr11,64759655,64760007,TSS,True,320,497
ENSG00000068976.13,chr11,64757778,64757914,TSS,True,417,497
ENSG00000165917.9,chr11,47438931,47441610,ES,True,20,101
ENSG00000129084.17,chr11,14520296,14520407,TSS,False,22,130
ENSG00000085063.15,chr11,33736381,33736477,TSS,True,46,122
ENSG00000167792.12,chr11,67606833,67607076,TSS,True,87,249
ENSG00000167792.12,chr11,67606938,67609635,TSS,True,203,249
ENSG00000176973.7,chr11,65572960,65573362,3AS,False,79,109
ENSG00000176973.7,chr11,65572960,65573401,3AS,False,14,123
ENSG00000176973.7,chr11,65572540,65572960,TSS,True,20,143
ENSG00000176973.7,chr11,65573362,65574190,PAS,True,44,123
ENSG00000176973.7,chr11,65573352,65574190,PAS,True,93,123
ENSG00000176973.7,chr11,65573401,65574190,PAS,False,109,123
ENSG00000187486.5,chr11,17385321,17387846,PAS,False,102,114
ENSG00000165912.15,chr11,47183065,47186348,3AS,False,34,199
ENSG00000165912.15,chr11,47186348,47187001,TSS,True,122,321
ENSG00000165912.15,chr11,47183003,47186435,TSS,True,245,321
ENSG00000174080.10,chr11,66568273,66568610,TSS,False,25,159
ENSG00000117984.13,chr11,1763791,1763988,TSS,True,114,363
ENSG00000165526.8,chr11,126211449,126211667,TSS,True,37,318
ENSG00000166333.13,chr11,6603822,6604225,3AS,False,105,139
ENSG00000165916.8,chr11,47426204,47426475,TSS,False,25,187
ENSG00000175482.8,chr11,67352690,67353546,TSS,True,88,123
ENSG00000175482.8,chr11,67353302,67353561,TSS,True,85,123
ENSG00000175482.8,chr11,67353538,67353608,TSS,False,104,123
ENSG00000130595.18,chr11,1934919,1938437,ME,False,362,598
ENSG00000130595.18,chr11,1919534,1919762,TSS,True,599,666
ENSG00000130595.18,chr11,1932479,1932514,TSS,True,396,666
ENSG00000130595.18,chr11,1933720,1933837,TSS,True,569,666
ENSG00000135387.20,chr11,34051660,34051871,TSS,True,19,118
ENSG00000135387.20,chr11,34052073,34052636,TSS,True,106,118
ENSG00000135387.20,chr11,34099302,34102610,PAS,True,15,116
ENSG00000135387.20,chr11,34097697,34102086,PAS,True,102,115
ENSG00000167986.13,chr11,61332907,61333791,TSS,True,44,242
ENSG00000149823.8,chr11,65096140,65096478,TSS,False,25,185
ENSG00000173457.10,chr11,64246415,64246928,TSS,False,27,210
ENSG00000173442.12,chr11,65575970,65576406,TSS,True,160,266
ENSG00000173442.12,chr11,65581614,65583765,TSS,True,174,261
ENSG00000173442.12,chr11,65584902,65585591,TSS,True,226,261
ENSG00000130600.18,chr11,1996517,1997824,TSS,True,40,335
ENSG00000023191.16,chr11,502181,507112,3AS,False,89,253
ENSG00000023191.16,chr11,502249,507112,ES,False,147,164
ENSG00000023191.16,chr11,507112,507279,TSS,True,78,339
ENSG00000023191.16,chr11,506608,506871,TSS,True,284,339
ENSG00000130598.15,chr11,1838159,1839033,TSS,False,128,332
ENSG00000078902.15,chr11,1309465,1309673,TSS,True,53,129
ENSG00000205531.12,chr11,2945646,2951258,ES,False,150,182
ENSG00000205531.12,chr11,2979237,2992253,ES,False,144,164
ENSG00000205531.12,chr11,2992253,2992431,TSS,True,37,202
ENSG00000177697.18,chr11,833026,836062,ES,False,25,117
ENSG00000177697.18,chr11,832731,833026,TSS,True,50,167
ENSG00000177697.18,chr11,834521,834591,TSS,False,146,167
ENSG00000170290.3,chr11,107711962,107712056,TSS,False,135,1307
ENSG00000110321.16,chr11,10808704,10808980,TSS,True,47,229
ENSG00000172757.12,chr11,65858096,65858215,TSS,True,22,148
ENSG00000149806.10,chr11,65122089,65122217,TSS,False,38,209
ENSG00000166441.12,chr11,8682731,8682816,TSS,False,71,213
ENSG00000166441.12,chr11,8684827,8684892,TSS,True,158,213
ENSG00000118181.10,chr11,119018281,119018345,TSS,True,219,594
ENSG00000118181.10,chr11,119017361,119018342,TSS,True,383,594
ENSG00000177666.16,chr11,819537,819905,TSS,True,39,135
ENSG00000185627.17,chr11,236519,237144,TSS,True,15,144
ENSG00000170242.17,chr11,11956000,11959323,PAS,True,58,217
ENSG00000170242.17,chr11,11942334,11943323,PAS,True,174,214
ENSG00000085117.11,chr11,44565570,44565736,TSS,False,13,103
ENSG00000115286.19,chr19,1383866,1383942,TSS,True,63,252
ENSG00000115286.19,chr19,1388832,1388938,TSS,True,215,252
ENSG00000182087.13,chr19,1020771,1021251,TSS,True,34,102
ENSG00000161281.10,chr19,36151546,36151668,IR,False,423,483
ENSG00000161281.10,chr19,36152392,36152489,TSS,True,96,581
ENSG00000266964.5,chr19,35142771,35142916,IR,False,157,181
ENSG00000266964.5,chr19,35138361,35138894,TSS,True,113,181
ENSG00000266964.5,chr19,35139612,35139767,TSS,True,121,181
ENSG00000266964.5,chr19,35142479,35142521,TSS,True,137,181
ENSG00000266964.5,chr19,35142916,35143054,PAS,True,24,181
ENSG00000266964.5,chr19,35142719,35143054,PAS,True,157,181
ENSG00000130528.11,chr19,49151013,49151332,PAS,True,51,281
ENSG00000141905.18,chr19,3452666,3462751,ES,False,36,111
ENSG00000141905.18,chr19,3359305,3359685,TSS,True,123,149
ENSG00000141905.18,chr19,3366560,3366666,TSS,True,73,149
ENSG00000063177.12,chr19,48619140,48619191,TSS,True,31,133
ENSG00000063177.12,chr19,48616078,48616158,TSS,True,118,133
ENSG00000130811.11,chr19,10119839,10120916,TSS,False,21,176
ENSG00000065000.17,chr19,2100986,2102268,PAS,True,208,251
ENSG00000065000.17,chr19,2151238,2151618,TSS,True,72,261
ENSG00000006015.17,chr19,18588773,18588900,TSS,True,40,102
ENSG00000006015.17,chr19,18588993,18589683,TSS,False,73,102
ENSG00000104964.14,chr19,3062173,3062531,TSS,True,110,178
ENSG00000104852.14,chr19,49107712,49107821,3AS,False,37,108
ENSG00000104852.14,chr19,49085154,49085636,TSS,True,82,128
ENSG00000104852.14,chr19,49102417,49104735,TSS,True,77,127
ENSG00000104852.14,chr19,49107794,49108613,PAS,True,39,110
ENSG00000104852.14,chr19,49107821,49108613,PAS,True,73,110
ENSG00000179262.9,chr19,12949159,12949277,3AS,False,300,516
ENSG00000179262.9,chr19,12945837,12946020,TSS,True,194,538
ENSG00000179262.9,chr19,12948689,12948813,TSS,False,375,538
ENSG00000086967.9,chr19,50432044,50432972,TSS,False,416,1929
ENSG00000104879.4,chr19,45322820,45322876,TSS,False,2373,17312
ENSG00000160633.12,chr19,5657347,5661520,3AS,False,71,121
ENSG00000160633.12,chr19,5667164,5667352,3AS,False,26,122
ENSG00000099622.13,chr19,1269327,1269410,TSS,True,28,107
ENSG00000004776.12,chr19,35756810,35757029,TSS,True,35,148
ENSG00000105220.15,chr19,34365009,34365388,TSS,True,54,256
ENSG00000099804.8,chr19,531703,532108,TSS,True,41,186
ENSG00000099804.8,chr19,536240,536340,TSS,True,163,186
ENSG00000130255.12,chr19,5690266,5690327,TSS,False,38,210
ENSG00000178980.14,chr19,47778284,47778814,TSS,True,170,364
ENSG00000130726.11,chr19,58544064,58545097,TSS,True,31,175
ENSG00000072954.6,chr19,16660387,16661341,TSS,True,26,221
ENSG00000126247.10,chr19,36140035,36140157,TSS,False,35,112
ENSG00000126247.10,chr19,36140093,36141220,TSS,True,88,112
ENSG00000170889.13,chr19,54200830,54200888,TSS,True,122,310
ENSG00000170889.13,chr19,54201157,54201281,TSS,True,237,309
ENSG00000105701.15,chr19,18538433,18539370,3AS,False,77,162
ENSG00000105701.15,chr19,18543485,18543620,TSS,True,26,168
ENSG00000126261.12,chr19,34428570,34431860,ES,False,22,182
ENSG00000126267.9,chr19,35648323,35648403,TSS,True,16,135
ENSG00000104936.17,chr19,45770204,45770249,IR,False,151,349
ENSG00000104936.17,chr19,45771056,45771349,3AS,False,143,336
ENSG00000104936.17,chr19,45775034,45777341,5AS,False,50,336
ENSG00000104936.17,chr19,45769707,45770640,PAS,True,149,347
ENSG00000104936.17,chr19,45769716,45770204,PAS,True,201,352
ENSG00000104936.17,chr19,45782192,45784134,TSS,True,67,364
ENSG00000167658.15,chr19,3985377,3985472,TSS,True,287,866
ENSG00000065717.14,chr19,2997637,2997955,PAS,True,11,101
ENSG00000065717.14,chr19,3028880,3029363,TSS,True,28,101
ENSG00000130204.12,chr19,44891314,44891406,IR,False,85,105
ENSG00000130204.12,chr19,44891224,44891689,TSS,True,105,125
ENSG00000130204.12,chr19,44891215,44891314,TSS,True,26,125
ENSG00000099821.13,chr19,633424,633565,TSS,False,62,134
ENSG00000099821.13,chr19,621057,623305,TSS,True,95,134
ENSG00000186010.18,chr19,19516207,19516332,TSS,True,35,188
ENSG00000073008.14,chr19,44643677,44644175,TSS,True,45,144
ENSG00000160014.16,chr19,46600992,46601437,TSS,True,23,124
ENSG00000105048.16,chr19,55146466,55147088,5AS,True,11,108
ENSG00000105048.16,chr19,55146466,55147091,5AS,True,27,135
ENSG00000105048.16,chr19,55146466,55147096,5AS,True,17,152
ENSG00000105048.16,chr19,55137102,55137182,TSS,False,3213,5294
ENSG00000105048.16,chr19,55149160,55151594,TSS,True,2584,5353
ENSG00000172270.19,chr19,572512,572701,TSS,True,18,122
ENSG00000105357.16,chr19,50203609,50203671,TSS,True,242,277
ENSG00000105193.8,chr19,39435847,39435986,TSS,True,196,505
ENSG00000105193.8,chr19,39435606,39435710,TSS,True,311,505
ENSG00000068903.19,chr19,38893867,38899505,ES,False,63,114
ENSG00000068903.19,chr19,38899505,38899814,TSS,True,30,150
ENSG00000167476.10,chr19,2256382,2256439,TSS,False,50,203
ENSG00000167674.14,chr19,4501317,4501913,3AS,False,51,144
ENSG00000167674.14,chr19,4472220,4472422,TSS,True,17,162
ENSG00000167674.14,chr19,4501910,4502218,PAS,True,59,152
ENSG00000167674.14,chr19,4501913,4502219,PAS,True,101,152
ENSG00000167657.13,chr19,3971021,3971121,TSS,False,34,118
ENSG00000167657.13,chr19,3964630,3964994,TSS,True,105,117
ENSG00000105373.18,chr19,47755822,47756687,ES,True,18,129
ENSG00000105373.18,chr19,47745517,47745783,TSS,True,26,148
ENSG00000214456.8,chr19,4535164,4535230,TSS,True,45,355
ENSG00000105568.17,chr19,52189990,52190174,TSS,True,84,320
ENSG00000105568.17,chr19,52211258,52211492,TSS,True,266,319
ENSG00000129351.17,chr19,10653912,10654487,TSS,True,86,116
ENSG00000079999.13,chr19,10502696,10502838,TSS,False,130,604
ENSG00000079999.13,chr19,10499394,10500081,TSS,True,539,604
ENSG00000105355.8,chr19,4867608,4867698,TSS,True,27,187
ENSG00000099624.7,chr19,1244440,1244736,IR,False,244,327
ENSG00000099624.7,chr19,1241726,1241991,TSS,True,46,335
ENSG00000099624.7,chr19,1244314,1244825,PAS,True,245,327
ENSG00000099624.7,chr19,1244736,1244829,PAS,False,91,335
ENSG00000196365.11,chr19,5719703,5720479,TSS,True,19,114
ENSG00000123143.12,chr19,14433174,14433542,TSS,True,22,211
ENSG00000221983.7,chr19,18571887,18573292,5AS,False,56,127
ENSG00000221983.7,chr19,18571801,18571887,TSS,False,86,142
ENSG00000221983.7,chr19,18571846,18571909,TSS,True,71,142
ENSG00000071655.17,chr19,1592617,1592910,TSS,False,35,171
ENSG00000178982.9,chr19,38619078,38619327,TSS,True,71,188
ENSG00000178982.9,chr19,38635045,38635118,TSS,True,117,186
ENSG00000142534.6,chr19,49496396,49496471,TSS,False,26,106
ENSG00000142534.6,chr19,49496398,49497325,TSS,True,90,106
ENSG00000099875.14,chr19,2046468,2046603,IR,True,179,247
ENSG00000099875.14,chr19,2037463,2037829,PAS,True,274,547
ENSG00000099875.14,chr19,2051095,2051247,TSS,True,308,547
ENSG00000174886.12,chr19,5903611,5903957,TSS,True,22,136
ENSG00000104805.15,chr19,48900264,48900372,TSS,False,32,125
ENSG00000104805.15,chr19,48900783,48900931,TSS,True,99,125
ENSG00000126934.13,chr19,4123783,4124170,TSS,True,87,385
ENSG00000196218.12,chr19,38536070,38537879,ES,False,109,412
ENSG00000196218.12,chr19,38565120,38565771,TSS,True,607,787
ENSG00000196218.12,chr19,38528370,38528418,TSS,True,693,788
ENSG00000196218.12,chr19,38587324,38587567,PAS,True,128,905
ENSG00000196218.12,chr19,38505805,38505920,PAS,True,71,117
ENSG00000104823.8,chr19,38831720,38831916,TSS,False,75,326
ENSG00000104823.8,chr19,38831077,38831273,TSS,True,276,326
ENSG00000125733.17,chr19,6739675,6739785,TSS,True,26,165
ENSG00000108107.14,chr19,55384686,55385965,TSS,False,35,157
ENSG00000108107.14,chr19,55386573,55386693,TSS,True,140,157
ENSG00000104960.15,chr19,49850701,49851499,TSS,True,15,103
ENSG00000167676.4,chr19,4510445,4512051,TSS,True,114,166
ENSG00000105447.12,chr19,48445459,48446192,TSS,False,16,134
ENSG00000099817.11,chr19,1095258,1095386,TSS,True,12,119
ENSG00000105401.8,chr19,10395343,10395434,IR,False,101,118
ENSG00000105401.8,chr19,10403377,10403874,TSS,True,54,172
ENSG00000099797.14,chr19,14562024,14562575,TSS,True,58,133
ENSG00000099797.14,chr19,14563431,14564097,TSS,True,86,133
ENSG00000167468.16,chr19,1103996,1104127,TSS,True,101,365
ENSG00000131408.13,chr19,50376427,50376576,TSS,False,58,213
ENSG00000126457.21,chr19,49677316,49680486,ES,False,81,103
ENSG00000126457.21,chr19,49677169,49677316,TSS,False,17,120
ENSG00000064932.15,chr19,1174171,1174286,TSS,True,94,129
ENSG00000064932.15,chr19,1132089,1132322,TSS,False,92,129
ENSG00000107816.17,chr10,100999302,100999952,TSS,False,60,180
ENSG00000107816.17,chr10,100999276,101002946,TSS,True,160,180
ENSG00000138279.15,chr10,73414011,73414088,TSS,True,56,269
ENSG00000138279.15,chr10,73400802,73400860,TSS,True,219,269
ENSG00000123240.16,chr10,13100302,13109111,ES,False,481,537
ENSG00000123240.16,chr10,13116340,13118905,3AS,False,151,570
ENSG00000107954.10,chr10,103584845,103585225,TSS,True,140,175
ENSG00000107954.10,chr10,103555141,103555413,TSS,False,83,175
ENSG00000182180.13,chr10,73252469,73252693,TSS,True,35,147
ENSG00000079393.20,chr10,75109008,75109219,TSS,True,57,169
ENSG00000148498.15,chr10,34341816,34347964,5AS,False,80,108
ENSG00000148498.15,chr10,34109559,34111562,PAS,True,108,125
ENSG00000148498.15,chr10,34312255,34312382,PAS,True,102,121
ENSG00000148498.15,chr10,34312265,34317338,PAS,True,46,121
ENSG00000148498.15,chr10,34814875,34815591,TSS,True,23,127
ENSG00000156515.23,chr10,69318833,69319010,TSS,False,69,608
ENSG00000177791.11,chr10,73641410,73641864,TSS,False,58,506
ENSG00000107581.12,chr10,119033669,119036268,PAS,True,179,411
ENSG00000107581.12,chr10,119049862,119049985,PAS,True,337,389
ENSG00000107581.12,chr10,119050520,119050674,PAS,True,304,373
ENSG00000107581.12,chr10,119080627,119080883,TSS,True,56,413
ENSG00000107438.8,chr10,95290819,95291065,TSS,True,34,290
ENSG00000151929.9,chr10,119672656,119676466,3AS,False,50,238
ENSG00000151929.9,chr10,119651024,119651855,TSS,False,64,263
ENSG00000151929.9,chr10,119676463,119677819,PAS,True,52,242
ENSG00000151929.9,chr10,119676466,119677819,PAS,False,192,242
ENSG00000138107.12,chr10,102502599,102502731,TSS,True,24,181
ENSG00000122367.19,chr10,86716356,86716771,TSS,True,99,127
ENSG00000122367.19,chr10,86717964,86718847,TSS,False,104,127
ENSG00000122367.19,chr10,86732886,86736149,PAS,True,68,138
ENSG00000065613.13,chr10,104002171,104003525,PAS,True,11,100
ENSG00000065613.13,chr10,104025573,104029231,PAS,False,89,100
ENSG00000067082.14,chr10,3784912,3785253,TSS,True,29,216
ENSG00000052749.13,chr10,97385894,97385993,TSS,True,128,187
ENSG00000052749.13,chr10,97401092,97401379,TSS,True,156,188
ENSG00000052749.13,chr10,97381714,97381828,TSS,True,139,187
ENSG00000266412.5,chr10,46030525,46030680,TSS,True,22,145
ENSG00000119938.8,chr10,91632955,91633070,TSS,False,28,217
ENSG00000170525.20,chr10,6226365,6232894,ES,False,26,109
ENSG00000170525.20,chr10,6202885,6203336,TSS,True,88,151
ENSG00000122359.17,chr10,80172869,80205342,ES,False,75,160
ENSG00000122359.17,chr10,80205342,80205839,TSS,True,78,238
ENSG00000122359.17,chr10,80168968,80169359,TSS,True,209,237
ENSG00000148677.6,chr10,90912090,90912976,PAS,False,265,643
ENSG00000148677.6,chr10,90919181,90919268,PAS,True,331,495
ENSG00000148677.6,chr10,90920168,90920348,PAS,True,413,474
ENSG00000148677.6,chr10,90921000,90921091,TSS,False,918,1377
ENSG00000148677.6,chr10,90915781,90915882,TSS,True,1015,1137
ENSG00000148377.5,chr10,1025815,1025859,TSS,False,13,123
ENSG00000197746.13,chr10,71851181,71851322,TSS,True,240,1657
ENSG00000151632.17,chr10,5003751,5003891,TSS,True,47,398
ENSG00000176171.11,chr10,131973792,131981926,TSS,True,303,358
ENSG00000176171.11,chr10,131981760,131982016,TSS,True,61,361
ENSG00000166295.8,chr10,72216023,72216138,TSS,True,48,128
ENSG00000166295.8,chr10,72215982,72216072,TSS,True,91,128
ENSG00000166295.8,chr10,72233000,72235857,PAS,True,28,123
ENSG00000166295.8,chr10,72220053,72220325,PAS,True,98,117
ENSG00000169813.16,chr10,43409130,43409209,TSS,True,100,240
ENSG00000169813.16,chr10,43407716,43407818,TSS,False,175,240
ENSG00000196139.13,chr10,5094375,5094528,TSS,True,57,427
ENSG00000166135.13,chr10,100535927,100536135,TSS,True,45,169
ENSG00000197321.14,chr10,29457337,29458333,PAS,True,210,580
ENSG00000197321.14,chr10,29555051,29555108,PAS,False,107,159
ENSG00000197321.14,chr10,29532739,29533458,PAS,True,94,194
ENSG00000197321.14,chr10,29471137,29472745,TSS,True,314,375
ENSG00000197321.14,chr10,29736684,29737076,TSS,False,508,584
ENSG00000197321.14,chr10,29532528,29533462,TSS,True,377,423
ENSG00000197321.14,chr10,29634419,29634973,TSS,False,520,582
ENSG00000165887.11,chr10,97572515,97572875,TSS,True,60,206
ENSG00000165887.11,chr10,97582604,97582702,TSS,True,183,204
ENSG00000197893.13,chr10,113589079,113589665,3AS,False,287,394
ENSG00000197893.13,chr10,113588705,113589079,PAS,True,464,751
ENSG00000197893.13,chr10,113588714,113589082,PAS,True,644,751
ENSG00000197893.13,chr10,113631856,113631964,PAS,True,99,417
ENSG00000197893.13,chr10,113604608,113604885,TSS,True,431,552
ENSG00000197893.13,chr10,113663810,113664121,TSS,True,531,905
ENSG00000170759.10,chr10,32034748,32034838,PAS,True,14,135
ENSG00000100664.10,chr14,103334182,103334260,TSS,False,28,267
ENSG00000100664.10,chr14,103338326,103338441,PAS,False,174,260
ENSG00000100664.10,chr14,103340962,103345022,PAS,True,98,262
ENSG00000197102.11,chr14,101964520,101964947,TSS,True,95,140
ENSG00000197102.11,chr14,102050434,102050799,PAS,True,48,138
ENSG00000165502.6,chr14,49620561,49620638,TSS,False,46,111
ENSG00000092054.12,chr14,23435619,23435764,TSS,False,7043,11604
ENSG00000165410.14,chr14,34714537,34714702,TSS,False,46,278
ENSG00000092199.17,chr14,21230366,21230996,5AS,False,76,112
ENSG00000092199.17,chr14,21234229,21269297,ES,False,32,107
ENSG00000184887.13,chr14,105248532,105248560,TSS,False,155,179
ENSG00000184887.13,chr14,105248558,105249085,TSS,True,32,179
ENSG00000196792.11,chr14,30913657,30935162,ES,False,89,110
ENSG00000165795.23,chr14,21023321,21025028,ES,False,38,162
ENSG00000165795.23,chr14,21023321,21025676,ES,False,52,155
ENSG00000165795.23,chr14,21025028,21025111,TSS,True,379,541
ENSG00000165795.23,chr14,21025676,21025758,TSS,False,386,541
ENSG00000133943.20,chr14,91114283,91157638,ES,False,84,107
ENSG00000133943.20,chr14,91170186,91173288,5AS,False,61,134
ENSG00000133943.20,chr14,91173403,91175933,5AS,False,30,135
ENSG00000133943.20,chr14,91114038,91114283,TSS,True,34,141
ENSG00000156381.8,chr14,102508549,102509528,ES,True,146,261
ENSG00000156381.8,chr14,102509528,102509817,TSS,True,59,321
ENSG00000156381.8,chr14,102508640,102509776,TSS,True,281,321
ENSG00000080824.18,chr14,102080737,102081821,PAS,True,85,121
ENSG00000080824.18,chr14,102081045,102083302,PAS,True,101,118
ENSG00000080824.18,chr14,102086985,102087336,TSS,True,60,123
ENSG00000080824.18,chr14,102085297,102085712,TSS,True,109,123
ENSG00000140105.17,chr14,100376259,100376343,TSS,True,72,105
ENSG00000140105.17,chr14,100375282,100375628,TSS,True,58,105
ENSG00000126777.17,chr14,55580354,55612018,ES,False,312,420
ENSG00000126777.17,chr14,55661612,55667240,ES,False,51,295
ENSG00000126777.17,chr14,55673012,55675834,ES,False,241,282
ENSG00000126777.17,chr14,55684098,55684585,PAS,True,189,469
ENSG00000126777.17,chr14,55612018,55612897,PAS,True,367,435
ENSG00000142208.16,chr14,104792722,104795483,ES,False,163,200
ENSG00000142208.16,chr14,104795483,104795787,TSS,True,23,224
ENSG00000100614.17,chr14,60249197,60249677,TSS,True,16,108
ENSG00000185559.14,chr14,100726886,100727135,TSS,True,15,103
ENSG00000075413.17,chr14,103467191,103468080,3AS,False,23,138
ENSG00000092148.12,chr14,31205957,31207390,5AS,True,18,110
ENSG00000092148.12,chr14,31099239,31101067,PAS,True,118,144
ENSG00000092148.12,chr14,31168413,31168472,PAS,True,33,124
ENSG00000092148.12,chr14,31207390,31208154,TSS,False,128,146
ENSG00000092148.12,chr14,31207015,31208156,TSS,True,54,146
ENSG00000198668.10,chr14,90397026,90397233,TSS,True,263,1457
ENSG00000198668.10,chr14,90404688,90408264,PAS,True,157,1368
ENSG00000100628.11,chr14,93976433,93976757,TSS,True,57,258
ENSG00000156411.9,chr14,103921469,103921573,TSS,True,12,118
ENSG00000183576.12,chr14,99480727,99481192,TSS,True,19,189
ENSG00000213741.10,chr14,49586284,49586379,TSS,True,45,308
ENSG00000213741.10,chr14,49585949,49586026,TSS,True,266,308
ENSG00000070182.20,chr14,64766396,64766801,PAS,True,312,365
ENSG00000070182.20,chr14,64746283,64749473,PAS,True,66,384
ENSG00000070182.20,chr14,64786403,64787164,TSS,True,346,435
ENSG00000070182.20,chr14,64770884,64771067,TSS,True,373,434
ENSG00000078618.21,chr1,51836212,51840225,ES,False,162,205
ENSG00000074800.15,chr1,8868057,8871890,ME,False,139,269
ENSG00000074800.15,chr1,8878579,8879273,TSS,True,40,320
ENSG00000074800.15,chr1,8863234,8863500,TSS,True,286,320
ENSG00000107404.19,chr1,1338653,1339361,5AS,False,311,354
ENSG00000107404.19,chr1,1348895,1349464,TSS,True,130,425
ENSG00000132716.18,chr1,160240370,160261284,ES,False,14,104
ENSG00000132716.18,chr1,160244034,160262448,5AS,False,52,130
ENSG00000132716.18,chr1,160215713,160217708,PAS,True,30,195
ENSG00000132716.18,chr1,160237126,160237229,PAS,True,170,195
ENSG00000132716.18,chr1,160262116,160262528,TSS,True,151,207
ENSG00000132716.18,chr1,160262448,160262618,TSS,False,116,207
ENSG00000132716.18,chr1,160262275,160262486,TSS,True,181,207
ENSG00000116748.21,chr1,114695436,114695552,TSS,True,27,103
ENSG00000116748.21,chr1,114679578,114679686,TSS,True,87,102
ENSG00000143321.18,chr1,156751342,156751787,TSS,True,72,229
ENSG00000143321.18,chr1,156743651,156743802,TSS,True,188,229
ENSG00000158828.7,chr1,20633448,20633935,TSS,False,112,1003
ENSG00000143164.15,chr1,168045227,168063620,ES,False,202,312
ENSG00000143164.15,chr1,167936593,167937008,TSS,True,64,324
ENSG00000143164.15,chr1,167993223,167993440,TSS,True,286,324
ENSG00000143164.15,chr1,168075370,168076498,PAS,True,86,317
ENSG00000143164.15,chr1,168063620,168064001,PAS,True,235,316
ENSG00000078808.16,chr1,1228946,1231891,5AS,True,105,119
ENSG00000078808.16,chr1,1228467,1229094,TSS,False,135,154
ENSG00000078808.16,chr1,1231891,1232067,TSS,True,49,154
ENSG00000265972.5,chr1,145996016,145996580,TSS,False,104,369
ENSG00000134686.18,chr1,33332404,33334184,5AS,False,89,254
ENSG00000134686.18,chr1,33334292,33349596,ES,True,186,234
ENSG00000134686.18,chr1,33349596,33349941,TSS,True,51,289
ENSG00000116251.10,chr1,6199561,6199604,TSS,False,24,152
ENSG00000175756.13,chr1,1373999,1375185,TSS,True,81,100
ENSG00000175756.13,chr1,1375153,1375310,TSS,True,66,100
ENSG00000175756.13,chr1,1374996,1375188,TSS,True,64,100
ENSG00000054523.17,chr1,10278128,10282321,ES,False,82,115
ENSG00000054523.17,chr1,10278128,10282399,3AS,False,31,146
ENSG00000054523.17,chr1,10210476,10210878,TSS,False,48,226
ENSG00000054523.17,chr1,10303162,10308595,PAS,True,23,201
ENSG00000132128.16,chr1,46285361,46286494,TSS,False,99,114
ENSG00000132128.16,chr1,46303123,46303379,TSS,True,32,114
ENSG00000168509.19,chr1,146019734,146021586,ES,False,151,271
ENSG00000168509.19,chr1,146020320,146021586,3AS,False,74,120
ENSG00000143632.14,chr1,229434003,229434100,TSS,True,946,5166
ENSG00000143632.14,chr1,229431720,229431884,TSS,True,4625,5163
ENSG00000188976.10,chr1,944800,945056,5AS,False,110,224
ENSG00000188976.10,chr1,959214,960041,TSS,True,33,240
ENSG00000143420.18,chr1,150629413,150629622,TSS,True,13,108
ENSG00000153187.19,chr1,244862730,244863673,5AS,False,100,212
ENSG00000153187.19,chr1,244863673,244864567,TSS,True,136,236
ENSG00000153187.19,chr1,244863616,244864545,TSS,True,117,230
ENSG00000084623.11,chr1,32222378,32222444,TSS,True,15,122
ENSG00000004487.16,chr1,23030634,23050386,ES,False,60,161
ENSG00000133055.8,chr1,203168091,203168626,3AS,True,110,126
ENSG00000133055.8,chr1,203167810,203168091,PAS,False,20,130
ENSG00000133055.8,chr1,203167810,203168452,PAS,True,115,130
ENSG00000133055.8,chr1,203175550,203175944,TSS,True,23,131
ENSG00000159348.12,chr1,202967190,202967368,TSS,True,57,334
ENSG00000178104.19,chr1,148991973,148992254,IR,False,66,105
ENSG00000178104.19,chr1,149001696,149002849,5AS,False,52,111
ENSG00000178104.19,chr1,149003042,149003613,3AS,False,41,127
ENSG00000178104.19,chr1,149021153,149026714,ES,False,39,260
ENSG00000178104.19,chr1,149030278,149031999,3AS,False,284,364
ENSG00000178104.19,chr1,148889404,148889894,TSS,True,429,877
ENSG00000178104.19,chr1,149024442,149024684,TSS,True,349,395
ENSG00000178104.19,chr1,149027180,149027627,TSS,True,345,395
ENSG00000178104.19,chr1,149004907,149005437,TSS,True,353,398
ENSG00000178104.19,chr1,148974513,148974594,PAS,True,343,563
ENSG00000178104.19,chr1,149031999,149033019,PAS,True,570,866
ENSG00000178104.19,chr1,148992254,148993882,PAS,True,509,575
ENSG00000143761.15,chr1,228082667,228082765,TSS,True,38,274
ENSG00000168710.17,chr1,109984723,109985172,TSS,True,48,173
ENSG00000168710.17,chr1,110003948,110004451,TSS,False,141,173
ENSG00000163050.16,chr1,226940255,226940399,TSS,False,273,1255
ENSG00000097033.14,chr1,86704565,86704971,TSS,True,30,266
ENSG00000143742.12,chr1,225783368,225789239,ES,False,115,139
ENSG00000009307.15,chr1,114736855,114737962,ES,False,802,893
ENSG00000009307.15,chr1,114757924,114758025,TSS,True,240,966
ENSG00000009307.15,chr1,114749820,114750283,TSS,True,835,964
ENSG00000198842.9,chr1,167094063,167094194,TSS,False,79,345
ENSG00000142864.14,chr1,67424277,67424887,3AS,False,99,194
ENSG00000142864.14,chr1,67424959,67425082,3AS,False,89,192
ENSG00000116688.16,chr1,11980199,11980484,TSS,True,105,154
ENSG00000117411.16,chr1,43978889,43979511,TSS,True,41,108
ENSG00000117411.16,chr1,43979178,43979616,TSS,True,90,108
ENSG00000018625.14,chr1,160115717,160115873,TSS,True,159,221
ENSG00000018625.14,chr1,160135836,160135993,TSS,True,157,216
ENSG00000081248.10,chr1,201042110,201043531,PAS,True,130,152
ENSG00000081248.10,chr1,201039505,201040082,PAS,True,27,159
ENSG00000081248.10,chr1,201112187,201112562,TSS,True,140,160
ENSG00000081248.10,chr1,201053458,201053587,TSS,True,135,160
ENSG00000090621.13,chr1,39563741,39564422,ES,False,35,102
ENSG00000090621.13,chr1,39560244,39561122,PAS,False,15,131
ENSG00000090621.13,chr1,39575758,39577282,TSS,True,20,124
ENSG00000163346.16,chr1,154956068,154956418,TSS,True,43,177
ENSG00000163346.16,chr1,154945571,154946693,TSS,True,156,177
ENSG00000135821.18,chr1,182391678,182391826,TSS,True,84,300
ENSG00000116560.10,chr1,35182844,35184593,PAS,False,24,198
ENSG00000159173.18,chr1,201421672,201421767,TSS,True,258,1193
ENSG00000134243.11,chr1,109345878,109347482,3AS,False,45,103
ENSG00000134243.11,chr1,109397586,109397969,TSS,True,21,120
ENSG00000142676.14,chr1,23691829,23692611,3AS,False,18,139
ENSG00000142676.14,chr1,23691780,23691829,TSS,False,63,202
ENSG00000142676.14,chr1,23695855,23695908,TSS,True,172,201
ENSG00000117115.12,chr1,17119279,17119453,TSS,False,179,243
ENSG00000117115.12,chr1,17086520,17086624,TSS,True,208,243
ENSG00000142661.18,chr1,24112030,24112217,TSS,False,110,130
ENSG00000154358.20,chr1,228339026,228339944,3AS,False,107,146
ENSG00000154358.20,chr1,228371085,228373081,TSS,True,49,200
ENSG00000154358.20,chr1,228359596,228361255,PAS,False,39,342
ENSG00000154358.20,chr1,228378617,228378882,PAS,True,441,639
ENSG00000116288.12,chr1,7961735,7962762,5AS,False,91,220
ENSG00000116288.12,chr1,7961614,7961735,TSS,True,151,242
ENSG00000116288.12,chr1,7961660,7961793,TSS,True,113,242
ENSG00000159388.5,chr1,203305497,203305748,TSS,True,45,170
ENSG00000142937.11,chr1,44775522,44775600,TSS,True,153,467
ENSG00000142937.11,chr1,44775558,44776140,TSS,True,410,467
ENSG00000142937.11,chr1,44778575,44778753,PAS,False,41,383
ENSG00000142937.11,chr1,44777999,44778740,PAS,True,341,381
ENSG00000215861.5,chr1,149190531,149197995,3AS,True,285,329
ENSG00000215861.5,chr1,149187069,149190531,PAS,True,148,434
ENSG00000215861.5,chr1,149195877,149198171,PAS,False,363,431
ENSG00000215861.5,chr1,149285453,149285859,TSS,True,354,434
ENSG00000215861.5,chr1,149240376,149240861,TSS,True,97,434
ENSG00000077522.12,chr1,236686451,236686799,TSS,True,426,2521
ENSG00000163395.16,chr1,201215652,201215838,TSS,True,108,124
ENSG00000163395.16,chr1,201215857,201216753,TSS,True,102,124
ENSG00000163395.16,chr1,201212071,201213621,TSS,True,70,124
ENSG00000173641.17,chr1,16017764,16018046,TSS,True,151,280
ENSG00000065978.18,chr1,42682425,42682731,TSS,True,28,197
ENSG00000116133.12,chr1,54886888,54887251,TSS,False,99,180
ENSG00000116786.12,chr1,15684293,15684618,TSS,True,54,110
ENSG00000116786.12,chr1,15733796,15734771,PAS,True,29,103
ENSG00000163157.14,chr1,151170518,151170551,TSS,True,282,326
ENSG00000163157.14,chr1,151175923,151176091,TSS,True,84,328
ENSG00000197530.12,chr1,1616082,1616507,5AS,True,24,220
ENSG00000197530.12,chr1,1616614,1623430,ES,True,180,215
ENSG00000197530.12,chr1,1616614,1623430,3AS,False,180,252
ENSG00000197530.12,chr1,1615423,1615633,TSS,True,285,349
ENSG00000197530.12,chr1,1615455,1616100,TSS,True,154,349
ENSG00000122406.13,chr1,92831989,92832117,TSS,False,22,208
ENSG00000160789.19,chr1,156137653,156140079,PAS,True,373,529
ENSG00000160789.19,chr1,156139079,156140087,PAS,True,162,547
ENSG00000162413.16,chr1,6601796,6602913,TSS,True,54,268
ENSG00000143774.16,chr1,228140363,228145510,ES,False,59,136
ENSG00000168159.11,chr1,228487361,228487878,TSS,True,23,182
PB_novel_51308,chr11_KI270721v1_random,51699,52939,TSS,True,41,350
ENSG00000069011.15,chr5,135033712,135034386,TSS,True,28,257
ENSG00000113140.10,chr5,151686864,151687036,TSS,True,43,132
ENSG00000112992.16,chr5,43602722,43603294,TSS,True,22,152
ENSG00000213585.10,chr5,133993015,134004646,3AS,False,123,531
ENSG00000213585.10,chr5,134004646,134004776,TSS,True,76,609
ENSG00000120729.9,chr5,137870525,137875828,5AS,False,21,113
ENSG00000120729.9,chr5,137867858,137867953,TSS,True,26,148
ENSG00000113580.14,chr5,143277933,143282041,PAS,True,102,136
ENSG00000113580.14,chr5,143309090,143310213,PAS,True,40,136
ENSG00000113580.14,chr5,143403210,143403766,TSS,True,21,137
ENSG00000153113.23,chr5,96722698,96727488,ES,False,101,140
ENSG00000153113.23,chr5,96762372,96765223,3AS,False,24,123
ENSG00000153113.23,chr5,96662077,96662497,TSS,True,111,151
ENSG00000153113.23,chr5,96702645,96702915,TSS,True,51,151
ENSG00000153113.23,chr5,96772639,96774683,PAS,True,27,149
ENSG00000164309.14,chr5,79689684,79690056,TSS,False,225,415
ENSG00000164309.14,chr5,79733625,79739403,TSS,False,118,198
ENSG00000164309.14,chr5,79799369,79800611,PAS,True,219,395
ENSG00000164309.14,chr5,79728914,79732784,PAS,True,70,190
ENSG00000131446.16,chr5,180810039,180810210,TSS,True,110,126
ENSG00000131446.16,chr5,180802679,180802855,TSS,True,47,126
ENSG00000113328.18,chr5,163437664,163437764,IR,False,59,186
ENSG00000113328.18,chr5,163437578,163437804,TSS,True,61,188
ENSG00000113328.18,chr5,163437594,163437664,TSS,True,129,188
ENSG00000197043.13,chr5,151109846,151117126,ES,False,28,230
ENSG00000145907.14,chr5,151772036,151786602,3AS,False,82,234
ENSG00000168724.16,chr5,34945803,34950169,ES,False,96,113
ENSG00000168724.16,chr5,34954552,34958965,PAS,True,55,159
ENSG00000168724.16,chr5,34944866,34946205,PAS,True,133,159
ENSG00000113282.13,chr5,157789513,157791702,3AS,False,64,143
ENSG00000113712.17,chr5,149496860,149505482,5AS,False,97,211
ENSG00000113712.17,chr5,149513209,149520289,ES,False,150,212
ENSG00000164405.10,chr5,132866687,132866868,5AS,False,132,148
ENSG00000164405.10,chr5,132866585,132866687,TSS,True,201,333
ENSG00000145730.20,chr5,103019843,103028184,ES,False,20,119
ENSG00000145730.20,chr5,103019843,103028184,3AS,False,20,107
ENSG00000145730.20,chr5,103025334,103028184,3AS,False,98,165
ENSG00000145730.20,chr5,102755028,102755348,TSS,False,139,221
ENSG00000145730.20,chr5,102865497,102866284,TSS,True,95,221
ENSG00000172239.13,chr5,43555999,43556818,5AS,False,64,178
ENSG00000172239.13,chr5,43556581,43557126,TSS,True,69,184
ENSG00000172239.13,chr5,43556818,43557178,TSS,True,118,184
ENSG00000044115.20,chr5,138753379,138753510,TSS,True,34,192
ENSG00000145592.13,chr5,40835182,40835284,TSS,False,386,473
ENSG00000164237.8,chr5,10307624,10307886,TSS,True,13,108
ENSG00000131730.15,chr5,81233377,81251112,5AS,False,202,253
ENSG00000131730.15,chr5,81232638,81233377,TSS,True,109,314
ENSG00000131730.15,chr5,81232736,81233381,TSS,True,263,314
ENSG00000131730.15,chr5,81251106,81251284,TSS,True,269,314
ENSG00000145741.15,chr5,73498558,73499133,5AS,False,176,210
ENSG00000145741.15,chr5,73498430,73498799,TSS,True,180,214
ENSG00000145741.15,chr5,73498425,73498558,TSS,True,38,214
ENSG00000120306.10,chr5,140175082,140175285,TSS,True,27,135
ENSG00000120306.10,chr5,140194443,140194652,TSS,True,116,135
ENSG00000145901.15,chr5,151030673,151032286,3AS,False,24,141
ENSG00000145901.15,chr5,151032383,151033607,3AS,False,113,137
ENSG00000145901.15,chr5,151029942,151030673,PAS,True,122,146
ENSG00000145901.15,chr5,151029122,151030747,PAS,True,30,146
ENSG00000145901.15,chr5,151080879,151081396,TSS,True,19,148
ENSG00000161011.19,chr5,179820881,179821141,TSS,True,278,814
ENSG00000073578.16,chr5,218010,218418,TSS,True,45,435
ENSG00000113296.14,chr5,80035170,80035625,TSS,False,58,296
ENSG00000164587.12,chr5,150449702,150449742,TSS,False,57,423
ENSG00000127022.14,chr5,179698902,179699102,TSS,True,21,167
ENSG00000015479.18,chr5,139322967,139325439,3AS,False,220,259
ENSG00000015479.18,chr5,139293607,139293805,TSS,True,30,269
ENSG00000211445.11,chr5,151020538,151020741,TSS,True,50,321
ENSG00000171604.11,chr5,139648845,139680363,ES,False,201,235
ENSG00000132429.9,chr6,105159819,105161795,5AS,False,51,130
ENSG00000124762.13,chr6,36678709,36678798,TSS,True,178,627
ENSG00000161896.11,chr6,33735655,33746757,ES,False,107,177
ENSG00000161896.11,chr6,33746757,33747020,TSS,True,77,256
ENSG00000112715.21,chr6,43778918,43781955,ES,False,49,142
ENSG00000112715.21,chr6,43778918,43784540,ES,False,21,163
ENSG00000112531.16,chr6,163414377,163415335,TSS,True,22,109
ENSG00000112531.16,chr6,163570693,163573864,PAS,True,47,101
ENSG00000111897.6,chr6,122471698,122471853,TSS,False,13,111
ENSG00000120265.17,chr6,149810615,149812368,PAS,True,12,109
ENSG00000120265.17,chr6,149802199,149803052,PAS,True,97,108
ENSG00000112096.17,chr6,159693144,159693337,TSS,True,444,2479
ENSG00000124570.19,chr6,2971116,2971342,TSS,True,53,112
ENSG00000124570.19,chr6,2971532,2972165,TSS,True,84,112
ENSG00000204580.13,chr6,30884170,30884710,TSS,True,67,101
ENSG00000180992.6,chr6,44127343,44127452,TSS,False,23,104
ENSG00000180992.6,chr6,44127254,44127349,TSS,True,91,104
ENSG00000124614.15,chr6,34426031,34426132,TSS,True,28,166
ENSG00000237441.9,chr6,33296027,33296467,TSS,True,90,106
ENSG00000237441.9,chr6,33298869,33299417,TSS,True,43,106
ENSG00000008018.8,chr6,170553129,170553320,TSS,False,51,149
ENSG00000008018.8,chr6,170543600,170543695,TSS,True,107,149
ENSG00000137312.14,chr6,30742526,30742825,TSS,True,92,370
ENSG00000137312.14,chr6,30740157,30740311,TSS,True,297,368
ENSG00000156508.17,chr6,73520999,73521033,TSS,False,26,205
ENSG00000204394.12,chr6,31795545,31795986,TSS,False,89,134
ENSG00000204394.12,chr6,31794830,31795959,TSS,True,97,134
ENSG00000118496.4,chr6,145814602,145814815,TSS,False,19,156
ENSG00000196821.9,chr6,34696445,34696809,TSS,True,55,112
ENSG00000204525.16,chr6,31271998,31272133,TSS,False,24,147
ENSG00000206503.12,chr6,29942481,29942626,TSS,True,30,231
ENSG00000203875.11,chr6,85678135,85678736,TSS,True,76,100
ENSG00000203875.11,chr6,85678693,85678737,TSS,True,28,101
ENSG00000112186.11,chr6,17393228,17393746,TSS,True,44,264
ENSG00000186439.12,chr6,123388548,123393623,3AS,True,30,108
ENSG00000186439.12,chr6,123438122,123438943,3AS,True,62,111
ENSG00000186439.12,chr6,123382114,123382147,PAS,True,433,483
ENSG00000186439.12,chr6,123501827,123503901,PAS,True,390,439
ENSG00000186439.12,chr6,123528293,123530565,PAS,True,271,439
ENSG00000186439.12,chr6,123438943,123439003,PAS,True,364,467
ENSG00000186439.12,chr6,123636753,123637336,TSS,True,106,525
ENSG00000204592.8,chr6,30489472,30489595,TSS,False,50,138
ENSG00000137409.19,chr6,36970694,36972702,5AS,False,74,172
ENSG00000137409.19,chr6,36985852,36986447,TSS,True,19,188
ENSG00000112306.7,chr6,132814565,132814613,TSS,True,40,372
ENSG00000112183.14,chr6,17280520,17281749,TSS,True,104,155
ENSG00000187555.14,chr16,8892095,8894104,PAS,True,33,131
ENSG00000187555.14,chr16,8915255,8915344,PAS,True,100,124
ENSG00000187555.14,chr16,8963206,8963982,TSS,True,16,133
ENSG00000184602.5,chr16,11668432,11668540,TSS,False,22,163
ENSG00000124067.16,chr16,67968438,67968667,TSS,True,35,105
ENSG00000206172.8,chr16,176680,176811,TSS,True,21,110
ENSG00000206172.8,chr16,176926,177133,TSS,True,94,110
ENSG00000196296.13,chr16,28887442,28887722,TSS,False,284,622
ENSG00000059122.16,chr16,2930010,2930412,3AS,False,33,110
ENSG00000059122.16,chr16,2933979,2937120,ES,False,125,140
ENSG00000059122.16,chr16,2911831,2912154,TSS,True,58,156
ENSG00000059122.16,chr16,2933128,2933582,TSS,False,137,155
ENSG00000166592.11,chr16,66925194,66925462,IR,True,86,238
ENSG00000166592.11,chr16,66925408,66925536,TSS,True,1209,6847
ENSG00000083799.17,chr16,50742841,50749575,ES,False,91,105
ENSG00000083799.17,chr16,50742045,50742124,TSS,True,90,114
ENSG00000083799.17,chr16,50742112,50742216,TSS,True,38,114
ENSG00000083799.17,chr16,50796323,50801935,PAS,True,16,108
ENSG00000185739.13,chr16,4204634,4242006,ES,True,412,468
ENSG00000185739.13,chr16,4242006,4242268,TSS,True,109,579
ENSG00000126602.10,chr16,3717420,3717597,TSS,True,25,231
ENSG00000134419.15,chr16,18790309,18790336,TSS,False,61,296
ENSG00000140986.7,chr16,1954628,1954742,TSS,True,47,311
ENSG00000140986.7,chr16,1953955,1954554,TSS,True,279,311
ENSG00000149925.18,chr16,30064645,30064784,TSS,True,5685,6469
ENSG00000149925.18,chr16,30065720,30065927,TSS,True,2157,6469
ENSG00000103495.13,chr16,29808741,29810076,ES,False,87,127
ENSG00000103495.13,chr16,29806339,29806893,TSS,True,66,142
ENSG00000103495.13,chr16,29806546,29807828,TSS,False,99,142
ENSG00000159461.14,chr16,56425072,56425623,TSS,False,36,129
ENSG00000103342.12,chr16,11896782,11897839,3AS,False,29,166
ENSG00000103342.12,chr16,11868127,11873171,PAS,True,49,189
ENSG00000103342.12,chr16,11889977,11891139,PAS,True,141,187
ENSG00000103342.12,chr16,11915368,11916001,TSS,True,28,195
ENSG00000103342.12,chr16,11896557,11896718,TSS,True,174,194
ENSG00000006327.13,chr16,3020330,3020491,TSS,False,29,129
ENSG00000058600.15,chr16,22297352,22297537,TSS,True,32,103
ENSG00000050820.16,chr16,75251470,75251719,TSS,True,144,175
ENSG00000050820.16,chr16,75234888,75235855,TSS,True,144,175
ENSG00000050820.16,chr16,75265824,75266014,TSS,True,126,175
ENSG00000050820.16,chr16,75242469,75243091,TSS,True,148,175
ENSG00000065427.14,chr16,75641723,75647577,ES,False,91,122
ENSG00000065427.14,chr16,75647577,75648662,TSS,True,15,137
ENSG00000063854.12,chr16,1826711,1827158,TSS,False,53,152
ENSG00000063854.12,chr16,1819896,1821507,TSS,True,118,152
ENSG00000103423.13,chr16,4450497,4455545,ES,False,104,161
ENSG00000103423.13,chr16,4425807,4426092,TSS,True,17,165
ENSG00000166123.13,chr16,46884325,46884467,TSS,False,37,152
ENSG00000167526.13,chr16,89560649,89560712,TSS,False,102,748
ENSG00000172831.11,chr16,66935711,66938036,5AS,False,112,133
ENSG00000172831.11,chr16,66934418,66935711,TSS,True,46,159
ENSG00000172831.11,chr16,66934033,66935976,TSS,True,140,159
ENSG00000188536.13,chr16,172876,173007,TSS,True,52,250
ENSG00000188536.13,chr16,173123,173329,TSS,True,201,250
ENSG00000166595.11,chr16,66934222,66934931,TSS,True,23,143
ENSG00000184110.14,chr16,28711448,28711518,TSS,True,115,609
ENSG00000090565.15,chr16,425589,426720,TSS,True,52,111
ENSG00000090565.15,chr16,488888,489000,TSS,False,90,108
ENSG00000090565.15,chr16,520725,523022,PAS,True,11,102
ENSG00000171490.12,chr16,11851407,11851580,TSS,True,11,106
ENSG00000140988.15,chr16,1964448,1964826,TSS,True,942,1236
ENSG00000140988.15,chr16,1964806,1964828,TSS,True,426,1236
ENSG00000131143.8,chr16,85799230,85799752,TSS,True,75,391
ENSG00000167930.15,chr16,259599,259995,3AS,False,21,121
ENSG00000167930.15,chr16,234790,234857,TSS,True,46,151
ENSG00000103363.14,chr16,2776992,2777242,TSS,True,118,167
ENSG00000103363.14,chr16,2777236,2777295,TSS,True,50,167
ENSG00000162032.15,chr16,1782501,1782582,TSS,False,59,180
ENSG00000162032.15,chr16,1781357,1782507,TSS,True,136,180
ENSG00000132612.15,chr16,69311311,69311532,TSS,False,55,218
ENSG00000132612.15,chr16,69321108,69321270,TSS,False,188,218
ENSG00000101605.12,chr18,3066692,3067555,PAS,True,12,107
ENSG00000101605.12,chr18,3219802,3220010,TSS,True,93,118
ENSG00000101605.12,chr18,3094169,3094281,TSS,True,95,107
ENSG00000101605.12,chr18,3134649,3134754,TSS,True,66,107
ENSG00000101608.12,chr18,3247784,3247909,TSS,True,1539,1722
ENSG00000101608.12,chr18,3252133,3252325,TSS,False,267,1719
ENSG00000265681.7,chr18,49492457,49492487,TSS,True,21,186
ENSG00000177189.13,chrX,20172868,20175163,3AS,False,16,101
ENSG00000102225.15,chrX,47218679,47219105,TSS,True,16,136
ENSG00000178605.13,chrX,318438,318864,TSS,False,17,136
ENSG00000214717.11,chrX,2500816,2500976,TSS,True,31,116
ENSG00000102241.11,chrX,136497439,136497675,3AS,False,19,152
ENSG00000102241.11,chrX,136497206,136497439,TSS,True,40,192
ENSG00000102241.11,chrX,136497495,136497870,TSS,True,154,192
ENSG00000131828.13,chrX,19343890,19344094,TSS,True,35,219
ENSG00000184343.10,chrX,153781000,153781346,TSS,True,92,104
ENSG00000184343.10,chrX,153780996,153781145,TSS,False,49,104
ENSG00000184216.13,chrX,154013343,154014041,3AS,False,15,143
ENSG00000184216.13,chrX,154019598,154019676,IR,False,115,133
ENSG00000184216.13,chrX,154013042,154013399,TSS,True,168,206
ENSG00000184216.13,chrX,154019676,154019950,TSS,True,93,208
ENSG00000101940.17,chrX,48597474,48597614,TSS,False,62,142
ENSG00000101940.17,chrX,48597498,48598957,TSS,True,113,142
ENSG00000101940.17,chrX,48597505,48598037,TSS,True,119,142
ENSG00000130985.16,chrX,47194024,47198802,ES,False,87,119
ENSG00000130985.16,chrX,47193755,47194024,TSS,True,79,199
ENSG00000022267.16,chrX,136197023,136197134,TSS,True,426,1865
ENSG00000169100.13,chrX,1391898,1392911,TSS,True,61,152
ENSG00000169100.13,chrX,1389240,1389726,TSS,True,117,152
ENSG00000102181.20,chrX,150898521,150898759,TSS,True,40,106
ENSG00000126945.8,chrX,101408188,101408319,TSS,False,27,187
ENSG00000005893.15,chrX,120436493,120439293,PAS,True,33,239
ENSG00000071859.14,chrX,154444103,154444346,TSS,True,23,122
ENSG00000071859.14,chrX,154450027,154450099,TSS,True,104,120
ENSG00000125356.6,chrX,119871858,119872013,TSS,False,63,182
ENSG00000125356.6,chrX,119873300,119873393,TSS,True,119,182
ENSG00000167393.17,chrX,341396,341882,IR,False,191,237
ENSG00000167393.17,chrX,373531,374072,TSS,False,50,257
ENSG00000065150.18,chr13,97976125,97976786,TSS,True,25,149
ENSG00000088448.14,chr13,110893263,110906032,ES,False,94,106
ENSG00000088448.14,chr13,110878534,110880112,PAS,True,27,109
ENSG00000088448.14,chr13,110892602,110893263,PAS,True,94,106
ENSG00000088448.14,chr13,110878539,110883793,PAS,True,94,108
ENSG00000088448.14,chr13,110914724,110915101,TSS,True,13,109
ENSG00000183087.14,chr13,113863832,113864108,TSS,True,120,387
ENSG00000132963.7,chr13,28659093,28659187,TSS,False,13,126
ENSG00000189403.14,chr13,30465795,30465967,TSS,True,31,114
ENSG00000102804.14,chr13,44436503,44436857,TSS,True,34,230
ENSG00000153531.13,chr13,113453223,113454332,TSS,False,129,147
ENSG00000122034.14,chr13,27424938,27427091,ES,True,131,151
ENSG00000122034.14,chr13,27430621,27434138,ES,False,40,166
ENSG00000122034.14,chr13,27424580,27424938,TSS,True,18,175
ENSG00000106153.12,chr7,56106363,56106485,TSS,True,24,229
ENSG00000105993.14,chr7,157336847,157337144,TSS,True,71,323
ENSG00000146701.11,chr7,76048045,76048226,TSS,False,95,407
ENSG00000122566.21,chr7,26197732,26200571,ES,False,150,183
ENSG00000122566.21,chr7,26189657,26190460,PAS,False,181,208
ENSG00000122566.21,chr7,26190124,26192338,PAS,True,34,206
ENSG00000122566.21,chr7,26200571,26201617,TSS,True,21,209
ENSG00000170667.14,chr7,102517645,102517797,TSS,False,44,115
ENSG00000133606.10,chr7,140453050,140454729,PAS,True,26,144
ENSG00000133606.10,chr7,140456185,140456866,PAS,True,118,143
ENSG00000172354.9,chr7,100673581,100673923,TSS,True,12,107
ENSG00000170852.10,chr7,32891535,32892021,TSS,False,16,108
ENSG00000164692.17,chr7,94394693,94395101,TSS,True,23,139
ENSG00000105808.17,chr7,102587770,102592284,ES,False,133,388
ENSG00000105808.17,chr7,102616624,102616790,TSS,True,154,409
ENSG00000105808.17,chr7,102611085,102611853,TSS,True,368,409
ENSG00000164896.19,chr7,151079922,151080684,5AS,False,15,123
ENSG00000164896.19,chr7,151080684,151080883,TSS,True,131,151
ENSG00000164896.19,chr7,151080436,151080839,TSS,False,40,151
ENSG00000128591.15,chr7,128852942,128853621,TSS,True,1925,2637
ENSG00000106211.8,chr7,76302672,76303076,TSS,False,595,2225
ENSG00000106211.8,chr7,76303813,76303865,TSS,True,1689,2225
ENSG00000274523.4,chr7,75073413,75073871,TSS,True,25,121
ENSG00000106078.18,chr7,51316592,51317116,TSS,True,20,132
ENSG00000136238.17,chr7,6374432,6374770,TSS,True,13,109
ENSG00000075624.14,chr7,5528719,5529160,ES,False,143,161
ENSG00000075624.14,chr7,5530523,5530604,TSS,True,23,180
ENSG00000164828.17,chr7,848615,849922,ES,True,22,102
ENSG00000164828.17,chr7,849603,851383,ES,False,44,128
ENSG00000164828.17,chr7,852667,852812,3AS,False,52,176
ENSG00000164828.17,chr7,856401,857827,ES,True,155,183
ENSG00000164828.17,chr7,815868,816673,TSS,True,60,201
ENSG00000058404.19,chr7,44325356,44325759,TSS,True,24,111
ENSG00000062582.13,chr7,43869456,43869525,TSS,True,19,101
ENSG00000062582.13,chr7,43869307,43869517,TSS,True,90,101
ENSG00000004799.7,chr7,95596163,95596563,TSS,True,44,346
ENSG00000146729.9,chr7,55964521,55964701,TSS,True,27,257
ENSG00000136270.13,chr7,45111642,45111745,TSS,True,62,116
ENSG00000136270.13,chr7,45111663,45111735,TSS,True,74,116
ENSG00000106682.14,chr7,74174162,74174442,TSS,True,71,487
ENSG00000106263.17,chr7,2355116,2355233,IR,False,61,461
ENSG00000106263.17,chr7,2379511,2380278,3AS,False,241,409
ENSG00000106263.17,chr7,2354092,2355420,TSS,True,84,481
ENSG00000106263.17,chr7,2354804,2355116,TSS,True,422,481
ENSG00000106263.17,chr7,2380203,2380748,PAS,True,316,480
ENSG00000106263.17,chr7,2380278,2380746,PAS,False,239,480
ENSG00000164654.15,chr7,7566848,7567688,TSS,True,55,101
ENSG00000164654.15,chr7,7566854,7567072,TSS,True,67,101
ENSG00000164654.15,chr7,7566841,7567484,TSS,False,82,101
ENSG00000106628.10,chr7,44123510,44123564,TSS,True,36,120
ENSG00000106052.13,chr7,27816394,27816889,5AS,False,114,191
ENSG00000106052.13,chr7,27828627,27830588,PAS,True,42,238
ENSG00000136280.16,chr7,45000363,45038252,ES,False,79,100
ENSG00000136280.16,chr7,45000363,45063917,ES,False,11,109
ENSG00000136280.16,chr7,45064646,45072725,ES,False,12,109
ENSG00000189077.10,chr7,75988148,75988251,IR,False,91,106
ENSG00000186591.12,chr7,129952502,129952986,TSS,True,21,125
ENSG00000214022.11,chr7,150368167,150368941,TSS,True,73,160
ENSG00000171867.16,chr20,4686512,4699215,3AS,False,84,190
ENSG00000171867.16,chr20,4686325,4686512,TSS,True,35,225
ENSG00000171867.16,chr20,4699215,4701587,PAS,True,107,191
ENSG00000171867.16,chr20,4699210,4701589,PAS,True,84,191
ENSG00000118705.16,chr20,37236709,37241302,ES,False,29,139
ENSG00000118705.16,chr20,37178397,37179369,TSS,True,15,144
ENSG00000132819.16,chr20,57391395,57391818,TSS,True,134,327
ENSG00000101400.5,chr20,33443310,33443891,TSS,False,38,180
ENSG00000101400.5,chr20,33412295,33412416,TSS,True,161,179
ENSG00000125977.6,chr20,34088301,34089905,PAS,False,40,114
ENSG00000125977.6,chr20,34103498,34103565,PAS,True,100,113
ENSG00000125977.6,chr20,34105520,34105545,PAS,True,91,112
ENSG00000198959.11,chr20,38165188,38165430,TSS,True,100,130
ENSG00000198959.11,chr20,38161419,38161601,TSS,True,107,130
ENSG00000198959.11,chr20,38155846,38156090,TSS,True,100,130
ENSG00000124164.15,chr20,58389132,58389517,TSS,True,13,113
ENSG00000166619.13,chr20,37527792,37527915,TSS,True,271,644
ENSG00000166619.13,chr20,37524376,37524518,TSS,False,483,644
ENSG00000171858.17,chr20,62387060,62387136,TSS,True,34,140
ENSG00000171858.17,chr20,62387107,62387388,TSS,True,124,140
ENSG00000130706.12,chr20,62303045,62303567,5AS,True,33,304
ENSG00000130706.12,chr20,62302936,62303049,TSS,False,112,380
ENSG00000101161.7,chr20,63981097,63981316,TSS,False,30,128
ENSG00000125818.17,chr20,1166226,1167794,PAS,True,89,125
ENSG00000125818.17,chr20,1165028,1167316,PAS,True,39,122
ENSG00000271303.1,chr20,652975,653199,TSS,False,67,546
ENSG00000101306.10,chr20,31819250,31819428,TSS,False,46,127
ENSG00000101306.10,chr20,31819381,31819632,TSS,True,111,127
ENSG00000087460.24,chr20,58895684,58903527,ES,False,418,489
ENSG00000087460.24,chr20,58895684,58903530,ES,False,219,734
ENSG00000087460.24,chr20,58895684,58903530,3AS,False,219,708
ENSG00000087460.24,chr20,58898985,58903530,3AS,False,518,589
ENSG00000101210.11,chr20,63499057,63499275,TSS,True,373,1981
ENSG00000215440.11,chr20,58692123,58693050,TSS,False,20,159
ENSG00000101182.14,chr20,62139074,62139185,TSS,True,281,512
ENSG00000101182.14,chr20,62143207,62143457,TSS,True,251,512
ENSG00000125970.11,chr20,34073635,34075873,ES,False,23,112
ENSG00000138495.6,chr3,119677203,119677415,TSS,True,14,133
ENSG00000047849.21,chr3,47917174,47921764,ES,True,46,437
ENSG00000047849.21,chr3,47977933,47998637,ES,False,227,438
ENSG00000047849.21,chr3,47998879,48016333,ES,False,165,194
ENSG00000047849.21,chr3,47850681,47852938,PAS,True,535,608
ENSG00000047849.21,chr3,47853162,47853298,TSS,True,335,396
ENSG00000047849.21,chr3,48088772,48089274,TSS,True,685,907
ENSG00000047849.21,chr3,48016333,48016497,TSS,True,710,905
ENSG00000188846.13,chr3,40457295,40457363,TSS,False,147,211
ENSG00000188846.13,chr3,40457330,40457991,TSS,True,71,211
ENSG00000162244.11,chr3,51995856,51995952,TSS,False,46,214
ENSG00000162244.11,chr3,51995424,51995470,TSS,True,192,214
ENSG00000144712.12,chr3,12796483,12796788,TSS,True,77,116
ENSG00000144712.12,chr3,12816577,12817876,TSS,True,71,116
ENSG00000178035.11,chr3,49025269,49026323,ES,False,61,155
ENSG00000070087.14,chr3,149966264,149968357,3AS,False,37,314
ENSG00000070087.14,chr3,149964901,149966264,PAS,True,280,317
ENSG00000070087.14,chr3,149964900,149966586,PAS,True,40,317
ENSG00000070087.14,chr3,149970724,149970940,TSS,False,43,336
ENSG00000164062.12,chr3,49673964,49674413,TSS,True,36,192
ENSG00000151967.18,chr3,159839929,159840214,TSS,True,131,206
ENSG00000151967.18,chr3,159853078,159853457,TSS,True,76,205
ENSG00000132155.11,chr3,12663812,12664200,TSS,True,18,122
ENSG00000114867.20,chr3,184323241,184323407,3AS,False,102,151
ENSG00000114867.20,chr3,184314489,184314674,TSS,True,274,307
ENSG00000114867.20,chr3,184321278,184322103,TSS,True,272,307
ENSG00000114867.20,chr3,184323173,184323593,TSS,True,271,306
ENSG00000114867.20,chr3,184334726,184335358,PAS,True,46,290
ENSG00000114867.20,chr3,184325268,184326296,PAS,True,174,217
ENSG00000160808.9,chr3,46858101,46858230,IR,False,131,157
ENSG00000160808.9,chr3,46855260,46858272,PAS,True,132,158
ENSG00000160808.9,chr3,46857860,46858101,PAS,False,27,158
ENSG00000144749.13,chr3,66500189,66501123,TSS,True,64,106
ENSG00000144749.13,chr3,66383990,66384343,TSS,True,83,105
ENSG00000247596.8,chr3,52238991,52239180,TSS,True,87,106
ENSG00000247596.8,chr3,52235028,52235191,TSS,True,34,106
ENSG00000122068.12,chr3,197749424,197750074,TSS,True,15,134
ENSG00000177479.19,chr3,48922811,48927461,ES,False,15,140
ENSG00000177479.19,chr3,48924839,48927464,3AS,True,14,138
ENSG00000177479.19,chr3,48918211,48918998,TSS,True,18,179
ENSG00000010256.10,chr3,48609551,48609668,TSS,True,148,792
ENSG00000010256.10,chr3,48600679,48602297,TSS,True,690,792
ENSG00000132153.14,chr3,47802641,47803212,TSS,True,109,127
ENSG00000132153.14,chr3,47824966,47825247,TSS,False,44,127
ENSG00000229619.3,chr3,152269427,152269851,TSS,True,23,158
ENSG00000091527.15,chr3,133586722,133587161,3AS,False,15,146
ENSG00000091527.15,chr3,133586722,133587895,3AS,False,102,248
ENSG00000091527.15,chr3,133586722,133588352,3AS,False,116,364
ENSG00000091527.15,chr3,133587895,133590261,PAS,True,272,374
ENSG00000091527.15,chr3,133587158,133590270,PAS,True,244,374
ENSG00000091527.15,chr3,133588352,133590260,PAS,False,258,374
ENSG00000169714.16,chr3,129171277,129171445,3AS,False,488,618
ENSG00000169714.16,chr3,129171538,129171654,5AS,False,297,600
ENSG00000168334.8,chr3,39183215,39185661,PAS,True,11,103
ENSG00000168334.8,chr3,39186088,39187014,TSS,True,208,274
ENSG00000168334.8,chr3,39192445,39192596,TSS,True,240,275
ENSG00000144908.13,chr3,126180475,126180706,TSS,True,76,271
ENSG00000093167.17,chr3,37052625,37053961,PAS,True,35,103
ENSG00000093167.17,chr3,37083634,37083806,PAS,True,87,102
ENSG00000093167.17,chr3,37176059,37176751,TSS,True,25,103
ENSG00000093167.17,chr3,37175817,37176361,TSS,True,82,103
ENSG00000114416.17,chr3,180962940,180963027,IR,False,25,104
ENSG00000114416.17,chr3,180976121,180978044,PAS,True,18,121
ENSG00000156976.16,chr3,186783639,186784431,3AS,False,487,657
ENSG00000164068.15,chr3,49688777,49689606,TSS,True,84,138
ENSG00000164068.15,chr3,49691110,49691247,TSS,False,124,138
ENSG00000164068.15,chr3,49704966,49705182,TSS,True,117,137
ENSG00000172995.16,chr3,35679627,35679960,TSS,True,120,137
ENSG00000172995.16,chr3,35679624,35679701,TSS,True,94,137
ENSG00000172995.16,chr3,35679623,35679692,TSS,True,115,137
ENSG00000172995.16,chr3,35687738,35687847,PAS,True,116,133
ENSG00000172995.16,chr3,35793700,35794496,PAS,True,119,163
ENSG00000172995.16,chr3,35684020,35685883,PAS,True,60,131
ENSG00000121579.12,chr3,113724092,113745941,3AS,False,47,163
ENSG00000272573.5,chr3,52834939,52835019,TSS,False,45,305
ENSG00000272573.5,chr3,52834743,52834860,TSS,False,272,305
ENSG00000161203.13,chr3,184174815,184174959,TSS,False,24,160
ENSG00000058262.9,chr3,128052302,128052559,TSS,False,45,114
ENSG00000174748.20,chr3,23917129,23917173,TSS,False,99,576
ENSG00000125037.12,chr3,9986506,9987130,TSS,True,52,101
ENSG00000125037.12,chr3,9969718,9969760,TSS,True,90,101
ENSG00000125037.12,chr3,9976956,9977141,TSS,True,67,101
ENSG00000114738.10,chr3,50617226,50617513,5AS,False,90,147
ENSG00000114738.10,chr3,50617089,50617226,TSS,False,97,187
ENSG00000114738.10,chr3,50617078,50617241,TSS,True,130,187
ENSG00000154174.7,chr3,100363460,100365717,PAS,False,12,108
ENSG00000182899.16,chr3,197950181,197950221,TSS,True,29,142
ENSG00000182899.16,chr3,197954052,197954147,TSS,True,122,142
PB_novel_51478,SIRV1,6473,6560,IR,True,179,398
PB_novel_51478,SIRV1,10366,10593,5AS,True,70,102
PB_novel_51478,SIRV1,999,1484,PAS,True,81,443
PB_novel_51478,SIRV1,6449,6473,PAS,True,358,433
PB_novel_51478,SIRV1,10593,10639,TSS,True,373,443
PB_novel_51478,SIRV1,10282,10367,TSS,True,250,443
PB_novel_51478,SIRV1,7552,7787,TSS,True,375,441
PB_novel_51478,SIRV1,10647,10790,TSS,True,389,443
PB_novel_51484,SIRV2,3325,3665,3AS,True,20,191
PB_novel_51484,SIRV2,5788,5910,TSS,True,36,214
PB_novel_51490,SIRV3,2005,6057,ME,True,178,225
PB_novel_51490,SIRV3,2005,4568,ES,True,177,220
PB_novel_51490,SIRV3,2005,6057,ES,True,81,370
PB_novel_51490,SIRV3,4080,6057,ES,True,46,110
PB_novel_51490,SIRV3,4779,6570,3AS,True,25,206
PB_novel_51490,SIRV3,6333,7270,IR,True,47,356
PB_novel_51490,SIRV3,6333,8755,5AS,True,22,100
PB_novel_51490,SIRV3,7366,7872,IR,True,47,184
PB_novel_51490,SIRV3,7988,8127,3AS,True,90,137
PB_novel_51490,SIRV3,7988,8127,IR,True,90,137
PB_novel_51490,SIRV3,1943,2005,TSS,True,80,450
PB_novel_51490,SIRV3,8755,8940,PAS,True,291,450
PB_novel_51490,SIRV3,6057,8293,PAS,True,168,399
PB_novel_51494,SIRV4,1885,2389,3AS,True,309,404
PB_novel_51494,SIRV4,1001,1346,TSS,True,103,406
PB_novel_51494,SIRV4,1456,1885,TSS,True,309,406
PB_novel_51494,SIRV4,2389,3403,PAS,True,97,406
PB_novel_51494,SIRV4,2251,2771,PAS,True,309,404
PB_novel_51497,SIRV4,8747,8846,IR,True,52,140
PB_novel_51497,SIRV4,15019,15121,TSS,True,20,151
PB_novel_51499,SIRV5,1143,1987,IR,True,42,153
PB_novel_51499,SIRV5,1149,1985,3AS,True,23,111
PB_novel_51499,SIRV5,6452,6826,ES,True,1535,1995
PB_novel_51499,SIRV5,8016,8277,IR,True,660,2006
PB_novel_51499,SIRV5,1000,1149,TSS,True,237,2213
PB_novel_51499,SIRV5,10858,10993,PAS,True,635,2210
PB_novel_51499,SIRV5,11133,11867,PAS,True,1776,2213
PB_novel_51502,SIRV6,1735,2470,ES,True,227,768
PB_novel_51502,SIRV6,1735,2780,3AS,True,235,923
PB_novel_51502,SIRV6,3164,7805,ES,True,70,116
PB_novel_51502,SIRV6,10818,11034,3AS,True,144,1294
PB_novel_51502,SIRV6,10818,11034,IR,True,144,229
PB_novel_51502,SIRV6,11108,11205,IR,True,1202,1380
PB_novel_51502,SIRV6,2285,2620,TSS,True,1326,1527
PB_novel_51502,SIRV6,10238,10818,TSS,True,1058,1381
PB_novel_51502,SIRV6,999,1186,TSS,True,625,1814
PB_novel_51502,SIRV6,11205,11838,PAS,True,612,1814
PB_novel_51502,SIRV6,1845,2120,PAS,True,1019,1210
PB_novel_51509,SIRV7,3111,114680,ME,True,451,838
PB_novel_51509,SIRV7,56097,78841,ES,True,30,170
PB_novel_51509,SIRV7,78963,114686,5AS,True,58,168
PB_novel_51509,SIRV7,55849,56097,PAS,True,860,1031
PB_novel_51509,SIRV7,999,2675,PAS,True,175,1039
