gene,chr,start,end,splice_type,novel,right_cardiac_atrium_ENCFF291EKY_in_cov,right_cardiac_atrium_ENCFF291EKY_total_cov
ENSG00000280071.3,chr21,5128213,5128453,TSS,True,12,101
ENSG00000141959.16,chr21,44306754,44311005,ES,True,128,164
ENSG00000141959.16,chr21,44299728,44300190,TSS,True,42,206
ENSG00000160310.17,chr21,46635763,46636895,ES,False,26,104
ENSG00000160310.17,chr21,46635617,46635763,TSS,True,13,122
ENSG00000160310.17,chr21,46664294,46665698,PAS,True,65,121
ENSG00000160310.17,chr21,46658744,46661269,PAS,True,82,118
ENSG00000182871.14,chr21,45505431,45505837,3AS,False,124,143
ENSG00000182871.14,chr21,45405114,45405241,TSS,False,101,164
ENSG00000183255.11,chr21,44873501,44873735,TSS,True,47,286
ENSG00000160221.17,chr21,44137296,44143204,ES,False,14,100
ENSG00000160221.17,chr21,44133609,44133838,TSS,True,16,110
ENSG00000154723.12,chr21,25734852,25734925,TSS,True,46,387
ENSG00000142173.14,chr21,46097844,46098173,TSS,True,208,479
ENSG00000142173.14,chr21,46111980,46112577,TSS,False,410,479
ENSG00000142173.14,chr21,46131953,46132850,PAS,False,133,479
ENSG00000142173.14,chr21,46129195,46132849,PAS,True,353,451
ENSG00000187514.16,chr2,231711419,231711889,3AS,False,154,173
ENSG00000115649.15,chr2,219176759,219176999,TSS,True,15,103
ENSG00000204843.12,chr2,74371728,74377431,ES,False,55,224
ENSG00000204843.12,chr2,74391793,74392075,TSS,False,60,258
ENSG00000124006.14,chr2,219550842,219551528,3AS,False,84,177
ENSG00000124006.14,chr2,219556723,219557822,ES,False,38,151
ENSG00000124006.14,chr2,219561708,219562008,PAS,True,134,302
ENSG00000124006.14,chr2,219550718,219550842,PAS,True,290,374
ENSG00000124006.14,chr2,219550720,219551285,PAS,True,291,371
ENSG00000124006.14,chr2,219570220,219571824,TSS,True,180,374
ENSG00000124006.14,chr2,219567717,219567968,TSS,True,328,373
ENSG00000115461.4,chr2,216694438,216695549,TSS,True,162,183
ENSG00000115648.13,chr2,237518648,237525600,ES,False,66,215
ENSG00000115648.13,chr2,237527516,237540347,ES,False,61,218
ENSG00000115648.13,chr2,237487108,237487437,TSS,True,50,228
ENSG00000115648.13,chr2,237510453,237510795,TSS,True,201,228
ENSG00000196141.13,chr2,200419496,200440648,ES,False,95,155
ENSG00000196141.13,chr2,200306075,200306601,TSS,True,163,188
ENSG00000196141.13,chr2,200306553,200306922,TSS,True,36,188
ENSG00000196141.13,chr2,200477635,200478659,PAS,True,24,182
ENSG00000196141.13,chr2,200416378,200416428,PAS,True,159,180
ENSG00000135926.14,chr2,218292465,218292597,TSS,True,46,155
ENSG00000135926.14,chr2,218287206,218287282,TSS,True,139,155
ENSG00000168906.12,chr2,85543034,85543669,IR,True,89,118
ENSG00000168906.12,chr2,85543669,85545280,PAS,False,34,121
ENSG00000168906.12,chr2,85542900,85545280,PAS,True,95,121
ENSG00000114923.16,chr2,219627745,219627959,3AS,False,80,210
ENSG00000114923.16,chr2,219628570,219629143,5AS,False,192,244
ENSG00000114923.16,chr2,219627156,219627745,TSS,True,460,670
ENSG00000114923.16,chr2,219631039,219631455,TSS,False,506,669
ENSG00000115694.14,chr2,241499414,241500172,IR,False,135,154
ENSG00000115694.14,chr2,241508135,241508504,5AS,False,18,106
ENSG00000115694.14,chr2,241508005,241508623,TSS,True,139,174
ENSG00000115694.14,chr2,241508442,241508635,TSS,True,75,174
ENSG00000115694.14,chr2,241508504,241508636,TSS,True,155,174
ENSG00000168385.17,chr2,241315861,241315982,TSS,True,24,164
ENSG00000198925.11,chr2,219229534,219229656,TSS,True,73,146
ENSG00000198925.11,chr2,219229009,219229368,TSS,True,117,146
ENSG00000115677.16,chr2,241315101,241315254,TSS,True,170,508
ENSG00000115677.16,chr2,241272760,241272937,TSS,True,419,508
ENSG00000071082.10,chr2,101002260,101002315,TSS,True,26,183
ENSG00000071082.10,chr2,101002291,101002808,TSS,True,158,183
ENSG00000152082.13,chr2,130181696,130182452,TSS,True,25,180
ENSG00000169764.15,chr2,63840947,63841232,TSS,True,63,205
ENSG00000169764.15,chr2,63841330,63842204,TSS,True,152,205
ENSG00000243147.7,chr2,27772692,27779432,ES,False,123,157
ENSG00000243147.7,chr2,27771655,27771799,TSS,True,41,196
ENSG00000162878.12,chr2,42054307,42054940,IR,True,114,134
ENSG00000162878.12,chr2,42047975,42048838,TSS,True,33,151
ENSG00000115380.19,chr2,55922447,55923710,ES,False,124,169
ENSG00000114942.13,chr2,206159580,206159684,TSS,True,115,133
ENSG00000114942.13,chr2,206159602,206160059,TSS,True,20,133
ENSG00000063660.8,chr2,240435349,240436084,TSS,False,41,271
ENSG00000170417.15,chr2,102761993,102762349,TSS,True,16,146
ENSG00000171303.6,chr2,26692726,26693158,TSS,True,19,156
ENSG00000091436.16,chr2,173075526,173076002,TSS,True,49,168
ENSG00000130414.11,chr2,240025226,240025394,TSS,True,36,240
ENSG00000144381.16,chr2,197499781,197499958,TSS,True,23,195
ENSG00000135916.15,chr2,230864920,230865145,TSS,True,33,118
ENSG00000135916.15,chr2,230873378,230873557,TSS,True,103,118
ENSG00000168542.14,chr2,188974188,188974568,TSS,True,27,152
ENSG00000142330.19,chr2,240584888,240587052,TSS,True,33,103
ENSG00000142330.19,chr2,240596187,240596942,TSS,True,89,102
ENSG00000142330.19,chr2,240589741,240594709,TSS,True,91,102
ENSG00000134308.13,chr2,9630940,9631046,TSS,False,41,153
ENSG00000134308.13,chr2,9630158,9630765,TSS,True,117,153
ENSG00000123989.13,chr2,219541615,219542037,TSS,True,219,294
ENSG00000123989.13,chr2,219543224,219543902,TSS,True,120,294
ENSG00000213639.9,chr2,28751515,28751820,TSS,False,156,179
ENSG00000213639.9,chr2,28751796,28752176,TSS,True,32,179
ENSG00000142327.12,chr2,240575610,240576567,3AS,False,17,162
ENSG00000142327.12,chr2,240568234,240569114,TSS,True,51,195
ENSG00000079308.18,chr2,217813304,217813684,3AS,False,22,203
ENSG00000079308.18,chr2,217817689,217818598,TSS,True,118,314
ENSG00000154518.9,chr2,175181655,175181711,TSS,False,68,544
ENSG00000154518.9,chr2,175181354,175181661,TSS,True,480,544
ENSG00000152518.7,chr2,43226264,43226606,TSS,False,39,125
ENSG00000115641.18,chr2,105398841,105399078,TSS,True,254,283
ENSG00000115641.18,chr2,105438398,105438583,TSS,True,58,283
ENSG00000072163.19,chr2,127654896,127675013,ES,True,12,117
ENSG00000072163.19,chr2,127675013,127675197,TSS,True,37,156
ENSG00000135956.8,chr2,96265868,96266028,TSS,False,42,126
ENSG00000135956.8,chr2,96265137,96265500,TSS,True,105,126
ENSG00000179526.16,chr8,144098994,144099276,ES,False,14,111
ENSG00000179526.16,chr8,144099205,144099276,IR,True,92,105
ENSG00000179526.16,chr8,144103552,144104905,TSS,True,22,137
ENSG00000184489.11,chr8,141418018,141421387,5AS,True,108,135
ENSG00000184489.11,chr8,141421610,141422180,IR,False,51,250
ENSG00000184489.11,chr8,141422273,141425047,5AS,True,44,282
ENSG00000184489.11,chr8,141421386,141422345,TSS,True,378,464
ENSG00000184489.11,chr8,141422086,141425140,TSS,True,332,464
ENSG00000184489.11,chr8,141417829,141418018,TSS,True,345,464
ENSG00000078668.13,chr8,42395133,42398711,5AS,True,39,256
ENSG00000187954.12,chr8,144449579,144450770,PAS,True,77,114
ENSG00000187954.12,chr8,144465207,144465437,TSS,True,99,114
ENSG00000187954.12,chr8,144465352,144465496,TSS,True,91,114
ENSG00000134020.7,chr8,22920183,22920280,TSS,True,141,179
ENSG00000134020.7,chr8,22927822,22928009,TSS,False,54,182
ENSG00000036448.9,chr8,2045035,2045168,TSS,True,201,781
ENSG00000036448.9,chr8,2085267,2085390,TSS,True,698,776
ENSG00000161016.17,chr8,144792365,144792428,TSS,False,408,784
ENSG00000164733.20,chr8,11853479,11868000,ME,False,133,148
ENSG00000164733.20,chr8,11853479,11868000,ME,False,133,148
ENSG00000164733.20,chr8,11853479,11868000,ME,False,133,148
ENSG00000164733.20,chr8,11853479,11868000,ES,False,924,1086
ENSG00000185122.10,chr8,144291531,144291874,TSS,True,151,323
ENSG00000185122.10,chr8,144313823,144313911,TSS,True,233,321
ENSG00000185122.10,chr8,144313905,144314054,TSS,True,282,321
ENSG00000179950.13,chr8,143818534,143821596,ES,False,61,152
ENSG00000179950.13,chr8,143824396,143829279,3AS,False,20,142
ENSG00000179950.13,chr8,143829279,143829376,TSS,True,30,178
ENSG00000178814.16,chr8,144052326,144052448,IR,True,156,177
ENSG00000178814.16,chr8,144053129,144053208,IR,False,153,171
ENSG00000178814.16,chr8,144060652,144061242,TSS,False,148,189
ENSG00000178814.16,chr8,144063303,144063474,TSS,True,151,189
ENSG00000147684.8,chr8,124539101,124539287,TSS,True,29,198
ENSG00000104529.17,chr8,143581328,143586728,ES,False,60,444
ENSG00000104529.17,chr8,143586849,143597347,3AS,False,40,335
ENSG00000104529.17,chr8,143597347,143598252,TSS,True,135,474
ENSG00000104529.17,chr8,143586728,143591599,TSS,True,384,472
ENSG00000132561.13,chr8,98032317,98033098,3AS,False,79,158
ENSG00000147408.14,chr8,19757185,19757522,TSS,True,81,102
ENSG00000147408.14,chr8,19682695,19682991,TSS,False,65,102
ENSG00000147408.14,chr8,19757849,19758070,TSS,True,91,102
ENSG00000168575.9,chr8,42416465,42417967,PAS,True,13,118
ENSG00000168575.9,chr8,42541537,42541937,TSS,True,95,119
ENSG00000168575.9,chr8,42501030,42501263,TSS,True,44,107
ENSG00000160948.13,chr8,144423922,144424040,IR,False,107,125
ENSG00000160948.13,chr8,144424268,144424717,IR,False,108,125
ENSG00000160948.13,chr8,144424819,144424945,IR,False,107,126
ENSG00000160948.13,chr8,144425051,144425682,IR,False,85,110
ENSG00000160948.13,chr8,144423583,144424132,PAS,True,111,126
ENSG00000160948.13,chr8,144423597,144423922,PAS,True,18,126
ENSG00000160948.13,chr8,144428488,144428582,TSS,True,31,143
ENSG00000137575.11,chr8,58572314,58575902,3AS,False,33,115
ENSG00000136574.17,chr8,11708928,11748918,3AS,False,106,148
ENSG00000136574.17,chr8,11703447,11704304,TSS,True,57,175
ENSG00000136574.17,chr8,11707853,11708928,TSS,True,156,175
ENSG00000171033.12,chr8,78516468,78598357,ES,False,14,129
ENSG00000171033.12,chr8,78516306,78516468,TSS,True,18,147
ENSG00000120885.21,chr8,27614654,27614703,TSS,True,16,118
ENSG00000067225.17,chr15,72200655,72206727,ME,False,1000,1485
ENSG00000067225.17,chr15,72231115,72231260,TSS,False,184,1541
ENSG00000128951.13,chr15,48331405,48331479,TSS,True,93,104
ENSG00000128951.13,chr15,48331399,48332406,TSS,False,90,104
ENSG00000128951.13,chr15,48331409,48331795,TSS,True,30,104
ENSG00000174171.5,chr15,41893078,41895226,IR,True,13,111
ENSG00000174171.5,chr15,41895336,41895579,IR,False,39,115
ENSG00000174171.5,chr15,41892735,41893078,TSS,True,108,125
ENSG00000174171.5,chr15,41892750,41895336,TSS,True,98,125
ENSG00000174171.5,chr15,41895579,41895963,PAS,True,83,122
ENSG00000140374.15,chr15,76292700,76311349,ES,False,18,138
ENSG00000136378.14,chr15,78774623,78775935,TSS,True,110,130
ENSG00000136378.14,chr15,78811120,78811522,TSS,True,92,136
ENSG00000136378.14,chr15,78776187,78777498,TSS,True,113,130
ENSG00000166831.8,chr15,64775232,64775620,TSS,False,98,226
ENSG00000166831.8,chr15,64750342,64750464,TSS,True,192,226
ENSG00000035664.11,chr15,63912197,63925940,ES,True,21,114
ENSG00000035664.11,chr15,63907031,63908600,PAS,True,34,118
ENSG00000035664.11,chr15,63907923,63911216,PAS,True,100,116
ENSG00000035664.11,chr15,64046297,64046561,TSS,True,14,125
ENSG00000166411.13,chr15,78149300,78149430,TSS,True,30,269
ENSG00000103710.10,chr15,65059418,65067732,ES,False,62,194
ENSG00000159251.7,chr15,34795505,34795733,TSS,False,1012,4605
ENSG00000159251.7,chr15,34794679,34795489,TSS,True,3995,4605
ENSG00000128739.22,chr15,24954852,24955062,TSS,True,51,303
ENSG00000128739.22,chr15,24856512,24856716,TSS,True,271,303
ENSG00000185787.14,chr15,78872781,78873057,TSS,True,19,165
ENSG00000140474.13,chr15,74837435,74837756,5AS,False,53,100
ENSG00000140474.13,chr15,74843003,74843454,TSS,True,20,101
ENSG00000182768.8,chr15,90265876,90266287,IR,False,34,258
ENSG00000182768.8,chr15,90265669,90266398,TSS,True,49,273
ENSG00000182768.8,chr15,90265672,90265876,TSS,False,239,273
ENSG00000114062.19,chr15,25438488,25439115,TSS,True,14,101
ENSG00000136425.13,chr15,78131164,78131547,TSS,True,14,109
ENSG00000136425.13,chr15,78109234,78109328,TSS,True,97,109
ENSG00000179010.14,chr4,6640708,6640827,IR,False,53,162
ENSG00000179010.14,chr4,6640655,6640708,TSS,False,115,168
ENSG00000179010.14,chr4,6640682,6641258,TSS,True,59,168
ENSG00000109390.11,chr4,139300601,139302521,TSS,True,155,191
ENSG00000109390.11,chr4,139295731,139295834,TSS,False,46,191
ENSG00000064042.17,chr4,41685830,41689526,ES,False,39,104
ENSG00000064042.17,chr4,41360561,41360936,TSS,True,63,115
ENSG00000064042.17,chr4,41538063,41538350,TSS,True,72,114
ENSG00000071127.16,chr4,10116650,10116986,TSS,True,24,233
ENSG00000109501.13,chr4,6270014,6277454,3AS,False,34,134
ENSG00000109501.13,chr4,6269831,6270014,TSS,True,53,187
ENSG00000109501.13,chr4,6277294,6277687,TSS,True,164,187
ENSG00000109610.5,chr4,24800528,24800618,IR,True,24,220
ENSG00000109610.5,chr4,24795572,24795651,TSS,False,25,220
ENSG00000109610.5,chr4,24800618,24800842,PAS,True,196,220
ENSG00000145349.16,chr4,113454515,113457334,ES,False,23,159
ENSG00000145349.16,chr4,113500511,113509637,ME,False,69,142
ENSG00000145349.16,chr4,113509672,113513327,3AS,False,83,167
ENSG00000129116.18,chr4,168894677,168898492,ES,False,56,235
ENSG00000129116.18,chr4,168925078,168926212,ES,False,53,247
ENSG00000129116.18,chr4,168831990,168832171,TSS,True,101,268
ENSG00000129116.18,chr4,168877717,168878394,TSS,True,204,268
ENSG00000138821.12,chr4,102344443,102345482,TSS,True,44,135
ENSG00000138821.12,chr4,102345344,102345511,TSS,True,92,135
ENSG00000109475.16,chr4,108620535,108620600,TSS,False,115,358
ENSG00000109475.16,chr4,108620576,108622024,TSS,True,300,358
ENSG00000109475.16,chr4,108622513,108622618,TSS,True,310,358
ENSG00000163110.14,chr4,94451851,94451995,TSS,True,30,203
ENSG00000163110.14,chr4,94663977,94668223,PAS,True,124,191
ENSG00000163110.14,chr4,94586988,94588564,PAS,True,72,185
ENSG00000145244.11,chr4,47837886,47838223,TSS,True,17,101
ENSG00000170801.9,chr4,8305970,8307102,PAS,False,31,286
ENSG00000109332.19,chr4,102797460,102799406,ES,False,135,178
ENSG00000109332.19,chr4,102827426,102827835,TSS,True,85,181
ENSG00000109332.19,chr4,102826484,102827192,TSS,True,137,181
ENSG00000109332.19,chr4,102827591,102827920,TSS,True,156,181
ENSG00000154553.14,chr4,185535341,185535526,TSS,True,14,102
ENSG00000151729.10,chr4,185145899,185146554,IR,True,49,115
ENSG00000205678.7,chr4,64280199,64281473,ES,False,21,157
ENSG00000205678.7,chr4,64275197,64277051,PAS,False,163,186
ENSG00000205678.7,chr4,64277688,64280199,PAS,True,23,180
ENSG00000169116.11,chr4,74933027,74933370,TSS,True,16,111
ENSG00000168936.10,chr4,1720632,1721320,TSS,True,54,132
ENSG00000168936.10,chr4,1718151,1718605,TSS,False,115,132
ENSG00000132463.13,chr4,70839470,70839959,TSS,False,16,132
ENSG00000159692.15,chr4,1212423,1212912,3AS,False,253,343
ENSG00000159692.15,chr4,1238337,1248915,ES,False,58,302
ENSG00000159692.15,chr4,1211432,1212426,PAS,True,255,345
ENSG00000159692.15,chr4,1211429,1212423,PAS,True,92,345
ENSG00000159692.15,chr4,1248915,1249467,TSS,True,47,349
ENSG00000154556.18,chr4,185589678,185589785,TSS,True,125,150
ENSG00000154556.18,chr4,185811663,185812516,TSS,True,103,161
ENSG00000154556.18,chr4,185656614,185656940,TSS,True,141,161
ENSG00000173801.16,chr17,41755432,41755729,IR,False,144,213
ENSG00000173801.16,chr17,41771862,41786587,5AS,False,84,100
ENSG00000173801.16,chr17,41754603,41755432,PAS,False,69,214
ENSG00000173801.16,chr17,41754606,41755895,PAS,True,145,214
ENSG00000173801.16,chr17,41786587,41786737,TSS,True,132,225
ENSG00000173801.16,chr17,41769417,41769683,TSS,True,145,225
ENSG00000169718.17,chr17,82058416,82058780,IR,False,67,105
ENSG00000169718.17,chr17,82058818,82059947,IR,False,104,118
ENSG00000243678.11,chr17,51163643,51166956,TSS,True,100,128
ENSG00000243678.11,chr17,51166265,51166497,TSS,True,42,128
ENSG00000262814.7,chr17,81703366,81703575,TSS,False,18,143
ENSG00000182473.21,chr17,76103632,76103791,TSS,True,70,146
ENSG00000173991.5,chr17,39665345,39665469,TSS,True,541,1996
ENSG00000167543.15,chr17,29568613,29568830,TSS,True,15,129
ENSG00000157637.12,chr17,81247061,81251492,ES,False,60,198
ENSG00000157637.12,chr17,81294822,81295503,TSS,True,51,235
ENSG00000167085.11,chr17,49414834,49414901,TSS,False,17,129
ENSG00000198336.9,chr17,47209091,47209388,5AS,False,56,120
ENSG00000198336.9,chr17,47209027,47209557,TSS,True,240,2090
ENSG00000185359.12,chr17,81683960,81684103,TSS,True,37,123
ENSG00000129250.11,chr17,4997673,4998156,TSS,True,278,1319
ENSG00000132589.15,chr17,28883231,28888944,ME,False,14,127
ENSG00000132589.15,chr17,28883231,28888944,ME,False,13,127
ENSG00000167549.18,chr17,29615854,29615944,3AS,False,123,155
ENSG00000167549.18,chr17,29621423,29622687,3AS,False,13,116
ENSG00000167549.18,chr17,29614756,29615854,PAS,True,33,155
ENSG00000167549.18,chr17,29614756,29615857,PAS,True,123,155
ENSG00000167549.18,chr17,29622687,29622921,TSS,True,52,171
ENSG00000109107.13,chr17,28576800,28576922,TSS,True,19,120
ENSG00000030582.17,chr17,44345096,44345334,TSS,True,104,327
ENSG00000030582.17,chr17,44349658,44349751,TSS,True,281,326
ENSG00000108946.14,chr17,68511720,68512142,TSS,True,323,482
ENSG00000108946.14,chr17,68512399,68512548,TSS,True,226,482
ENSG00000184009.11,chr17,81512733,81512855,TSS,True,47,419
ENSG00000108861.8,chr17,43778799,43779000,TSS,True,21,174
ENSG00000108515.17,chr17,4951182,4951827,5AS,False,93,124
ENSG00000108515.17,chr17,4949562,4950630,TSS,False,137,163
ENSG00000108515.17,chr17,4949590,4951224,TSS,True,133,163
ENSG00000108515.17,chr17,4949563,4951182,TSS,True,69,163
ENSG00000186395.7,chr17,40818786,40818995,TSS,False,15,100
ENSG00000186395.7,chr17,40818766,40819000,TSS,True,88,100
ENSG00000108679.12,chr17,78979823,78979962,TSS,True,112,652
ENSG00000159842.15,chr17,1031597,1031854,TSS,True,93,130
ENSG00000132386.10,chr17,1761892,1762113,TSS,False,33,154
ENSG00000173918.14,chr17,79024068,79024494,TSS,True,127,304
ENSG00000173918.14,chr17,79022756,79023088,TSS,True,267,304
ENSG00000169738.7,chr17,82036643,82036720,IR,False,86,101
ENSG00000169738.7,chr17,82036858,82037736,TSS,True,45,105
ENSG00000169738.7,chr17,82037630,82037706,TSS,True,77,105
ENSG00000159199.13,chr17,48892759,48892840,TSS,False,143,288
ENSG00000159199.13,chr17,48893402,48893456,TSS,True,249,288
ENSG00000159199.13,chr17,48892835,48892910,TSS,False,190,288
ENSG00000082641.15,chr17,48056598,48057343,ES,False,70,112
ENSG00000082641.15,chr17,48048248,48048462,TSS,True,187,209
ENSG00000082641.15,chr17,48048761,48048864,TSS,True,148,209
ENSG00000082641.15,chr17,48049277,48051628,TSS,True,185,206
ENSG00000182534.13,chr17,76680879,76685071,ES,False,721,906
ENSG00000161714.11,chr17,45132247,45132560,TSS,True,34,191
ENSG00000133030.20,chr17,17142765,17146035,ES,False,52,133
ENSG00000133030.20,chr17,17174075,17176425,ES,False,36,182
ENSG00000133030.20,chr17,17042427,17042971,TSS,True,93,191
ENSG00000087191.12,chr17,63827380,63827514,TSS,True,17,160
ENSG00000141736.13,chr17,39699921,39700311,TSS,True,57,164
ENSG00000141736.13,chr17,39727368,39727547,TSS,True,139,161
ENSG00000129245.11,chr17,7614451,7614927,TSS,True,40,225
ENSG00000072778.19,chr17,7219853,7220046,TSS,True,250,966
ENSG00000270885.1,chr17,35731638,35731878,TSS,False,12,105
ENSG00000108654.14,chr17,64500773,64502009,IR,False,158,176
ENSG00000108840.15,chr17,44110800,44117493,3AS,False,71,135
ENSG00000108840.15,chr17,44123503,44124047,TSS,True,161,269
ENSG00000108840.15,chr17,44110728,44111295,TSS,True,201,269
ENSG00000177469.12,chr17,42422626,42423258,TSS,False,144,251
ENSG00000108639.7,chr17,78168541,78168715,TSS,True,20,192
ENSG00000141314.12,chr17,32265677,32266300,TSS,True,29,101
ENSG00000141314.12,chr17,32288837,32289016,TSS,True,87,101
ENSG00000197879.16,chr17,1491599,1491883,TSS,True,122,173
ENSG00000197879.16,chr17,1485693,1486131,TSS,True,126,173
ENSG00000177731.15,chr17,18251813,18251998,3AS,False,117,205
ENSG00000177731.15,chr17,18258627,18258774,TSS,True,63,243
ENSG00000124422.11,chr17,21042664,21043082,TSS,False,32,104
ENSG00000142507.9,chr17,4796133,4796296,TSS,True,81,210
ENSG00000132471.11,chr17,75849603,75849740,TSS,True,95,107
ENSG00000132471.11,chr17,75855238,75855369,TSS,True,45,107
ENSG00000108823.15,chr17,50168572,50170639,ES,False,45,131
ENSG00000108823.15,chr17,50165995,50166077,TSS,True,18,145
ENSG00000172809.12,chr17,74203710,74203917,5AS,False,33,176
ENSG00000172809.12,chr17,74203674,74203710,TSS,False,149,182
ENSG00000172809.12,chr17,74203671,74203745,TSS,True,39,182
ENSG00000131469.14,chr17,42998395,42998471,TSS,False,59,206
ENSG00000131469.14,chr17,42998448,42998831,TSS,False,178,206
ENSG00000131469.14,chr17,43002754,43002783,TSS,True,176,206
ENSG00000141161.11,chr17,35147910,35148263,3AS,False,300,375
ENSG00000141161.11,chr17,35168361,35171321,ES,False,55,377
ENSG00000108953.16,chr17,1345499,1354210,ES,False,182,246
ENSG00000108528.13,chr17,4939815,4940068,TSS,True,67,424
ENSG00000166482.11,chr17,19386838,19387149,5AS,True,131,148
ENSG00000166482.11,chr17,19387149,19387224,TSS,False,35,166
ENSG00000126581.12,chr17,42823879,42824154,5AS,False,72,118
ENSG00000126581.12,chr17,42824132,42824301,TSS,True,73,119
ENSG00000126581.12,chr17,42824154,42824315,TSS,True,47,119
ENSG00000171298.12,chr17,80111025,80111982,IR,True,107,119
ENSG00000171298.12,chr17,80101141,80101625,TSS,True,49,133
ENSG00000171298.12,chr17,80101553,80105132,TSS,True,116,133
ENSG00000141552.17,chr17,81891657,81891833,TSS,True,69,130
ENSG00000141552.17,chr17,81891731,81891841,TSS,True,73,130
ENSG00000013306.15,chr17,44322528,44322807,3AS,False,126,153
ENSG00000109099.14,chr17,15262428,15262555,TSS,True,25,113
ENSG00000109099.14,chr17,15265153,15265326,TSS,True,99,113
ENSG00000006282.20,chr17,50547285,50547719,3AS,False,52,133
ENSG00000006282.20,chr17,50550115,50550207,IR,False,129,148
ENSG00000006282.20,chr17,50551679,50551968,IR,False,135,153
ENSG00000121057.12,chr17,57085170,57085398,TSS,False,74,405
ENSG00000121057.12,chr17,57105439,57107178,TSS,True,361,404
ENSG00000132507.17,chr17,7307460,7307752,TSS,True,17,126
ENSG00000169727.12,chr17,82054049,82054509,3AS,False,147,174
ENSG00000169727.12,chr17,82054975,82055164,3AS,False,24,179
ENSG00000169727.12,chr17,82051518,82051964,TSS,False,36,184
ENSG00000163597.14,chr17,76557759,76557857,TSS,True,15,109
ENSG00000128309.16,chr22,37024810,37029215,ES,False,132,147
ENSG00000128309.16,chr22,37019036,37019774,TSS,True,136,152
ENSG00000128309.16,chr22,37019747,37019872,TSS,True,40,152
ENSG00000128309.16,chr22,37024188,37024810,TSS,False,132,152
ENSG00000100412.15,chr22,41468798,41469182,TSS,False,82,606
ENSG00000254413.8,chr22,50568839,50569081,PAS,True,23,192
ENSG00000254413.8,chr22,50568860,50569421,PAS,True,170,192
ENSG00000100234.11,chr22,32801684,32802122,TSS,False,106,495
ENSG00000100422.13,chr22,46738006,46738284,TSS,True,13,109
ENSG00000198832.10,chr22,31107376,31107599,TSS,True,39,123
ENSG00000198832.10,chr22,31119882,31120382,TSS,False,96,123
ENSG00000198911.11,chr22,41832415,41833358,TSS,True,39,167
ENSG00000100321.14,chr22,39349825,39350109,TSS,True,26,141
ENSG00000100321.14,chr22,39374427,39376197,TSS,True,126,141
ENSG00000100321.14,chr22,39377597,39378385,PAS,True,33,136
ENSG00000128274.16,chr22,42720796,42720901,TSS,True,39,103
ENSG00000196419.12,chr22,41621215,41621345,TSS,True,25,244
ENSG00000184702.19,chr22,19718196,19718818,TSS,True,165,675
ENSG00000138867.16,chr22,24554948,24555187,TSS,True,37,150
ENSG00000100243.20,chr22,42649294,42649417,TSS,False,113,741
ENSG00000242259.8,chr22,19440885,19444390,PAS,True,17,104
ENSG00000242259.8,chr22,19440885,19441694,PAS,True,100,117
ENSG00000242259.8,chr22,19447664,19448252,TSS,True,16,117
ENSG00000198125.12,chr22,35611106,35622477,ES,True,20,103
ENSG00000198125.12,chr22,35617162,35617328,TSS,True,1039,2046
ENSG00000198125.12,chr22,35617361,35617533,TSS,False,1593,2046
ENSG00000069998.12,chr22,17159125,17159298,TSS,False,12,102
ENSG00000100242.15,chr22,38752665,38755762,ES,False,148,188
ENSG00000100242.15,chr22,38755762,38756048,TSS,True,61,249
ENSG00000070413.19,chr22,19122127,19122446,TSS,True,21,107
ENSG00000250479.8,chr22,23767833,23767970,TSS,True,36,292
ENSG00000198355.4,chr22,49961032,49961124,IR,False,221,256
ENSG00000198355.4,chr22,49960472,49961032,TSS,False,43,266
ENSG00000198355.4,chr22,49960492,49961234,TSS,True,235,266
ENSG00000205560.12,chr22,50567563,50569081,PAS,True,28,241
ENSG00000205560.12,chr22,50568860,50569421,PAS,True,215,240
ENSG00000205560.12,chr22,50578385,50578577,TSS,True,52,242
ENSG00000100138.14,chr22,41688793,41688884,TSS,True,83,153
ENSG00000100138.14,chr22,41682355,41682453,TSS,True,77,153
ENSG00000100300.17,chr22,43151524,43151604,TSS,True,16,118
ENSG00000099977.14,chr22,23974306,23974491,TSS,True,127,182
ENSG00000100348.9,chr22,36481563,36482025,TSS,True,33,147
ENSG00000100348.9,chr22,36480574,36480835,TSS,True,117,147
ENSG00000183785.14,chr22,18110602,18110868,TSS,True,40,368
ENSG00000100401.19,chr22,41285985,41286251,TSS,False,26,103
ENSG00000183963.18,chr22,31095609,31097268,ES,False,179,210
ENSG00000183963.18,chr22,31095609,31097268,3AS,False,179,207
ENSG00000183963.18,chr22,31099896,31104315,ES,False,71,250
ENSG00000183963.18,chr22,31095536,31095609,TSS,False,218,255
ENSG00000183963.18,chr22,31093272,31093876,TSS,True,96,255
ENSG00000100097.11,chr22,37675634,37675711,TSS,True,17,148
ENSG00000075240.16,chr22,46577072,46577290,TSS,False,62,106
ENSG00000075240.16,chr22,46662760,46663172,TSS,False,88,105
ENSG00000172346.14,chr22,41560757,41561183,TSS,False,131,535
ENSG00000100106.20,chr22,37751828,37754915,3AS,True,22,187
ENSG00000100106.20,chr22,37746200,37746420,TSS,True,32,219
ENSG00000100106.20,chr22,37773782,37776523,PAS,True,36,212
ENSG00000100284.20,chr22,35346969,35347054,5AS,False,153,176
ENSG00000077942.18,chr22,45562911,45563362,PAS,True,322,582
ENSG00000077942.18,chr22,45600306,45602846,PAS,False,274,593
ENSG00000182944.17,chr22,29273864,29278029,ES,False,100,119
ENSG00000182944.17,chr22,29288786,29291564,3AS,False,60,119
ENSG00000182944.17,chr22,29268100,29268349,TSS,True,21,131
ENSG00000100359.20,chr22,40400813,40402138,ES,False,31,150
ENSG00000100359.20,chr22,40409018,40409249,IR,False,129,149
ENSG00000100239.15,chr22,50343297,50343550,TSS,True,19,104
ENSG00000160360.12,chr9,136327409,136327763,TSS,False,89,220
ENSG00000160360.12,chr9,136352936,136353155,TSS,False,192,216
ENSG00000167081.16,chr9,125960849,125963011,ES,False,17,122
ENSG00000160408.14,chr9,127899502,127899659,TSS,True,18,113
ENSG00000130222.10,chr9,89605011,89605174,TSS,True,25,213
ENSG00000107223.12,chr9,136866180,136866312,TSS,True,66,193
ENSG00000107223.12,chr9,136863287,136863449,TSS,True,161,193
ENSG00000107223.12,chr9,136863819,136863873,TSS,True,171,193
ENSG00000137076.20,chr9,35696955,35697916,PAS,False,15,143
ENSG00000137076.20,chr9,35708340,35708487,TSS,True,90,130
ENSG00000137076.20,chr9,35707071,35707255,TSS,True,84,130
ENSG00000137076.20,chr9,35707730,35707895,TSS,True,114,130
ENSG00000148180.19,chr9,121300005,121301923,3AS,True,193,227
ENSG00000148180.19,chr9,121299800,121300005,TSS,False,903,6887
ENSG00000107281.9,chr9,137043073,137045877,IR,True,99,115
ENSG00000107281.9,chr9,137045877,137046229,TSS,True,52,151
ENSG00000107281.9,chr9,137042926,137046685,TSS,True,109,151
ENSG00000137038.7,chr9,7799460,7799787,TSS,True,13,102
ENSG00000119487.16,chr9,125484583,125543058,ES,False,27,126
ENSG00000137070.17,chr9,34652128,34652233,TSS,True,28,100
ENSG00000148303.16,chr9,133348206,133348246,TSS,False,55,246
ENSG00000148303.16,chr9,133348240,133349042,TSS,True,199,246
ENSG00000159069.13,chr9,136941684,136942099,5AS,False,84,449
ENSG00000159069.13,chr9,136944593,136944762,TSS,True,69,478
ENSG00000188229.5,chr9,137241286,137241417,TSS,True,181,541
ENSG00000106991.13,chr9,127854288,127854749,TSS,True,111,578
ENSG00000136877.14,chr9,127802850,127803062,TSS,False,24,100
ENSG00000136877.14,chr9,127803190,127803404,TSS,True,84,100
ENSG00000148343.18,chr9,129036612,129036681,TSS,True,31,120
ENSG00000165280.15,chr9,35072336,35072782,TSS,True,64,582
ENSG00000070610.14,chr9,35741064,35744296,ES,True,18,117
ENSG00000176978.13,chr9,137112230,137112744,IR,True,271,331
ENSG00000176978.13,chr9,137114646,137114909,TSS,True,68,352
ENSG00000165238.16,chr9,93292543,93293173,TSS,True,119,144
ENSG00000165238.16,chr9,93268016,93268065,TSS,True,127,146
ENSG00000165238.16,chr9,93288780,93289620,TSS,False,111,144
ENSG00000165238.16,chr9,93320366,93320572,PAS,True,70,149
ENSG00000160445.10,chr9,128742745,128750621,5AS,True,23,109
ENSG00000160445.10,chr9,128771814,128771942,TSS,False,66,114
ENSG00000160445.10,chr9,128771580,128771936,TSS,True,62,114
ENSG00000148219.16,chr9,116975333,116976113,3AS,False,44,127
ENSG00000148219.16,chr9,117096151,117214357,ES,False,53,124
ENSG00000148219.16,chr9,116424608,116426088,PAS,True,16,135
ENSG00000148219.16,chr9,117414496,117415180,TSS,True,21,139
ENSG00000136842.13,chr9,97501645,97501803,TSS,False,48,327
ENSG00000136842.13,chr9,97564037,97564168,TSS,True,291,326
ENSG00000198467.14,chr9,35684550,35685268,ME,False,154,254
ENSG00000198467.14,chr9,35684550,35685063,ES,True,154,184
ENSG00000198467.14,chr9,35684807,35685268,ES,True,100,130
ENSG00000198467.14,chr9,35681992,35682163,PAS,True,258,317
ENSG00000198467.14,chr9,35681992,35683241,PAS,True,58,300
ENSG00000148341.17,chr9,129010209,129010669,IR,False,95,111
ENSG00000148341.17,chr9,129010693,129012235,IR,False,74,109
ENSG00000107104.18,chr9,693782,710803,5AS,True,38,142
ENSG00000107104.18,chr9,731266,734747,ES,True,80,211
ENSG00000107104.18,chr9,693679,693786,TSS,True,139,244
ENSG00000107104.18,chr9,693679,693782,TSS,True,206,244
ENSG00000107104.18,chr9,745172,746105,PAS,True,27,245
ENSG00000054148.17,chr9,136850137,136850754,ES,False,152,186
ENSG00000054148.17,chr9,136848968,136849590,TSS,True,82,207
ENSG00000054148.17,chr9,136847904,136848283,TSS,True,167,207
ENSG00000054148.17,chr9,136849755,136850137,TSS,True,173,207
ENSG00000095321.16,chr9,129110482,129110797,TSS,True,22,117
ENSG00000165688.11,chr9,136410631,136410739,TSS,True,12,101
ENSG00000160539.5,chr9,131289699,131290448,TSS,True,17,154
ENSG00000197859.9,chr9,133534306,133534917,TSS,True,59,132
ENSG00000119383.19,chr9,129111320,129111631,TSS,True,82,130
ENSG00000119383.19,chr9,129140074,129140151,TSS,True,83,130
ENSG00000139112.10,chr12,10212840,10213219,TSS,True,21,149
ENSG00000092841.18,chr12,56158711,56159586,IR,False,195,240
ENSG00000092841.18,chr12,56160320,56160625,IR,False,160,239
ENSG00000092841.18,chr12,56160320,56161386,ES,False,60,219
ENSG00000092841.18,chr12,56160320,56161386,IR,True,60,138
ENSG00000092841.18,chr12,56160670,56161386,IR,True,162,241
ENSG00000092841.18,chr12,56158337,56158404,TSS,True,222,476
ENSG00000092841.18,chr12,56161386,56161581,PAS,True,79,301
ENSG00000092841.18,chr12,56160242,56161580,PAS,True,220,298
ENSG00000060138.12,chr12,10704148,10713210,ES,False,428,964
ENSG00000111667.13,chr12,6863308,6863829,5AS,False,17,120
ENSG00000111667.13,chr12,6852017,6852290,TSS,True,19,121
ENSG00000057294.14,chr12,32896508,32896832,TSS,True,76,297
ENSG00000057294.14,chr12,32821355,32821902,TSS,True,247,280
ENSG00000063046.17,chr12,53006278,53006496,TSS,True,35,290
ENSG00000011465.16,chr12,91179361,91179559,TSS,True,116,492
ENSG00000011465.16,chr12,91182654,91182916,TSS,True,414,492
ENSG00000089009.15,chr12,112409586,112409634,TSS,True,49,227
ENSG00000089009.15,chr12,112408419,112409605,TSS,True,185,227
ENSG00000174099.11,chr12,65278865,65326825,ES,False,20,171
ENSG00000089157.15,chr12,120200831,120201082,3AS,False,567,634
ENSG00000089157.15,chr12,120201082,120201113,TSS,True,133,767
ENSG00000182196.13,chr12,122980745,122981128,5AS,False,54,115
ENSG00000182196.13,chr12,122981809,122982030,IR,False,23,133
ENSG00000182196.13,chr12,122980468,122980745,TSS,True,98,152
ENSG00000182196.13,chr12,122980680,122980812,TSS,True,97,152
ENSG00000182196.13,chr12,122982464,122982538,TSS,True,133,152
ENSG00000135390.18,chr12,53676052,53676736,TSS,True,34,252
ENSG00000196531.10,chr12,56725262,56725531,TSS,True,35,172
ENSG00000196531.10,chr12,56715870,56716546,TSS,True,154,172
ENSG00000135506.15,chr12,57715970,57716091,3AS,False,135,177
ENSG00000135506.15,chr12,57719182,57720405,ES,False,105,183
ENSG00000062485.18,chr12,56300159,56300392,TSS,True,41,385
ENSG00000173598.13,chr12,93395533,93398770,3AS,False,277,395
ENSG00000152556.16,chr12,48119237,48119406,TSS,True,43,253
ENSG00000135424.16,chr12,55698917,55700898,ME,False,15,148
ENSG00000135424.16,chr12,55712062,55712257,TSS,True,296,361
ENSG00000170421.12,chr12,52904657,52905208,TSS,True,33,327
ENSG00000175899.14,chr12,9115763,9116193,TSS,True,104,413
ENSG00000150991.14,chr12,124914586,124914848,TSS,False,146,1142
ENSG00000111678.10,chr12,6944005,6944173,TSS,True,98,183
ENSG00000111678.10,chr12,6945770,6946002,PAS,True,94,183
ENSG00000110917.7,chr12,120687124,120687531,TSS,True,60,118
ENSG00000123416.15,chr12,49131297,49131398,TSS,False,42,230
ENSG00000188026.12,chr12,123472682,123484179,ES,False,55,346
ENSG00000159403.16,chr12,7092386,7092570,TSS,True,66,239
ENSG00000159403.16,chr12,7091451,7092447,TSS,True,211,239
ENSG00000111666.10,chr12,101726404,101728900,5AS,True,188,213
ENSG00000111666.10,chr12,101728900,101729074,PAS,True,25,238
ENSG00000086598.10,chr12,123586939,123590341,ES,True,61,178
ENSG00000174437.16,chr12,110281911,110282712,5AS,True,16,125
ENSG00000174437.16,chr12,110281203,110281918,TSS,True,268,372
ENSG00000174437.16,chr12,110327570,110328017,TSS,False,333,372
ENSG00000175203.15,chr12,57535845,57546027,5AS,True,119,159
ENSG00000175203.15,chr12,57547027,57547280,TSS,True,19,179
ENSG00000111652.9,chr12,6724152,6724613,5AS,False,13,110
ENSG00000111652.9,chr12,6724818,6728222,ES,False,19,114
ENSG00000111652.9,chr12,6724014,6724179,TSS,True,43,116
ENSG00000111652.9,chr12,6723952,6724152,TSS,True,103,116
ENSG00000111652.9,chr12,6724099,6724250,TSS,True,91,116
ENSG00000135486.17,chr12,54282874,54283811,ES,False,333,460
ENSG00000012822.15,chr12,53712121,53713099,IR,False,126,143
ENSG00000012822.15,chr12,53713900,53714132,IR,False,124,142
ENSG00000012822.15,chr12,53711100,53712121,PAS,True,18,145
ENSG00000012822.15,chr12,53708553,53713206,PAS,True,126,143
ENSG00000012822.15,chr12,53727403,53727492,TSS,True,21,154
ENSG00000182326.14,chr12,7060877,7061838,3AS,False,53,195
ENSG00000182326.14,chr12,7060675,7060877,TSS,True,26,221
ENSG00000176485.11,chr11,63613999,63614447,TSS,True,33,103
ENSG00000176485.11,chr11,63614384,63614559,TSS,False,73,103
ENSG00000109846.7,chr11,111911523,111911816,TSS,True,172,1094
ENSG00000168056.15,chr11,65539881,65540244,ES,False,56,113
ENSG00000168056.15,chr11,65551401,65552157,TSS,True,88,118
ENSG00000168056.15,chr11,65547919,65549708,TSS,True,87,118
ENSG00000110717.12,chr11,68030605,68030733,TSS,True,62,307
ENSG00000186635.14,chr11,72714151,72714323,TSS,True,116,133
ENSG00000186635.14,chr11,72721849,72722565,TSS,True,79,133
ENSG00000014216.15,chr11,65181440,65181843,TSS,True,221,246
ENSG00000014216.15,chr11,65181270,65182013,TSS,True,86,246
ENSG00000129170.9,chr11,19201953,19201989,TSS,True,375,1144
ENSG00000129170.9,chr11,19188135,19188295,TSS,True,812,1144
ENSG00000149131.15,chr11,57597765,57598321,TSS,True,91,114
ENSG00000149131.15,chr11,57597658,57597722,TSS,True,43,114
ENSG00000214530.9,chr11,72755753,72758529,ES,False,17,132
ENSG00000214530.9,chr11,72759381,72781061,5AS,False,17,126
ENSG00000214530.9,chr11,72781663,72781915,TSS,True,42,164
ENSG00000214530.9,chr11,72757766,72757812,TSS,True,135,164
ENSG00000213619.9,chr11,47579018,47579158,TSS,True,16,109
ENSG00000165915.13,chr11,47408441,47408662,TSS,True,25,166
ENSG00000134571.10,chr11,47346384,47347425,3AS,True,238,2229
ENSG00000134571.10,chr11,47347479,47347856,3AS,True,82,115
ENSG00000134571.10,chr11,47347479,47347856,IR,True,82,134
ENSG00000134571.10,chr11,47352622,47352764,TSS,False,1219,3198
ENSG00000085063.15,chr11,33722463,33736381,ES,False,87,107
ENSG00000085063.15,chr11,33736381,33736477,TSS,True,48,155
ENSG00000085063.15,chr11,33722378,33722467,TSS,True,138,155
ENSG00000172638.12,chr11,65866712,65866844,IR,False,39,220
ENSG00000172638.12,chr11,65866299,65867079,PAS,True,49,231
ENSG00000172638.12,chr11,65866305,65866712,PAS,True,189,237
ENSG00000172638.12,chr11,65872682,65873622,TSS,True,52,237
ENSG00000172638.12,chr11,65871156,65872019,TSS,False,213,237
ENSG00000167792.12,chr11,67606833,67607076,TSS,True,150,529
ENSG00000167792.12,chr11,67606938,67609635,TSS,True,454,527
ENSG00000084234.17,chr11,130122513,130126699,ES,False,74,216
ENSG00000084234.17,chr11,130069835,130070082,TSS,True,42,247
ENSG00000168439.16,chr11,64186053,64186270,TSS,True,20,179
ENSG00000165912.15,chr11,47186348,47187001,TSS,True,58,157
ENSG00000165912.15,chr11,47183003,47186435,TSS,True,119,157
ENSG00000174080.10,chr11,66568273,66568610,TSS,False,39,280
ENSG00000117984.13,chr11,1763791,1763988,TSS,True,153,748
ENSG00000170276.5,chr11,111912736,111912923,TSS,False,18,128
ENSG00000087365.15,chr11,66055315,66055537,3AS,False,14,110
ENSG00000087365.15,chr11,66056955,66057268,3AS,False,13,111
ENSG00000087365.15,chr11,66052324,66052517,TSS,True,13,122
ENSG00000166333.13,chr11,6603822,6604225,3AS,False,177,229
ENSG00000002330.13,chr11,64284630,64284712,TSS,False,32,123
ENSG00000002330.13,chr11,64284181,64284577,TSS,True,102,123
ENSG00000134333.13,chr11,18394559,18394636,TSS,False,24,165
ENSG00000084207.16,chr11,67583513,67583844,TSS,True,42,266
ENSG00000149823.8,chr11,65096140,65096478,TSS,False,24,129
ENSG00000053918.16,chr11,2444882,2445484,TSS,True,61,131
ENSG00000053918.16,chr11,2461407,2461714,TSS,False,98,131
ENSG00000110651.11,chr11,2377308,2377615,TSS,False,76,380
ENSG00000023191.16,chr11,502181,504823,3AS,False,46,142
ENSG00000023191.16,chr11,502181,507112,3AS,False,107,232
ENSG00000023191.16,chr11,507112,507279,TSS,True,286,525
ENSG00000023191.16,chr11,504823,506849,TSS,True,420,525
ENSG00000023191.16,chr11,504426,504709,TSS,False,432,525
ENSG00000078902.15,chr11,1309465,1309673,TSS,True,31,113
ENSG00000205531.12,chr11,2945646,2951258,ES,False,124,195
ENSG00000205531.12,chr11,2992253,2992431,TSS,True,77,208
ENSG00000205531.12,chr11,2991793,2992260,TSS,False,156,208
ENSG00000177697.18,chr11,833026,836062,ES,False,132,299
ENSG00000177697.18,chr11,832731,833026,TSS,True,96,396
ENSG00000050165.17,chr11,12008608,12009038,5AS,True,116,129
ENSG00000050165.17,chr11,12009171,12009385,TSS,False,4832,7216
ENSG00000050165.17,chr11,12008369,12008649,TSS,True,3391,7216
ENSG00000076706.16,chr11,119317034,119317444,TSS,True,24,114
ENSG00000110321.16,chr11,10808704,10808980,TSS,True,59,330
ENSG00000166441.12,chr11,8682731,8682816,TSS,False,78,220
ENSG00000166441.12,chr11,8684827,8684892,TSS,True,160,220
ENSG00000118181.10,chr11,119018281,119018345,TSS,True,140,440
ENSG00000118181.10,chr11,119017361,119018342,TSS,True,303,439
ENSG00000177666.16,chr11,819537,819905,TSS,True,27,160
ENSG00000166313.18,chr11,6401688,6402081,3AS,False,212,237
ENSG00000166313.18,chr11,6418984,6419177,TSS,True,37,254
ENSG00000173511.9,chr11,64237222,64237520,3AS,False,229,411
ENSG00000149809.14,chr11,65111854,65112067,TSS,True,27,112
ENSG00000149809.14,chr11,65111861,65111981,TSS,False,99,112
ENSG00000115286.19,chr19,1393330,1394417,IR,False,65,102
ENSG00000115286.19,chr19,1393330,1395390,3AS,False,271,339
ENSG00000115286.19,chr19,1393330,1395390,IR,False,271,308
ENSG00000115286.19,chr19,1383866,1383942,TSS,True,66,391
ENSG00000115286.19,chr19,1395390,1395589,PAS,True,105,376
ENSG00000115286.19,chr19,1394417,1395588,PAS,True,311,376
ENSG00000182087.13,chr19,1011195,1011366,IR,False,192,244
ENSG00000182087.13,chr19,1011612,1011740,3AS,False,56,245
ENSG00000182087.13,chr19,1012188,1012462,IR,False,186,246
ENSG00000182087.13,chr19,1020771,1021251,TSS,True,52,285
ENSG00000161281.10,chr19,36152392,36152489,TSS,True,206,1334
ENSG00000266964.5,chr19,35138361,35138894,TSS,True,67,114
ENSG00000266964.5,chr19,35139612,35139767,TSS,True,87,114
ENSG00000266964.5,chr19,35142479,35142521,TSS,True,86,114
ENSG00000174917.8,chr19,5680457,5680594,TSS,True,20,133
ENSG00000129353.14,chr19,10602416,10602561,TSS,True,52,102
ENSG00000129353.14,chr19,10625460,10625670,TSS,True,78,102
ENSG00000129353.14,chr19,10627917,10628004,TSS,True,87,102
ENSG00000063177.12,chr19,48619140,48619191,TSS,True,34,122
ENSG00000063177.12,chr19,48616078,48616158,TSS,True,99,122
ENSG00000170906.15,chr19,54102804,54102888,TSS,False,27,253
ENSG00000099785.10,chr19,8413279,8413420,TSS,True,12,110
ENSG00000006015.17,chr19,18588773,18588900,TSS,True,44,119
ENSG00000006015.17,chr19,18588993,18589683,TSS,False,83,119
ENSG00000104964.14,chr19,3062173,3062531,TSS,True,201,551
ENSG00000105223.19,chr19,40348542,40348768,TSS,True,82,178
ENSG00000105223.19,chr19,40364079,40365930,TSS,False,134,178
ENSG00000104852.14,chr19,49107712,49107821,3AS,False,46,153
ENSG00000104852.14,chr19,49085154,49085636,TSS,True,110,178
ENSG00000104852.14,chr19,49102417,49104735,TSS,True,107,178
ENSG00000104852.14,chr19,49107794,49108613,PAS,True,47,154
ENSG00000104852.14,chr19,49107821,49108613,PAS,True,108,154
ENSG00000179262.9,chr19,12949159,12949277,3AS,False,79,132
ENSG00000179262.9,chr19,12945837,12946020,TSS,True,16,134
ENSG00000179262.9,chr19,12948689,12948813,TSS,False,120,134
ENSG00000104879.4,chr19,45322820,45322876,TSS,False,858,7676
ENSG00000160633.12,chr19,5657347,5661520,3AS,False,60,102
ENSG00000160633.12,chr19,5667164,5667352,3AS,False,31,102
ENSG00000099622.13,chr19,1272051,1272426,IR,False,56,112
ENSG00000099622.13,chr19,1269327,1269410,TSS,True,35,151
ENSG00000099622.13,chr19,1272426,1274810,PAS,True,72,128
ENSG00000099622.13,chr19,1274648,1274810,PAS,True,75,134
ENSG00000099622.13,chr19,1271980,1274810,PAS,True,109,126
ENSG00000105220.15,chr19,34365009,34365388,TSS,True,75,660
ENSG00000099804.8,chr19,531703,532108,TSS,True,30,146
ENSG00000099804.8,chr19,536240,536340,TSS,True,124,146
ENSG00000125730.16,chr19,6720515,6720661,TSS,True,83,148
ENSG00000130255.12,chr19,5690266,5690327,TSS,False,38,239
ENSG00000179271.2,chr19,12956862,12957224,TSS,False,51,129
ENSG00000178980.14,chr19,47778284,47778814,TSS,True,255,607
ENSG00000130726.11,chr19,58544064,58545097,TSS,True,17,151
ENSG00000126247.10,chr19,36140035,36140157,TSS,False,29,119
ENSG00000126247.10,chr19,36140093,36141220,TSS,True,98,119
ENSG00000064607.16,chr19,19033436,19033580,TSS,True,18,102
ENSG00000123159.15,chr19,14480778,14491655,ES,False,14,129
ENSG00000123159.15,chr19,14491743,14496036,ES,False,67,126
ENSG00000125503.12,chr19,55117222,55117697,TSS,True,69,106
ENSG00000125503.12,chr19,55095444,55095601,TSS,True,91,106
ENSG00000125503.12,chr19,55096050,55096815,TSS,True,94,106
ENSG00000170889.13,chr19,54200830,54200888,TSS,True,139,368
ENSG00000170889.13,chr19,54201157,54201281,TSS,True,289,368
ENSG00000121413.12,chr19,58098173,58098251,TSS,True,46,103
ENSG00000121413.12,chr19,58098114,58098254,TSS,True,84,103
ENSG00000105701.15,chr19,18538433,18539370,3AS,False,151,328
ENSG00000063245.14,chr19,55688994,55689866,ES,False,32,236
ENSG00000063245.14,chr19,55692796,55692953,3AS,False,98,253
ENSG00000063245.14,chr19,55675130,55675435,TSS,True,36,268
ENSG00000104936.17,chr19,45770640,45771567,ES,False,129,378
ENSG00000104936.17,chr19,45771056,45771349,3AS,False,92,225
ENSG00000104936.17,chr19,45775034,45777341,5AS,False,59,363
ENSG00000104936.17,chr19,45782192,45784134,TSS,True,98,401
ENSG00000167658.15,chr19,3985377,3985472,TSS,True,230,891
ENSG00000104853.15,chr19,44955344,44955467,TSS,True,20,140
ENSG00000065717.14,chr19,3008945,3009577,5AS,True,30,179
ENSG00000065717.14,chr19,3019463,3019698,3AS,False,54,148
ENSG00000065717.14,chr19,3019466,3019698,IR,False,94,111
ENSG00000065717.14,chr19,2997637,2997955,PAS,True,27,222
ENSG00000065717.14,chr19,3028880,3029363,TSS,True,57,222
ENSG00000099821.13,chr19,617655,617776,IR,False,99,111
ENSG00000099821.13,chr19,633424,633565,TSS,False,33,111
ENSG00000099821.13,chr19,621057,623305,TSS,True,89,111
ENSG00000186010.18,chr19,19516207,19516332,TSS,True,51,430
ENSG00000125652.7,chr19,6372762,6373024,TSS,False,23,102
ENSG00000125652.7,chr19,6374542,6374589,TSS,True,83,102
ENSG00000126458.3,chr19,49639945,49640154,TSS,True,12,111
ENSG00000126458.3,chr19,49636823,49636893,TSS,True,99,111
ENSG00000172270.19,chr19,572512,572701,TSS,True,102,917
ENSG00000011243.17,chr19,15418910,15419049,TSS,True,21,133
ENSG00000129991.12,chr19,55157561,55157733,TSS,True,103,980
ENSG00000166289.5,chr19,29665421,29665505,TSS,False,34,106
ENSG00000166289.5,chr19,29665456,29665795,TSS,True,82,106
ENSG00000105135.15,chr19,15125655,15125819,TSS,False,145,335
ENSG00000105135.15,chr19,15124924,15125709,TSS,True,287,335
ENSG00000105135.15,chr19,15125379,15125701,TSS,True,284,335
ENSG00000090006.17,chr19,40614446,40617099,ES,False,49,184
ENSG00000090006.17,chr19,40614446,40619346,ES,False,45,265
ENSG00000090006.17,chr19,40617020,40619346,ES,False,36,171
ENSG00000090006.17,chr19,40619493,40623603,ES,False,45,273
ENSG00000090006.17,chr19,40601173,40601637,TSS,False,183,316
ENSG00000105193.8,chr19,39435847,39435986,TSS,True,137,394
ENSG00000105193.8,chr19,39435606,39435710,TSS,True,261,394
ENSG00000068903.19,chr19,38899505,38899814,TSS,True,13,100
ENSG00000130176.7,chr19,11538810,11538990,TSS,True,39,123
ENSG00000167657.13,chr19,3971021,3971121,TSS,False,23,106
ENSG00000105373.18,chr19,47745517,47745783,TSS,True,63,274
ENSG00000105373.18,chr19,47756707,47756744,TSS,True,229,273
ENSG00000105409.18,chr19,41994070,41994269,TSS,False,39,159
ENSG00000105568.17,chr19,52189990,52190174,TSS,True,119,800
ENSG00000105568.17,chr19,52211258,52211492,TSS,True,711,800
ENSG00000185800.11,chr19,45782946,45784290,PAS,False,38,129
ENSG00000185800.11,chr19,45789397,45791087,PAS,True,98,127
ENSG00000115268.9,chr19,1438368,1438428,TSS,True,41,276
ENSG00000127445.13,chr19,9835304,9835402,TSS,True,53,128
ENSG00000127445.13,chr19,9834159,9838648,TSS,True,102,128
ENSG00000079999.13,chr19,10503240,10503596,TSS,True,151,172
ENSG00000079999.13,chr19,10502696,10502838,TSS,False,49,172
ENSG00000079999.13,chr19,10499394,10500081,TSS,True,150,172
ENSG00000079805.16,chr19,10795439,10798485,ME,False,124,188
ENSG00000079805.16,chr19,10830378,10830980,3AS,False,39,214
ENSG00000079805.16,chr19,10718022,10718403,TSS,True,90,239
ENSG00000079805.16,chr19,10768516,10768862,TSS,False,212,239
ENSG00000079805.16,chr19,10830977,10831906,PAS,True,51,226
ENSG00000079805.16,chr19,10830980,10831905,PAS,False,187,226
ENSG00000123144.10,chr19,12734312,12734725,TSS,True,32,150
ENSG00000123144.10,chr19,12731343,12731414,TSS,True,130,150
ENSG00000099624.7,chr19,1244440,1244736,IR,False,466,759
ENSG00000099624.7,chr19,1244314,1244825,PAS,True,468,759
ENSG00000099624.7,chr19,1244736,1244829,PAS,False,302,768
ENSG00000129968.15,chr19,1885351,1885489,TSS,True,40,175
ENSG00000129968.15,chr19,1881234,1885465,TSS,True,157,175
ENSG00000221983.7,chr19,18571887,18573292,5AS,False,63,118
ENSG00000221983.7,chr19,18571801,18571887,TSS,False,65,128
ENSG00000221983.7,chr19,18571846,18571909,TSS,True,73,128
ENSG00000071655.17,chr19,1592617,1592910,TSS,False,38,142
ENSG00000178982.9,chr19,38619078,38619327,TSS,True,121,341
ENSG00000178982.9,chr19,38635045,38635118,TSS,True,228,340
ENSG00000099875.14,chr19,2037463,2037829,PAS,True,59,110
ENSG00000099875.14,chr19,2051095,2051247,TSS,True,54,110
ENSG00000105677.11,chr19,35545599,35545816,TSS,True,39,102
ENSG00000198816.6,chr19,7515941,7516249,TSS,False,53,130
ENSG00000176490.4,chr19,2721303,2721451,TSS,True,74,138
ENSG00000104870.12,chr19,49512261,49512750,TSS,True,68,113
ENSG00000104870.12,chr19,49513020,49513473,TSS,True,54,113
ENSG00000174886.12,chr19,5903611,5903957,TSS,True,65,486
ENSG00000104805.15,chr19,48900264,48900372,TSS,False,84,560
ENSG00000104805.15,chr19,48900783,48900931,TSS,True,496,560
ENSG00000126934.13,chr19,4123783,4124170,TSS,True,53,305
ENSG00000104823.8,chr19,38831720,38831916,TSS,False,64,414
ENSG00000104823.8,chr19,38831077,38831273,TSS,True,367,414
ENSG00000187550.8,chr19,55528610,55530323,PAS,False,22,208
ENSG00000187550.8,chr19,55537053,55537147,TSS,False,26,208
ENSG00000066044.14,chr19,8005494,8005684,TSS,True,16,131
ENSG00000269858.5,chr19,40799165,40799262,TSS,False,43,161
ENSG00000269858.5,chr19,40800218,40801415,TSS,True,127,161
ENSG00000198258.10,chr19,9827984,9828326,5AS,False,139,159
ENSG00000198258.10,chr19,9827896,9827984,TSS,True,48,187
ENSG00000198258.10,chr19,9827900,9828064,TSS,True,167,187
ENSG00000198258.10,chr19,9827921,9828393,TSS,True,165,187
ENSG00000077009.13,chr19,3933384,3933697,TSS,False,108,798
ENSG00000108107.14,chr19,55384686,55385965,TSS,False,46,245
ENSG00000104960.15,chr19,49850701,49851499,TSS,True,27,157
ENSG00000104960.15,chr19,49860613,49860744,PAS,True,19,157
ENSG00000104969.9,chr19,2783232,2783395,TSS,True,24,127
ENSG00000125648.14,chr19,6444301,6454322,ES,False,14,122
ENSG00000125648.14,chr19,6436070,6436464,PAS,True,97,131
ENSG00000125648.14,chr19,6440061,6442159,PAS,True,74,126
ENSG00000167676.4,chr19,4510445,4512051,TSS,True,131,202
ENSG00000167676.4,chr19,4518384,4518547,TSS,False,165,203
ENSG00000133243.8,chr19,2015296,2015723,TSS,True,40,101
ENSG00000133243.8,chr19,1997343,1998286,TSS,True,81,101
ENSG00000167460.15,chr19,16101263,16103005,PAS,True,66,152
ENSG00000167460.15,chr19,16095263,16095528,PAS,True,86,152
ENSG00000099817.11,chr19,1095258,1095386,TSS,True,20,129
ENSG00000105401.8,chr19,10395343,10395434,IR,False,167,192
ENSG00000105401.8,chr19,10403377,10403874,TSS,True,29,218
ENSG00000197256.10,chr19,11194590,11195621,5AS,False,46,116
ENSG00000197256.10,chr19,11195820,11197484,ES,False,62,100
ENSG00000197256.10,chr19,11197484,11197587,TSS,True,100,215
ENSG00000167468.16,chr19,1103996,1104127,TSS,True,77,312
ENSG00000131408.13,chr19,50376427,50376576,TSS,False,21,165
ENSG00000099783.11,chr19,8465362,8465479,IR,False,38,116
ENSG00000099783.11,chr19,8471427,8474166,ES,False,24,114
ENSG00000099290.16,chr10,50097802,50104041,ES,True,62,220
ENSG00000099290.16,chr10,50067890,50068008,TSS,True,148,228
ENSG00000099290.16,chr10,50091554,50093386,TSS,True,100,226
ENSG00000148700.14,chr10,110007927,110008299,TSS,True,30,126
ENSG00000107816.17,chr10,100997031,100997234,TSS,True,109,126
ENSG00000107816.17,chr10,100999302,100999952,TSS,False,31,126
ENSG00000138279.15,chr10,73388414,73396518,ES,False,27,170
ENSG00000138279.15,chr10,73414011,73414088,TSS,True,23,173
ENSG00000123240.16,chr10,13100302,13109111,ES,False,111,125
ENSG00000123240.16,chr10,13116340,13118905,3AS,False,24,131
ENSG00000107796.13,chr10,88952730,88952817,TSS,True,36,312
ENSG00000166136.15,chr10,100529766,100529925,TSS,True,34,236
ENSG00000134463.14,chr10,11742361,11742746,TSS,False,16,123
ENSG00000151929.9,chr10,119672656,119676466,3AS,False,27,196
ENSG00000151929.9,chr10,119676463,119677819,PAS,True,27,198
ENSG00000151929.9,chr10,119676466,119677819,PAS,False,171,198
ENSG00000138107.12,chr10,102502599,102502731,TSS,True,31,160
ENSG00000122367.19,chr10,86668408,86668570,TSS,False,273,484
ENSG00000122367.19,chr10,86716356,86716771,TSS,True,130,184
ENSG00000122367.19,chr10,86717964,86718847,TSS,False,159,184
ENSG00000122367.19,chr10,86732886,86736149,PAS,True,302,419
ENSG00000122367.19,chr10,86699277,86700059,PAS,True,36,270
ENSG00000067057.16,chr10,3067340,3067707,TSS,True,33,212
ENSG00000266412.5,chr10,46030525,46030680,TSS,True,77,319
ENSG00000266412.5,chr10,46023329,46023486,TSS,False,262,319
ENSG00000119938.8,chr10,91632955,91633070,TSS,False,23,137
ENSG00000122359.17,chr10,80172869,80205342,ES,False,189,366
ENSG00000122359.17,chr10,80205342,80205839,TSS,True,120,486
ENSG00000150093.18,chr10,32901635,32908367,ES,False,90,212
ENSG00000150093.18,chr10,32958144,32958379,TSS,True,34,225
ENSG00000166228.8,chr10,70888530,70888608,TSS,False,12,114
ENSG00000197746.13,chr10,71822007,71825836,3AS,False,108,126
ENSG00000035403.17,chr10,74109156,74114183,ES,False,48,110
ENSG00000035403.17,chr10,73997891,73998375,TSS,True,45,134
ENSG00000166295.8,chr10,72216072,72223887,5AS,False,54,170
ENSG00000166295.8,chr10,72216138,72223887,ES,False,63,115
ENSG00000166295.8,chr10,72216023,72216138,TSS,True,94,236
ENSG00000166295.8,chr10,72215982,72216072,TSS,True,155,236
ENSG00000166295.8,chr10,72233000,72235857,PAS,True,25,228
ENSG00000169813.16,chr10,43409130,43409209,TSS,True,30,108
ENSG00000107551.20,chr10,44959322,44959866,TSS,True,17,107
ENSG00000197893.13,chr10,113588705,113589079,PAS,True,28,102
ENSG00000197893.13,chr10,113588714,113589082,PAS,True,77,102
ENSG00000197893.13,chr10,113604608,113604885,TSS,True,110,124
ENSG00000197893.13,chr10,113663810,113664121,TSS,True,77,127
ENSG00000170759.10,chr10,32008197,32011516,PAS,False,64,115
ENSG00000170759.10,chr10,32034748,32034838,PAS,True,48,110
ENSG00000122378.13,chr10,80408484,80408643,TSS,True,15,104
ENSG00000171206.14,chr10,102643653,102645187,TSS,True,27,157
ENSG00000134452.19,chr10,5890099,5890346,TSS,True,20,107
ENSG00000100664.10,chr14,103334182,103334260,TSS,False,21,195
ENSG00000100664.10,chr14,103338326,103338441,PAS,False,172,193
ENSG00000100664.10,chr14,103340962,103345022,PAS,True,26,194
ENSG00000197324.8,chr14,22871716,22872337,TSS,True,22,197
ENSG00000092054.12,chr14,23435619,23435764,TSS,False,475,763
ENSG00000165410.14,chr14,34714537,34714702,TSS,False,21,181
ENSG00000092199.17,chr14,21230366,21230996,5AS,False,87,120
ENSG00000092199.17,chr14,21234229,21269297,ES,False,24,114
ENSG00000184887.13,chr14,105249085,105249156,IR,False,85,116
ENSG00000184887.13,chr14,105248532,105248560,TSS,False,92,118
ENSG00000184887.13,chr14,105248558,105249085,TSS,True,50,118
ENSG00000184887.13,chr14,105248565,105249247,TSS,False,96,118
ENSG00000165795.23,chr14,21022497,21023240,ES,False,95,258
ENSG00000165795.23,chr14,21023321,21025028,ES,False,112,192
ENSG00000165795.23,chr14,21025028,21025111,TSS,True,102,294
ENSG00000165795.23,chr14,21025676,21025758,TSS,False,249,294
ENSG00000133943.20,chr14,91114283,91157638,ES,False,143,207
ENSG00000133943.20,chr14,91170186,91173288,5AS,False,140,262
ENSG00000133943.20,chr14,91173403,91175933,5AS,False,34,262
ENSG00000133943.20,chr14,91114062,91114528,TSS,True,247,279
ENSG00000133943.20,chr14,91114038,91114283,TSS,True,72,279
ENSG00000156381.8,chr14,102508549,102509528,ES,True,173,370
ENSG00000156381.8,chr14,102508846,102509528,3AS,True,174,195
ENSG00000156381.8,chr14,102509528,102509817,TSS,True,133,503
ENSG00000156381.8,chr14,102508640,102509776,TSS,True,417,503
ENSG00000080824.18,chr14,102080737,102081821,PAS,True,45,314
ENSG00000080824.18,chr14,102084827,102084998,PAS,True,244,279
ENSG00000080824.18,chr14,102086985,102087336,TSS,True,78,319
ENSG00000126777.17,chr14,55580354,55612018,ES,False,106,132
ENSG00000126777.17,chr14,55661612,55667240,ES,False,58,122
ENSG00000126777.17,chr14,55580021,55580354,TSS,True,16,156
ENSG00000126777.17,chr14,55684098,55684585,PAS,True,28,156
ENSG00000126777.17,chr14,55612018,55612897,PAS,True,126,142
ENSG00000182809.10,chr14,105474583,105474905,TSS,True,310,1922
ENSG00000142208.16,chr14,104792722,104795483,ES,False,353,422
ENSG00000100605.16,chr14,93115771,93116407,TSS,True,93,176
ENSG00000100605.16,chr14,93115068,93116416,TSS,True,109,176
ENSG00000165804.15,chr14,21091864,21092863,TSS,True,26,110
ENSG00000165804.15,chr14,21098311,21098654,TSS,False,92,110
ENSG00000179364.13,chr14,105314590,105315037,TSS,True,26,119
ENSG00000197616.11,chr14,23382559,23383224,IR,True,82,110
ENSG00000197616.11,chr14,23383316,23384441,IR,True,48,170
ENSG00000197616.11,chr14,23383320,23384217,IR,True,72,122
ENSG00000197616.11,chr14,23387651,23387757,IR,True,39,110
ENSG00000197616.11,chr14,23407236,23408252,5AS,True,59,153
ENSG00000197616.11,chr14,23408252,23408465,TSS,False,11830,19530
ENSG00000197616.11,chr14,23382427,23382487,TSS,True,16530,19234
ENSG00000075413.17,chr14,103467191,103468080,3AS,False,19,105
ENSG00000075413.17,chr14,103385361,103386080,TSS,True,32,110
ENSG00000075413.17,chr14,103405071,103405267,TSS,False,82,110
ENSG00000090060.17,chr14,96556413,96562818,ES,False,26,117
ENSG00000090060.17,chr14,96564954,96567120,PAS,True,31,159
ENSG00000090060.17,chr14,96532510,96535574,PAS,True,134,155
ENSG00000100628.11,chr14,93976433,93976757,TSS,True,47,229
ENSG00000089737.16,chr14,94081118,94081225,TSS,True,13,115
ENSG00000166183.15,chr14,104105450,104107181,ES,False,59,239
ENSG00000166183.15,chr14,104109315,104111919,ME,True,141,161
ENSG00000166183.15,chr14,104109315,104111919,ES,False,63,235
ENSG00000166183.15,chr14,104085512,104085852,TSS,True,37,251
ENSG00000129538.13,chr14,20802093,20802796,ES,False,98,127
ENSG00000129538.13,chr14,20802796,20802844,TSS,True,50,177
ENSG00000072110.13,chr14,68877240,68879961,ME,False,48,106
ENSG00000072110.13,chr14,68978951,68979363,TSS,True,22,122
ENSG00000166165.12,chr14,103522765,103522848,TSS,True,250,992
ENSG00000166165.12,chr14,103521262,103521481,TSS,True,869,992
ENSG00000116685.15,chr1,11919588,11920332,PAS,True,15,141
ENSG00000078618.21,chr1,51836212,51840225,ES,False,90,105
ENSG00000078618.21,chr1,51878274,51878789,TSS,True,14,124
ENSG00000074800.15,chr1,8868057,8871890,ME,False,89,228
ENSG00000074800.15,chr1,8878579,8879273,TSS,True,36,270
ENSG00000107404.19,chr1,1338653,1339361,5AS,False,159,178
ENSG00000107404.19,chr1,1348895,1349464,TSS,True,36,190
ENSG00000074964.16,chr1,17539426,17539950,TSS,False,72,107
ENSG00000074964.16,chr1,17588357,17588479,TSS,True,96,107
ENSG00000074964.16,chr1,17618039,17618522,TSS,False,69,107
ENSG00000187642.9,chr1,976269,976498,IR,True,79,133
ENSG00000187642.9,chr1,975194,976269,PAS,True,54,134
ENSG00000187642.9,chr1,975197,976624,PAS,True,80,134
ENSG00000187642.9,chr1,978880,980936,TSS,True,74,152
ENSG00000187642.9,chr1,982064,982346,TSS,False,97,152
ENSG00000132716.18,chr1,160262116,160262528,TSS,True,44,105
ENSG00000132716.18,chr1,160262448,160262618,TSS,False,91,105
ENSG00000132716.18,chr1,160262275,160262486,TSS,True,87,105
ENSG00000143321.18,chr1,156751342,156751787,TSS,True,27,188
ENSG00000160097.17,chr1,32863776,32864663,IR,True,23,105
ENSG00000160097.17,chr1,32864299,32864663,IR,True,37,119
ENSG00000160097.17,chr1,32862267,32863776,PAS,False,143,166
ENSG00000160097.17,chr1,32862268,32864299,PAS,True,122,161
ENSG00000160097.17,chr1,32862268,32864797,PAS,True,78,160
ENSG00000158828.7,chr1,20633448,20633935,TSS,False,46,429
ENSG00000143164.15,chr1,168004793,168022987,ES,False,55,140
ENSG00000143164.15,chr1,168045227,168063620,ES,False,109,164
ENSG00000143164.15,chr1,167936593,167937008,TSS,True,29,168
ENSG00000078808.16,chr1,1228946,1231891,5AS,True,222,255
ENSG00000078808.16,chr1,1228467,1229094,TSS,False,283,337
ENSG00000078808.16,chr1,1231891,1232067,TSS,True,115,337
ENSG00000117640.17,chr1,25826826,25829617,3AS,False,24,210
ENSG00000117640.17,chr1,25819926,25820029,TSS,True,67,217
ENSG00000117640.17,chr1,25820029,25823128,TSS,True,181,217
ENSG00000265972.5,chr1,145996016,145996580,TSS,False,36,246
ENSG00000134686.18,chr1,33332404,33334184,5AS,False,34,130
ENSG00000134686.18,chr1,33334292,33349596,ES,True,55,121
ENSG00000134686.18,chr1,33349596,33349941,TSS,True,17,138
ENSG00000117266.15,chr1,205504560,205504796,TSS,True,100,116
ENSG00000117266.15,chr1,205504549,205504878,TSS,True,57,116
ENSG00000116260.16,chr1,180196599,180197332,5AS,True,122,166
ENSG00000116260.16,chr1,180196599,180197332,IR,False,122,262
ENSG00000116260.16,chr1,180196890,180197332,IR,False,41,181
ENSG00000116260.16,chr1,180154800,180155172,TSS,True,104,345
ENSG00000116260.16,chr1,180196261,180200294,PAS,True,164,304
ENSG00000116260.16,chr1,180197332,180200293,PAS,True,174,340
ENSG00000116251.10,chr1,6199561,6199604,TSS,False,14,110
ENSG00000175756.13,chr1,1374790,1375153,5AS,False,85,128
ENSG00000175756.13,chr1,1373999,1375185,TSS,True,137,174
ENSG00000175756.13,chr1,1375153,1375310,TSS,True,89,174
ENSG00000175756.13,chr1,1374996,1375188,TSS,True,135,174
ENSG00000143549.19,chr1,154170711,154172907,ME,False,28,113
ENSG00000143549.19,chr1,154156355,154157721,PAS,True,75,120
ENSG00000143549.19,chr1,154167465,154167940,PAS,False,51,120
ENSG00000143549.19,chr1,154182987,154183224,TSS,True,89,122
ENSG00000143549.19,chr1,154191901,154192135,TSS,True,38,123
ENSG00000265107.2,chr1,147773251,147773646,TSS,True,94,145
ENSG00000265107.2,chr1,147760498,147761029,TSS,False,83,145
ENSG00000121769.7,chr1,31364015,31365939,PAS,True,117,1078
ENSG00000143632.14,chr1,229434003,229434100,TSS,True,18,112
ENSG00000116171.17,chr1,52927245,52927465,TSS,True,44,116
ENSG00000116171.17,chr1,53014890,53015043,TSS,True,70,109
ENSG00000188976.10,chr1,944800,945056,5AS,False,83,145
ENSG00000188976.10,chr1,959214,960041,TSS,True,21,151
ENSG00000153187.19,chr1,244862730,244863673,5AS,False,66,121
ENSG00000153187.19,chr1,244863673,244864567,TSS,True,66,132
ENSG00000153187.19,chr1,244863616,244864545,TSS,True,76,131
ENSG00000116209.11,chr1,54040837,54041723,3AS,True,99,150
ENSG00000116209.11,chr1,54052999,54053441,TSS,True,21,153
ENSG00000077549.17,chr1,19339617,19344357,ES,False,21,114
ENSG00000253368.3,chr1,26993691,26994612,TSS,False,18,102
ENSG00000253368.3,chr1,26993690,26994630,TSS,True,91,102
ENSG00000162734.12,chr1,160205356,160205522,TSS,True,21,100
ENSG00000162614.18,chr1,77888144,77888759,TSS,True,13,118
ENSG00000162614.18,chr1,77926413,77926538,PAS,True,100,112
ENSG00000162614.18,chr1,77942460,77943898,PAS,True,73,117
ENSG00000162614.18,chr1,77942899,77943899,PAS,True,98,117
ENSG00000117298.15,chr1,21345375,21345560,TSS,True,71,132
ENSG00000178104.19,chr1,149001696,149002849,5AS,False,59,110
ENSG00000178104.19,chr1,149003042,149003613,3AS,False,36,114
ENSG00000178104.19,chr1,149021153,149026714,ES,False,62,182
ENSG00000178104.19,chr1,148889404,148889894,TSS,True,175,252
ENSG00000178104.19,chr1,149004907,149005437,TSS,True,192,219
ENSG00000178104.19,chr1,148981269,148986471,PAS,True,117,134
ENSG00000178104.19,chr1,149031999,149033019,PAS,True,57,246
ENSG00000143761.15,chr1,228082667,228082765,TSS,True,53,398
ENSG00000117691.9,chr1,212433120,212444338,ES,False,18,161
ENSG00000171735.18,chr1,6785575,6825091,ES,False,26,129
ENSG00000171735.18,chr1,6887653,6888201,PAS,True,116,130
ENSG00000171735.18,chr1,6871756,6872049,PAS,True,16,130
ENSG00000143612.20,chr1,154214574,154220341,ES,False,28,176
ENSG00000133065.10,chr1,205812807,205813196,TSS,False,67,299
ENSG00000157916.19,chr1,2391803,2392126,TSS,True,93,110
ENSG00000157916.19,chr1,2391762,2391958,TSS,True,27,110
ENSG00000163050.16,chr1,226940255,226940399,TSS,False,88,528
ENSG00000009307.15,chr1,114736855,114737962,ES,False,239,277
ENSG00000009307.15,chr1,114739890,114749820,ES,False,36,266
ENSG00000009307.15,chr1,114757924,114758025,TSS,True,47,311
ENSG00000118194.18,chr1,201362022,201363295,5AS,True,24,161
ENSG00000118194.18,chr1,201364297,201364375,TSS,True,1297,1487
ENSG00000118194.18,chr1,201372026,201375128,TSS,True,711,1525
ENSG00000198842.9,chr1,167094063,167094194,TSS,False,43,231
ENSG00000116688.16,chr1,11980484,11981973,3AS,True,42,231
ENSG00000116688.16,chr1,11982114,11989164,ES,False,177,234
ENSG00000116688.16,chr1,11980199,11980484,TSS,True,102,352
ENSG00000116871.15,chr1,36173478,36176198,ES,False,57,285
ENSG00000116871.15,chr1,36176321,36176417,IR,False,165,290
ENSG00000116871.15,chr1,36178201,36178445,3AS,False,44,306
ENSG00000116871.15,chr1,36156124,36156463,TSS,True,114,357
ENSG00000168653.10,chr1,39026398,39028722,5AS,False,95,175
ENSG00000168653.10,chr1,39026309,39026398,TSS,False,90,185
ENSG00000168653.10,chr1,39026321,39026402,TSS,True,105,185
ENSG00000221986.6,chr1,109292464,109294205,3AS,False,111,170
ENSG00000221986.6,chr1,109292363,109292464,PAS,False,64,175
ENSG00000221986.6,chr1,109292364,109292588,PAS,False,148,175
ENSG00000221986.6,chr1,109292361,109293005,PAS,True,143,175
ENSG00000221986.6,chr1,109306846,109307125,TSS,True,22,175
ENSG00000018625.14,chr1,160115717,160115873,TSS,True,110,149
ENSG00000018625.14,chr1,160135836,160135993,TSS,True,115,144
ENSG00000135744.7,chr1,230714085,230714144,TSS,False,22,143
ENSG00000173660.11,chr1,46309127,46310154,ES,False,210,234
ENSG00000117318.8,chr1,23558415,23558934,IR,True,157,176
ENSG00000117318.8,chr1,23557922,23558415,PAS,True,22,178
ENSG00000158710.14,chr1,159925449,159925570,TSS,True,20,118
ENSG00000155366.16,chr1,112707077,112707369,TSS,False,30,115
ENSG00000155366.16,chr1,112705099,112705170,TSS,True,95,115
ENSG00000116560.10,chr1,35182844,35184593,PAS,False,18,118
ENSG00000203667.9,chr1,244835756,244842194,ES,False,61,103
ENSG00000134243.11,chr1,109397586,109397969,TSS,True,32,118
ENSG00000142676.14,chr1,23691829,23692611,3AS,False,37,231
ENSG00000142676.14,chr1,23691780,23691829,TSS,False,93,324
ENSG00000142676.14,chr1,23692139,23693913,TSS,True,282,324
ENSG00000078369.17,chr1,1825499,1890819,ES,False,22,172
ENSG00000142661.18,chr1,24112030,24112217,TSS,False,174,223
ENSG00000142661.18,chr1,24105919,24106078,TSS,True,196,223
ENSG00000154358.20,chr1,228371085,228373081,TSS,True,37,133
ENSG00000154358.20,chr1,228378617,228378882,PAS,True,66,198
ENSG00000116288.12,chr1,7961735,7962762,5AS,False,68,133
ENSG00000116288.12,chr1,7961614,7961735,TSS,True,85,153
ENSG00000116288.12,chr1,7961660,7961793,TSS,True,88,153
ENSG00000142937.11,chr1,44775522,44775600,TSS,True,51,334
ENSG00000142937.11,chr1,44775558,44776140,TSS,True,293,334
ENSG00000215861.5,chr1,149187056,149188789,PAS,True,195,223
ENSG00000215861.5,chr1,149195877,149198171,PAS,False,71,222
ENSG00000215861.5,chr1,149285453,149285859,TSS,True,198,223
ENSG00000215861.5,chr1,149240376,149240861,TSS,True,33,223
ENSG00000173641.17,chr1,16017764,16018046,TSS,True,347,1351
ENSG00000163399.15,chr1,116373181,116373523,TSS,True,19,107
ENSG00000116786.12,chr1,15684293,15684618,TSS,True,82,116
ENSG00000116786.12,chr1,15723892,15725545,TSS,True,83,112
ENSG00000116786.12,chr1,15727010,15727832,TSS,True,86,112
ENSG00000197530.12,chr1,1616082,1616507,5AS,True,31,163
ENSG00000197530.12,chr1,1616614,1623430,3AS,False,115,204
ENSG00000197530.12,chr1,1623482,1623773,5AS,False,28,204
ENSG00000197530.12,chr1,1623679,1623773,5AS,False,19,180
ENSG00000197530.12,chr1,1625428,1626649,ES,False,25,198
ENSG00000197530.12,chr1,1615423,1615633,TSS,True,222,256
ENSG00000197530.12,chr1,1615455,1616100,TSS,True,123,256
ENSG00000197530.12,chr1,1615844,1616082,TSS,True,225,256
ENSG00000197530.12,chr1,1628547,1628722,TSS,False,229,255
ENSG00000160789.19,chr1,156137653,156140079,PAS,True,206,464
ENSG00000160789.19,chr1,156139079,156140087,PAS,True,260,469
ENSG00000162413.16,chr1,6601796,6602913,TSS,True,28,264
ENSG00000143774.16,chr1,228140363,228145510,ES,False,139,244
ENSG00000143774.16,chr1,228141288,228145510,ES,False,87,102
ENSG00000143774.16,chr1,228140225,228140363,TSS,True,28,272
ENSG00000168159.11,chr1,228487361,228487878,TSS,True,55,283
ENSG00000159352.15,chr1,151254726,151254808,TSS,True,13,125
ENSG00000183072.9,chr5,173233209,173234749,3AS,False,201,302
ENSG00000183072.9,chr5,173232107,173233501,PAS,True,225,321
ENSG00000183072.9,chr5,173232109,173233209,PAS,False,104,321
ENSG00000183072.9,chr5,173234749,173235209,TSS,True,37,351
ENSG00000112936.18,chr5,40909273,40909616,TSS,False,56,510
ENSG00000113140.10,chr5,151686864,151687036,TSS,True,18,117
ENSG00000133835.15,chr5,119452434,119452633,TSS,True,11,100
ENSG00000112992.16,chr5,43602722,43603294,TSS,True,61,224
ENSG00000213585.10,chr5,133993015,134004646,3AS,False,128,451
ENSG00000153113.23,chr5,96722698,96726793,3AS,False,191,222
ENSG00000153113.23,chr5,96727530,96729611,ES,False,25,248
ENSG00000153113.23,chr5,96762372,96765223,3AS,False,53,260
ENSG00000153113.23,chr5,96662077,96662497,TSS,True,228,276
ENSG00000153113.23,chr5,96662941,96663166,TSS,True,248,276
ENSG00000153113.23,chr5,96702645,96702915,TSS,True,108,276
ENSG00000164309.14,chr5,79689684,79690056,TSS,False,71,158
ENSG00000164309.14,chr5,79733625,79739403,TSS,False,93,141
ENSG00000164309.14,chr5,79799369,79800611,PAS,True,19,152
ENSG00000145494.11,chr5,1801394,1801549,TSS,True,28,104
ENSG00000131446.16,chr5,180810039,180810210,TSS,True,109,157
ENSG00000131446.16,chr5,180802679,180802855,TSS,True,70,157
ENSG00000113648.16,chr5,135360604,135369405,3AS,False,60,108
ENSG00000113648.16,chr5,135334374,135335141,PAS,True,27,110
ENSG00000113648.16,chr5,135359721,135359942,PAS,False,81,108
ENSG00000113328.18,chr5,163437664,163437764,IR,False,37,107
ENSG00000113328.18,chr5,163437578,163437804,TSS,True,39,109
ENSG00000113328.18,chr5,163437594,163437664,TSS,True,72,109
ENSG00000197043.13,chr5,151109846,151117126,ES,False,34,327
ENSG00000019582.14,chr5,150402625,150404679,ES,False,93,109
ENSG00000154153.13,chr5,16616651,16617194,TSS,True,52,166
ENSG00000154153.13,chr5,16508577,16508998,TSS,True,119,166
ENSG00000198624.12,chr5,151223922,151224138,TSS,True,35,285
ENSG00000113282.13,chr5,157789513,157791702,3AS,False,37,102
ENSG00000154122.13,chr5,14871351,14871903,TSS,True,20,124
ENSG00000164405.10,chr5,132866585,132866687,TSS,True,62,309
ENSG00000145730.20,chr5,103019843,103025133,3AS,False,273,2511
ENSG00000145730.20,chr5,103019843,103028181,ES,False,268,1114
ENSG00000145730.20,chr5,103019843,103028184,ES,False,226,1862
ENSG00000145730.20,chr5,103019843,103028184,3AS,False,226,1340
ENSG00000145730.20,chr5,103025334,103028184,3AS,False,1625,2472
ENSG00000145730.20,chr5,102755028,102755348,TSS,False,2655,3075
ENSG00000145730.20,chr5,102865497,102866284,TSS,True,583,3075
ENSG00000172239.13,chr5,43556581,43557126,TSS,True,35,108
ENSG00000172239.13,chr5,43556818,43557178,TSS,True,81,108
ENSG00000044115.20,chr5,138753379,138753510,TSS,True,35,268
ENSG00000072682.18,chr5,132195480,132198878,ME,False,153,177
ENSG00000072682.18,chr5,132218644,132227789,ES,False,93,155
ENSG00000072682.18,chr5,132227789,132227891,TSS,False,27,183
ENSG00000145592.13,chr5,40835182,40835284,TSS,False,306,370
ENSG00000131730.15,chr5,81233377,81251112,5AS,False,452,599
ENSG00000131730.15,chr5,81232638,81233377,TSS,True,256,716
ENSG00000131730.15,chr5,81232736,81233381,TSS,True,569,716
ENSG00000131730.15,chr5,81251106,81251284,TSS,True,639,716
ENSG00000145741.15,chr5,73498558,73499133,5AS,False,149,172
ENSG00000145741.15,chr5,73498430,73498799,TSS,True,154,176
ENSG00000145741.15,chr5,73498425,73498558,TSS,True,27,176
ENSG00000145901.15,chr5,151030673,151032286,3AS,False,11,109
ENSG00000145901.15,chr5,151032383,151033607,3AS,False,90,108
ENSG00000145901.15,chr5,151029942,151030673,PAS,True,100,112
ENSG00000145901.15,chr5,151029122,151030747,PAS,True,14,112
ENSG00000161011.19,chr5,179820881,179821141,TSS,True,104,348
ENSG00000073578.16,chr5,251423,254392,5AS,True,217,726
ENSG00000184584.12,chr5,139482549,139482768,TSS,True,24,115
ENSG00000164587.12,chr5,150449702,150449742,TSS,False,51,453
ENSG00000127022.14,chr5,179698902,179699102,TSS,True,47,352
ENSG00000015479.18,chr5,139322967,139325439,3AS,False,234,274
ENSG00000015479.18,chr5,139293607,139293805,TSS,True,37,277
ENSG00000015479.18,chr5,139293749,139294028,TSS,True,247,277
ENSG00000049656.13,chr5,1339002,1341670,3AS,True,15,128
ENSG00000171604.11,chr5,139648845,139680363,ES,False,144,161
ENSG00000171604.11,chr5,139647831,139648845,TSS,True,32,193
ENSG00000171604.11,chr5,139648925,139649009,TSS,True,170,193
ENSG00000164530.14,chr6,36954693,36954931,TSS,True,15,110
ENSG00000164530.14,chr6,36964385,36964837,PAS,True,24,107
ENSG00000164530.14,chr6,36963822,36964839,PAS,True,86,104
ENSG00000172348.14,chr6,46456751,46491975,TSS,True,173,198
ENSG00000172348.14,chr6,46248722,46248898,TSS,True,36,198
ENSG00000145990.10,chr6,13486637,13487619,TSS,True,14,129
ENSG00000234745.10,chr6,31357085,31357218,TSS,True,38,126
ENSG00000234745.10,chr6,31356687,31357179,TSS,True,106,126
ENSG00000071242.11,chr6,166626920,166627281,TSS,False,40,106
ENSG00000112715.21,chr6,43778918,43781955,ES,False,105,195
ENSG00000112715.21,chr6,43778918,43784540,ES,False,26,221
ENSG00000112715.21,chr6,43780785,43781955,5AS,False,25,103
ENSG00000112715.21,chr6,43770202,43771312,TSS,True,27,251
ENSG00000112759.17,chr6,44230046,44230346,IR,False,164,185
ENSG00000112759.17,chr6,44219282,44219782,TSS,True,138,221
ENSG00000112759.17,chr6,44223542,44223641,TSS,True,173,221
ENSG00000112759.17,chr6,44223780,44227342,TSS,True,189,221
ENSG00000112531.16,chr6,163562069,163563443,3AS,False,94,128
ENSG00000112531.16,chr6,163563719,163566720,3AS,False,98,123
ENSG00000112531.16,chr6,163414377,163415335,TSS,True,18,144
ENSG00000112531.16,chr6,163570693,163573864,PAS,True,43,141
ENSG00000112531.16,chr6,163565945,163570145,PAS,True,113,138
ENSG00000112096.17,chr6,159693144,159693337,TSS,True,52,421
ENSG00000124570.19,chr6,2959342,2971247,5AS,False,32,103
ENSG00000124570.19,chr6,2959342,2971532,5AS,False,78,101
ENSG00000124570.19,chr6,2971116,2971342,TSS,True,168,233
ENSG00000124570.19,chr6,2971532,2972165,TSS,True,148,233
ENSG00000124570.19,chr6,2971247,2971528,TSS,True,196,233
ENSG00000204580.13,chr6,30884170,30884710,TSS,True,43,109
ENSG00000161904.11,chr6,33788380,33789165,TSS,True,16,118
ENSG00000118418.14,chr6,79201726,79202316,5AS,False,32,119
ENSG00000118418.14,chr6,79201242,79201726,PAS,True,21,141
ENSG00000118418.14,chr6,79201244,79202389,PAS,True,125,139
ENSG00000092820.17,chr6,158819316,158819418,TSS,True,168,426
ENSG00000092820.17,chr6,158818081,158818419,TSS,True,287,426
ENSG00000237441.9,chr6,33295759,33296027,IR,False,92,104
ENSG00000237441.9,chr6,33296027,33296467,TSS,True,97,110
ENSG00000237441.9,chr6,33298869,33299417,TSS,True,32,110
ENSG00000137312.14,chr6,30742526,30742825,TSS,True,66,365
ENSG00000206503.12,chr6,29942481,29942626,TSS,True,53,260
ENSG00000027697.14,chr6,137219242,137219427,TSS,False,34,215
ENSG00000027697.14,chr6,137218671,137219164,TSS,True,193,215
ENSG00000186439.12,chr6,123212908,123218740,PAS,False,114,135
ENSG00000186439.12,chr6,123501827,123503901,PAS,True,108,128
ENSG00000186439.12,chr6,123528293,123530565,PAS,True,84,128
ENSG00000186439.12,chr6,123349475,123352586,PAS,True,117,133
ENSG00000224389.9,chr6,32014729,32014910,TSS,True,67,110
ENSG00000224389.9,chr6,32015278,32015657,TSS,True,96,110
ENSG00000204592.8,chr6,30489472,30489595,TSS,False,80,233
ENSG00000137409.19,chr6,36970694,36972702,5AS,False,246,618
ENSG00000137409.19,chr6,36985852,36986447,TSS,True,74,686
ENSG00000112576.12,chr6,42048500,42048962,TSS,True,97,110
ENSG00000112576.12,chr6,41941451,41941880,TSS,False,13,106
ENSG00000112183.14,chr6,17284711,17291755,ES,False,66,105
ENSG00000112183.14,chr6,17284711,17291783,3AS,True,12,117
ENSG00000112183.14,chr6,17280520,17281749,TSS,True,45,158
ENSG00000112183.14,chr6,17291755,17293877,PAS,True,13,129
ENSG00000103512.14,chr16,14833688,14834016,TSS,True,32,202
ENSG00000067836.12,chr16,4802526,4802930,TSS,True,27,109
ENSG00000140939.14,chr16,67173923,67174046,TSS,True,38,137
ENSG00000140939.14,chr16,67174308,67174464,TSS,True,114,137
ENSG00000140983.13,chr16,668236,668357,3AS,False,14,137
ENSG00000140983.13,chr16,668699,669552,IR,False,111,124
ENSG00000140983.13,chr16,668699,670122,ES,False,25,133
ENSG00000140983.13,chr16,669606,670122,IR,False,108,123
ENSG00000140983.13,chr16,671000,671082,IR,False,82,153
ENSG00000140983.13,chr16,668079,668236,TSS,True,39,176
ENSG00000059122.16,chr16,2911831,2912154,TSS,True,12,100
ENSG00000103316.10,chr16,21278081,21278370,TSS,True,16,120
ENSG00000103316.10,chr16,21267553,21269749,TSS,True,107,119
ENSG00000166592.11,chr16,66925408,66925536,TSS,True,64,336
ENSG00000185739.13,chr16,4204634,4242006,ES,True,723,807
ENSG00000126602.10,chr16,3717420,3717597,TSS,True,20,196
ENSG00000134419.15,chr16,18790309,18790336,TSS,False,42,306
ENSG00000079616.12,chr16,29790709,29790829,TSS,True,108,122
ENSG00000079616.12,chr16,29804117,29805026,TSS,True,59,122
ENSG00000079616.12,chr16,29805150,29805174,TSS,True,80,122
ENSG00000069329.17,chr16,46689130,46689199,TSS,False,16,131
ENSG00000149925.18,chr16,30065720,30065927,TSS,True,872,4179
ENSG00000103495.13,chr16,29808741,29810076,ES,False,58,101
ENSG00000103495.13,chr16,29806339,29806893,TSS,True,55,111
ENSG00000103495.13,chr16,29806687,29808293,TSS,True,99,111
ENSG00000103495.13,chr16,29806546,29807828,TSS,False,88,111
ENSG00000141002.19,chr16,89907322,89910590,ES,False,79,102
ENSG00000141002.19,chr16,89873534,89873859,TSS,True,18,113
ENSG00000185164.14,chr16,18561875,18562171,TSS,True,34,265
ENSG00000103260.8,chr16,716992,717070,IR,False,115,170
ENSG00000103260.8,chr16,715108,715393,TSS,True,31,191
ENSG00000103260.8,chr16,717070,719652,PAS,True,55,170
ENSG00000103260.8,chr16,716932,717478,PAS,True,122,170
ENSG00000103502.13,chr16,29862720,29862814,IR,False,90,104
ENSG00000103502.13,chr16,29862814,29863199,TSS,True,16,116
ENSG00000103502.13,chr16,29862585,29863191,TSS,True,102,116
ENSG00000050820.16,chr16,75251470,75251719,TSS,True,136,169
ENSG00000050820.16,chr16,75265824,75266014,TSS,True,101,170
ENSG00000063854.12,chr16,1826711,1827158,TSS,False,55,154
ENSG00000063854.12,chr16,1819896,1821507,TSS,True,125,153
ENSG00000103415.11,chr16,4476487,4505483,ES,False,91,114
ENSG00000103423.13,chr16,4450497,4455545,ES,False,96,134
ENSG00000006007.11,chr16,19517185,19521703,3AS,False,16,109
ENSG00000197912.15,chr16,89507689,89508600,TSS,True,55,134
ENSG00000197912.15,chr16,89517047,89524247,TSS,True,118,134
ENSG00000197912.15,chr16,89526328,89526468,TSS,False,117,134
ENSG00000197912.15,chr16,89556886,89557768,PAS,True,18,132
ENSG00000197912.15,chr16,89536764,89537724,PAS,True,109,123
ENSG00000167969.12,chr16,2251429,2251514,IR,False,98,113
ENSG00000167969.12,chr16,2251514,2251642,TSS,True,24,122
ENSG00000167969.12,chr16,2251315,2251594,TSS,True,107,122
ENSG00000161999.11,chr16,683441,683529,IR,False,77,115
ENSG00000161999.11,chr16,684233,684412,TSS,True,27,124
ENSG00000103034.14,chr16,58464095,58464467,TSS,True,117,221
ENSG00000103034.14,chr16,58463373,58463797,TSS,True,140,221
ENSG00000184110.14,chr16,28711448,28711518,TSS,True,67,439
ENSG00000140988.15,chr16,1964448,1964826,TSS,True,833,1017
ENSG00000140988.15,chr16,1964806,1964828,TSS,True,281,1017
ENSG00000140859.15,chr16,57802369,57802710,TSS,True,39,208
ENSG00000167930.15,chr16,259599,259995,3AS,False,30,178
ENSG00000167930.15,chr16,234790,234857,TSS,True,50,209
ENSG00000103507.13,chr16,31112027,31112120,IR,False,71,108
ENSG00000103507.13,chr16,31112120,31112837,PAS,True,37,108
ENSG00000103507.13,chr16,31111868,31113359,PAS,True,71,108
ENSG00000007520.3,chr16,1351692,1351904,TSS,False,26,100
ENSG00000103363.14,chr16,2776992,2777242,TSS,True,191,245
ENSG00000103363.14,chr16,2777236,2777295,TSS,True,57,245
ENSG00000101608.12,chr18,3247784,3247909,TSS,True,63,237
ENSG00000101608.12,chr18,3252133,3252325,TSS,False,181,237
ENSG00000134440.11,chr18,57620648,57621707,3AS,False,40,124
ENSG00000176014.12,chr18,12308136,12308349,TSS,True,37,206
ENSG00000141448.8,chr18,22169431,22169682,TSS,False,65,181
ENSG00000141448.8,chr18,22171105,22172279,TSS,True,134,181
ENSG00000170558.8,chr18,28176962,28178071,TSS,False,32,217
ENSG00000049769.12,chrX,49281461,49281983,3AS,False,34,105
ENSG00000002586.19,chrX,2714454,2719660,ES,False,27,209
ENSG00000002586.19,chrX,2690987,2691427,TSS,True,44,255
ENSG00000130066.16,chrX,23783883,23785327,IR,True,116,144
ENSG00000130821.15,chrX,153687912,153688836,TSS,True,51,106
ENSG00000101955.14,chrX,38174351,38220695,ES,False,24,130
ENSG00000102241.11,chrX,136497206,136497439,TSS,True,58,113
ENSG00000102241.11,chrX,136497495,136497870,TSS,True,58,113
ENSG00000071889.16,chrX,154507861,154508288,3AS,False,80,107
ENSG00000071889.16,chrX,154515812,154515909,IR,False,46,109
ENSG00000071889.16,chrX,154515909,154516285,TSS,True,74,120
ENSG00000071889.16,chrX,154515759,154516267,TSS,True,57,120
ENSG00000196924.15,chrX,154350207,154350908,IR,False,99,135
ENSG00000196924.15,chrX,154351041,154351580,IR,False,89,133
ENSG00000196924.15,chrX,154353553,154354201,TSS,False,128,161
ENSG00000131828.13,chrX,19343890,19344094,TSS,True,100,591
ENSG00000101940.17,chrX,48598037,48598750,3AS,False,52,148
ENSG00000101940.17,chrX,48597474,48597614,TSS,False,85,184
ENSG00000101940.17,chrX,48597505,48598037,TSS,True,127,184
ENSG00000185825.16,chrX,153724333,153724437,TSS,False,23,162
ENSG00000130985.16,chrX,47194024,47198802,ES,False,86,107
ENSG00000130985.16,chrX,47193755,47194024,TSS,True,44,152
ENSG00000169100.13,chrX,1391898,1392911,TSS,True,90,419
ENSG00000102181.20,chrX,150795486,150831230,ES,False,28,113
ENSG00000102181.20,chrX,150898521,150898759,TSS,True,17,134
ENSG00000102316.16,chrX,54815690,54815880,IR,True,115,145
ENSG00000102316.16,chrX,54807596,54807802,TSS,True,34,150
ENSG00000102316.16,chrX,54808334,54808433,TSS,True,128,150
ENSG00000102316.16,chrX,54815880,54816059,PAS,False,31,150
ENSG00000102316.16,chrX,54815247,54817069,PAS,True,119,149
ENSG00000182492.15,chrX,153494831,153495113,TSS,True,26,151
ENSG00000125356.6,chrX,119871858,119872013,TSS,False,146,425
ENSG00000125356.6,chrX,119873300,119873393,TSS,True,281,425
ENSG00000167393.17,chrX,341396,341882,IR,False,237,271
ENSG00000167393.17,chrX,373531,374072,TSS,False,41,287
ENSG00000102178.12,chrX,154485979,154486227,IR,True,136,153
ENSG00000157514.16,chrX,107716689,107717062,TSS,True,27,116
ENSG00000166681.13,chrX,103377106,103377509,3AS,False,89,104
ENSG00000166681.13,chrX,103377462,103378077,PAS,True,90,106
ENSG00000166681.13,chrX,103377509,103378075,PAS,True,16,106
ENSG00000134871.18,chr13,110307021,110307528,TSS,True,57,111
ENSG00000183087.14,chr13,113863832,113864108,TSS,True,276,1052
ENSG00000189403.14,chr13,30465795,30465967,TSS,True,28,137
ENSG00000120694.19,chr13,31141259,31145562,ES,False,31,125
ENSG00000120694.19,chr13,31134875,31137524,PAS,True,16,127
ENSG00000102804.14,chr13,44436503,44436857,TSS,True,48,226
ENSG00000102804.14,chr13,44573162,44577306,TSS,True,191,226
ENSG00000153531.13,chr13,113453223,113454332,TSS,False,42,141
ENSG00000135218.18,chr7,80602154,80602379,TSS,True,35,236
ENSG00000135218.18,chr7,80673982,80674420,PAS,True,94,233
ENSG00000135218.18,chr7,80676383,80679276,PAS,False,150,233
ENSG00000136235.16,chr7,23260773,23266516,3AS,False,138,154
ENSG00000136235.16,chr7,23246731,23246927,TSS,True,19,187
ENSG00000136235.16,chr7,23274064,23275108,PAS,True,36,187
ENSG00000136235.16,chr7,23256891,23258043,PAS,True,151,171
ENSG00000146701.11,chr7,76048045,76048226,TSS,False,79,511
ENSG00000122566.21,chr7,26197732,26200571,ES,False,132,169
ENSG00000122566.21,chr7,26189657,26190460,PAS,False,162,186
ENSG00000122566.21,chr7,26190124,26192338,PAS,True,37,186
ENSG00000122550.17,chr7,23106146,23123776,ES,False,84,105
ENSG00000122550.17,chr7,23105733,23106146,TSS,True,24,130
ENSG00000122550.17,chr7,23105761,23106794,TSS,True,115,130
ENSG00000105974.11,chr7,116526388,116526524,IR,False,22,173
ENSG00000105974.11,chr7,116524979,116525092,TSS,True,300,342
ENSG00000105974.11,chr7,116525191,116525805,TSS,True,234,342
ENSG00000105974.11,chr7,116526328,116526689,TSS,True,192,342
ENSG00000164692.17,chr7,94394693,94395101,TSS,True,54,282
ENSG00000164889.13,chr7,151059561,151059762,TSS,True,36,151
ENSG00000164896.19,chr7,151077236,151077309,IR,False,153,173
ENSG00000164896.19,chr7,151077401,151077620,IR,False,157,177
ENSG00000164896.19,chr7,151079922,151080684,5AS,False,87,128
ENSG00000164896.19,chr7,151079922,151080684,IR,True,87,105
ENSG00000164896.19,chr7,151080684,151080883,TSS,True,85,182
ENSG00000164896.19,chr7,151079499,151080863,TSS,True,157,182
ENSG00000164896.19,chr7,151080436,151080839,TSS,False,142,182
ENSG00000128591.15,chr7,128852942,128853621,TSS,True,210,262
ENSG00000106211.8,chr7,76302672,76303076,TSS,False,296,1101
ENSG00000106211.8,chr7,76303813,76303865,TSS,True,833,1101
ENSG00000128609.14,chr7,123557774,123557826,TSS,False,42,353
ENSG00000128595.16,chr7,128748804,128758870,ME,False,49,321
ENSG00000177679.15,chr7,76283101,76285614,ES,False,12,115
ENSG00000177679.15,chr7,76283602,76285614,5AS,True,43,101
ENSG00000177679.15,chr7,76281564,76281802,TSS,True,31,126
ENSG00000177679.15,chr7,76282632,76282872,TSS,True,106,126
ENSG00000146535.13,chr7,2843852,2844342,TSS,False,28,191
ENSG00000241468.7,chr7,99460193,99466128,5AS,False,95,125
ENSG00000241468.7,chr7,99466110,99466167,TSS,True,115,145
ENSG00000241468.7,chr7,99466128,99466169,TSS,True,50,145
ENSG00000075624.14,chr7,5528719,5529160,ES,False,277,322
ENSG00000075624.14,chr7,5530523,5530604,TSS,True,41,357
ENSG00000164649.19,chr7,21908507,21916753,ES,False,32,117
ENSG00000164828.17,chr7,843520,849519,ES,False,14,100
ENSG00000164828.17,chr7,852667,852812,3AS,False,41,123
ENSG00000164828.17,chr7,815868,816673,TSS,True,48,148
ENSG00000197157.10,chr7,127652025,127652451,TSS,True,14,104
ENSG00000105953.14,chr7,44606547,44606653,TSS,True,100,158
ENSG00000105953.14,chr7,44693821,44694004,TSS,True,136,158
ENSG00000058404.19,chr7,44228924,44231005,ES,True,64,178
ENSG00000058404.19,chr7,44325356,44325759,TSS,True,38,214
ENSG00000062582.13,chr7,43869376,43869456,IR,False,96,116
ENSG00000062582.13,chr7,43869456,43869525,TSS,True,28,124
ENSG00000062582.13,chr7,43869307,43869517,TSS,True,104,124
ENSG00000240583.11,chr7,30911731,30912293,TSS,False,35,112
ENSG00000106682.14,chr7,74174162,74174442,TSS,True,29,286
ENSG00000106631.8,chr7,44139022,44139421,IR,True,107,175
ENSG00000106631.8,chr7,44139022,44139781,IR,True,131,198
ENSG00000106631.8,chr7,44139664,44139781,IR,False,85,160
ENSG00000106631.8,chr7,44140787,44140960,3AS,False,2890,3269
ENSG00000106631.8,chr7,44140978,44141302,IR,True,88,108
ENSG00000106631.8,chr7,44141302,44141574,TSS,False,490,3531
ENSG00000236609.3,chr7,6616186,6617189,3AS,True,36,104
ENSG00000106263.17,chr7,2355116,2355233,IR,False,26,140
ENSG00000106263.17,chr7,2379511,2380278,3AS,False,60,126
ENSG00000106263.17,chr7,2354092,2355420,TSS,True,36,147
ENSG00000106263.17,chr7,2354804,2355116,TSS,True,122,147
ENSG00000106263.17,chr7,2380203,2380748,PAS,True,80,147
ENSG00000106263.17,chr7,2380278,2380746,PAS,False,87,147
ENSG00000055118.14,chr7,150949392,150950420,PAS,True,38,251
ENSG00000055118.14,chr7,150944929,150945514,PAS,False,218,263
ENSG00000055118.14,chr7,150955395,150955840,TSS,True,212,266
ENSG00000055118.14,chr7,150977837,150978405,TSS,True,162,266
ENSG00000055118.14,chr7,150958058,150958484,TSS,True,229,266
ENSG00000122786.19,chr7,134779389,134779749,TSS,True,54,108
ENSG00000122786.19,chr7,134891369,134891673,TSS,True,66,105
ENSG00000122786.19,chr7,134968339,134970728,PAS,True,17,105
ENSG00000106628.10,chr7,44122109,44123510,3AS,True,77,104
ENSG00000106628.10,chr7,44123510,44123564,TSS,True,17,121
ENSG00000106052.13,chr7,27816394,27816889,5AS,False,141,218
ENSG00000082014.16,chr7,151277076,151277169,TSS,False,170,254
ENSG00000082014.16,chr7,151248484,151249400,TSS,True,117,253
ENSG00000214022.11,chr7,150368941,150371227,ES,False,92,118
ENSG00000214022.11,chr7,150368941,150371227,5AS,False,92,103
ENSG00000214022.11,chr7,150368941,150371227,IR,True,92,108
ENSG00000214022.11,chr7,150368941,150371230,3AS,True,24,149
ENSG00000214022.11,chr7,150368167,150368941,TSS,True,97,253
ENSG00000214022.11,chr7,150368797,150369013,TSS,True,224,253
ENSG00000214022.11,chr7,150371230,150374043,PAS,True,154,190
ENSG00000214022.11,chr7,150371227,150374043,PAS,True,60,190
ENSG00000214022.11,chr7,150369670,150374037,PAS,True,167,190
ENSG00000171867.16,chr20,4686512,4699215,3AS,False,110,286
ENSG00000171867.16,chr20,4699215,4701587,PAS,True,177,288
ENSG00000171867.16,chr20,4699210,4701589,PAS,True,111,288
ENSG00000149596.6,chr20,44186326,44187409,TSS,True,52,186
ENSG00000149596.6,chr20,44115664,44116159,TSS,True,157,179
ENSG00000118705.16,chr20,37236709,37241302,ES,False,71,176
ENSG00000132819.16,chr20,57391395,57391818,TSS,True,55,172
ENSG00000154930.14,chr20,25057768,25058390,TSS,True,21,141
ENSG00000101400.5,chr20,33443310,33443891,TSS,False,72,479
ENSG00000198959.11,chr20,38165188,38165430,TSS,True,869,1372
ENSG00000198959.11,chr20,38161419,38161601,TSS,True,1225,1372
ENSG00000198959.11,chr20,38155846,38156090,TSS,True,906,1372
ENSG00000171858.17,chr20,62387060,62387136,TSS,True,21,110
ENSG00000171858.17,chr20,62387107,62387388,TSS,True,97,110
ENSG00000100994.11,chr20,25248012,25248421,TSS,False,65,311
ENSG00000130706.12,chr20,62303045,62303567,5AS,True,11,101
ENSG00000130706.12,chr20,62302936,62303049,TSS,False,34,124
ENSG00000197586.12,chr20,25195867,25207075,ES,False,154,198
ENSG00000197586.12,chr20,25221333,25222837,IR,True,230,277
ENSG00000197586.12,chr20,25224157,25225204,3AS,False,253,302
ENSG00000197586.12,chr20,25195669,25195867,TSS,True,68,325
ENSG00000101161.7,chr20,63981097,63981316,TSS,False,26,136
ENSG00000064601.18,chr20,45890233,45891379,TSS,False,36,134
ENSG00000064601.18,chr20,45898044,45898109,TSS,True,114,134
ENSG00000125818.17,chr20,1166226,1167794,PAS,True,99,130
ENSG00000125818.17,chr20,1165028,1167316,PAS,True,31,128
ENSG00000125826.20,chr20,408028,408779,TSS,True,17,105
ENSG00000244274.7,chr20,45406313,45406732,TSS,True,96,210
ENSG00000244274.7,chr20,45406729,45408606,TSS,True,141,210
ENSG00000087460.24,chr20,58895684,58903527,ES,False,369,450
ENSG00000087460.24,chr20,58895684,58903530,ES,False,230,995
ENSG00000087460.24,chr20,58895684,58903530,3AS,False,230,680
ENSG00000101210.11,chr20,63499057,63499275,TSS,True,130,1083
ENSG00000132821.11,chr20,37931804,37943980,ES,False,21,114
ENSG00000132821.11,chr20,37903063,37903471,TSS,True,35,151
ENSG00000125827.8,chr20,8019437,8019829,TSS,True,18,146
ENSG00000101182.14,chr20,62139074,62139185,TSS,True,163,243
ENSG00000101182.14,chr20,62143207,62143457,TSS,True,83,243
ENSG00000101335.9,chr20,36541417,36541561,TSS,True,77,482
ENSG00000124155.17,chr20,45416099,45416343,TSS,True,16,110
ENSG00000125970.11,chr20,34073635,34075873,ES,False,56,160
ENSG00000125970.11,chr20,33993621,33994131,TSS,True,17,169
ENSG00000168734.13,chr20,44531766,44531978,TSS,True,109,166
ENSG00000168734.13,chr20,44582475,44582731,TSS,True,66,166
ENSG00000131069.19,chr20,34914437,34919434,ES,False,26,115
ENSG00000047849.21,chr3,47850688,47853039,PAS,True,78,102
ENSG00000047849.21,chr3,47850681,47852938,PAS,True,58,102
ENSG00000047849.21,chr3,47853162,47853298,TSS,True,119,158
ENSG00000047849.21,chr3,48088772,48089274,TSS,True,166,192
ENSG00000188846.13,chr3,40457295,40457363,TSS,False,149,187
ENSG00000188846.13,chr3,40457330,40457991,TSS,True,51,187
ENSG00000162244.11,chr3,51995856,51995952,TSS,False,36,168
ENSG00000162244.11,chr3,51995424,51995470,TSS,True,150,168
ENSG00000163520.13,chr3,13619831,13626444,ES,False,271,534
ENSG00000163520.13,chr3,13549060,13549208,TSS,True,154,558
ENSG00000163520.13,chr3,13570308,13571661,TSS,True,464,558
ENSG00000170275.14,chr3,33113963,33114548,TSS,True,17,105
ENSG00000163517.14,chr3,13480349,13481245,5AS,False,99,130
ENSG00000163517.14,chr3,13483564,13500712,ES,False,19,123
ENSG00000163517.14,chr3,13480134,13480349,TSS,False,71,172
ENSG00000163517.14,chr3,13480337,13480446,TSS,True,139,172
ENSG00000163517.14,chr3,13480477,13481394,TSS,True,142,172
ENSG00000081154.11,chr3,101574279,101585436,ES,False,17,100
ENSG00000233276.4,chr3,49358026,49358325,TSS,True,28,129
ENSG00000164062.12,chr3,49673964,49674413,TSS,True,18,103
ENSG00000172053.17,chr3,49104616,49104815,TSS,True,23,125
ENSG00000172053.17,chr3,49104323,49104757,TSS,True,112,125
ENSG00000132155.11,chr3,12663812,12664200,TSS,True,28,147
ENSG00000173175.14,chr3,123447411,123450089,TSS,False,101,297
ENSG00000160808.9,chr3,46858101,46858230,IR,False,114,143
ENSG00000160808.9,chr3,46855260,46858272,PAS,True,118,146
ENSG00000160808.9,chr3,46857860,46858101,PAS,False,32,146
ENSG00000144749.13,chr3,66500189,66501123,TSS,True,37,117
ENSG00000163703.17,chr3,9933852,9934419,5AS,False,38,112
ENSG00000163703.17,chr3,9933787,9933852,TSS,False,97,135
ENSG00000163703.17,chr3,9933769,9933920,TSS,True,60,135
ENSG00000114354.13,chr3,100736704,100744832,5AS,False,28,131
ENSG00000163430.11,chr3,120450746,120450896,IR,True,265,302
ENSG00000163430.11,chr3,120450896,120451339,TSS,True,47,313
ENSG00000163430.11,chr3,120450683,120450996,TSS,True,275,313
ENSG00000168268.10,chr3,52533505,52533816,TSS,True,24,214
ENSG00000177479.19,chr3,48918998,48924717,ES,False,11,102
ENSG00000177479.19,chr3,48922811,48927461,ES,False,36,117
ENSG00000177479.19,chr3,48918211,48918998,TSS,True,17,162
ENSG00000010256.10,chr3,48609551,48609668,TSS,True,152,1186
ENSG00000060971.17,chr3,38126341,38126509,IR,False,89,103
ENSG00000060971.17,chr3,38129388,38131925,ES,False,11,107
ENSG00000132153.14,chr3,47802641,47803212,TSS,True,125,173
ENSG00000132153.14,chr3,47824966,47825247,TSS,False,69,171
ENSG00000163513.17,chr3,30606977,30644746,ES,False,199,224
ENSG00000163513.17,chr3,30606488,30606977,TSS,True,41,265
ENSG00000012171.19,chr3,50275053,50275301,IR,False,89,101
ENSG00000012171.19,chr3,50264465,50267769,TSS,True,33,109
ENSG00000012171.19,chr3,50267653,50269349,TSS,True,97,109
ENSG00000172037.13,chr3,49132868,49132954,IR,True,31,264
ENSG00000172037.13,chr3,49132791,49133082,TSS,True,421,658
ENSG00000169714.16,chr3,129171277,129171445,3AS,False,283,358
ENSG00000169714.16,chr3,129171538,129171654,5AS,False,147,346
ENSG00000093167.17,chr3,37052625,37053961,PAS,True,21,113
ENSG00000093167.17,chr3,37176059,37176751,TSS,True,36,114
ENSG00000093167.17,chr3,37175817,37176361,TSS,True,88,114
ENSG00000158186.12,chr3,138348767,138372865,5AS,True,158,236
ENSG00000158186.12,chr3,138348318,138349032,TSS,True,213,303
ENSG00000158186.12,chr3,138348422,138348767,TSS,True,138,303
ENSG00000152642.10,chr3,32106511,32106758,TSS,False,27,238
ENSG00000156976.16,chr3,186783639,186784431,3AS,False,275,347
ENSG00000178252.17,chr3,49014116,49014209,IR,False,99,144
ENSG00000178252.17,chr3,49007308,49007531,TSS,True,38,148
ENSG00000178252.17,chr3,49011638,49014116,TSS,False,130,148
ENSG00000178053.17,chr3,158571347,158592433,5AS,False,93,219
ENSG00000178053.17,chr3,158571391,158592433,ES,False,105,126
ENSG00000178053.17,chr3,158592581,158596861,ES,False,97,226
ENSG00000178053.17,chr3,158571153,158571391,TSS,True,111,245
ENSG00000178053.17,chr3,158571160,158571347,TSS,True,140,245
ENSG00000058262.9,chr3,128052302,128052559,TSS,False,31,184
ENSG00000178057.14,chr3,49022768,49022877,3AS,True,26,206
ENSG00000174748.20,chr3,23917129,23917173,TSS,False,75,454
ENSG00000010282.14,chr3,42702578,42702828,TSS,True,168,479
ENSG00000010282.14,chr3,42693616,42696785,TSS,True,408,479
ENSG00000114738.10,chr3,50617226,50617513,5AS,False,250,389
ENSG00000114738.10,chr3,50617089,50617226,TSS,False,254,505
ENSG00000114738.10,chr3,50617078,50617241,TSS,True,365,505
ENSG00000114738.10,chr3,50617156,50617784,TSS,True,430,505
ENSG00000163833.7,chr3,121593366,121593502,TSS,False,56,178
