gene,chr,start,end,splice_type,novel,Right_ventricle_myocardium_inferior_ENCFF173JOL_in_cov,Right_ventricle_myocardium_inferior_ENCFF173JOL_total_cov
ENSG00000280071.3,chr21,5118847,5124755,ES,False,14,131
ENSG00000141959.16,chr21,44306754,44311005,ES,True,98,120
ENSG00000141959.16,chr21,44299728,44300190,TSS,True,23,144
ENSG00000182871.14,chr21,45405114,45405241,TSS,False,63,103
ENSG00000182871.14,chr21,45474779,45477965,TSS,True,91,103
ENSG00000183255.11,chr21,44873501,44873735,TSS,True,33,222
ENSG00000160221.17,chr21,44144820,44145712,PAS,True,14,120
ENSG00000142173.14,chr21,46097844,46098173,TSS,True,226,526
ENSG00000142173.14,chr21,46111980,46112577,TSS,False,443,525
ENSG00000142173.14,chr21,46131953,46132850,PAS,False,102,526
ENSG00000142173.14,chr21,46129195,46132849,PAS,True,426,501
ENSG00000187514.16,chr2,231708523,231708751,TSS,True,11,109
ENSG00000204843.12,chr2,74371728,74377431,ES,False,44,349
ENSG00000204843.12,chr2,74391793,74392075,TSS,False,100,410
ENSG00000124006.14,chr2,219561708,219562008,PAS,True,60,142
ENSG00000124006.14,chr2,219550718,219550842,PAS,True,153,178
ENSG00000124006.14,chr2,219550720,219551285,PAS,True,127,178
ENSG00000124006.14,chr2,219570220,219571824,TSS,True,88,178
ENSG00000124006.14,chr2,219567717,219567968,TSS,True,159,178
ENSG00000135926.14,chr2,218292465,218292597,TSS,True,51,121
ENSG00000114923.16,chr2,219628570,219629143,5AS,False,75,113
ENSG00000114923.16,chr2,219629421,219630152,ES,True,27,187
ENSG00000114923.16,chr2,219629695,219630152,3AS,False,167,190
ENSG00000114923.16,chr2,219627156,219627745,TSS,True,583,677
ENSG00000114923.16,chr2,219631039,219631455,TSS,False,348,675
ENSG00000115694.14,chr2,241508005,241508623,TSS,True,126,148
ENSG00000115694.14,chr2,241508442,241508635,TSS,True,56,148
ENSG00000115677.16,chr2,241315101,241315254,TSS,True,135,535
ENSG00000071082.10,chr2,101002260,101002315,TSS,True,46,212
ENSG00000071082.10,chr2,101002291,101002808,TSS,True,172,212
ENSG00000152082.13,chr2,130181696,130182452,TSS,True,33,281
ENSG00000169764.15,chr2,63840947,63841232,TSS,True,89,192
ENSG00000169764.15,chr2,63841330,63842204,TSS,True,110,192
ENSG00000243147.7,chr2,27772692,27779432,ES,False,141,200
ENSG00000243147.7,chr2,27771655,27771799,TSS,True,52,246
ENSG00000243147.7,chr2,27771720,27771803,TSS,True,219,246
ENSG00000114942.13,chr2,206159580,206159684,TSS,True,76,100
ENSG00000114942.13,chr2,206159602,206160059,TSS,True,25,100
ENSG00000063660.8,chr2,240435349,240436084,TSS,False,76,424
ENSG00000091436.16,chr2,173075526,173076002,TSS,True,94,214
ENSG00000091436.16,chr2,173090477,173090830,TSS,False,165,214
ENSG00000130414.11,chr2,240025226,240025394,TSS,True,36,341
ENSG00000155657.26,chr2,178807211,178807424,TSS,True,77,102
ENSG00000144381.16,chr2,197499781,197499958,TSS,True,14,135
ENSG00000138100.13,chr2,27282348,27282899,TSS,True,33,111
ENSG00000168542.14,chr2,188974188,188974568,TSS,True,24,136
ENSG00000123989.13,chr2,219541615,219542037,TSS,True,172,236
ENSG00000123989.13,chr2,219543224,219543902,TSS,True,90,236
ENSG00000173272.15,chr2,131492206,131492417,TSS,True,29,242
ENSG00000213639.9,chr2,28751515,28751820,TSS,False,209,243
ENSG00000213639.9,chr2,28751796,28752176,TSS,True,40,243
ENSG00000142327.12,chr2,240575610,240576567,3AS,False,25,236
ENSG00000142327.12,chr2,240568234,240569114,TSS,True,51,262
ENSG00000079308.18,chr2,217813304,217813684,3AS,False,34,281
ENSG00000079308.18,chr2,217817689,217818598,TSS,True,208,475
ENSG00000154518.9,chr2,175181655,175181711,TSS,False,64,621
ENSG00000115593.14,chr2,88067773,88068001,TSS,True,38,247
ENSG00000079785.14,chr2,15591824,15591949,TSS,True,11,106
ENSG00000072163.19,chr2,127675013,127675197,TSS,True,43,246
ENSG00000173692.12,chr2,231165199,231165289,PAS,True,89,103
ENSG00000173692.12,chr2,231172534,231172827,PAS,True,16,104
ENSG00000197756.9,chr2,216498814,216498877,TSS,True,28,267
ENSG00000008513.15,chr8,133571692,133572079,TSS,True,52,131
ENSG00000029534.20,chr8,41664804,41665289,TSS,True,16,119
ENSG00000133878.8,chr8,33599664,33600003,TSS,True,11,102
ENSG00000184489.11,chr8,141418018,141421387,5AS,True,107,128
ENSG00000184489.11,chr8,141421610,141422180,IR,False,32,225
ENSG00000184489.11,chr8,141422273,141425047,5AS,True,33,238
ENSG00000184489.11,chr8,141421386,141422345,TSS,True,319,385
ENSG00000184489.11,chr8,141422086,141425140,TSS,True,283,385
ENSG00000184489.11,chr8,141417829,141418018,TSS,True,273,385
ENSG00000078668.13,chr8,42395133,42398711,5AS,True,37,198
ENSG00000134020.7,chr8,22920183,22920280,TSS,True,115,167
ENSG00000134020.7,chr8,22927822,22928009,TSS,False,60,169
ENSG00000036448.9,chr8,2045035,2045168,TSS,True,200,745
ENSG00000036448.9,chr8,2085267,2085390,TSS,True,662,744
ENSG00000161016.17,chr8,144792365,144792428,TSS,False,412,767
ENSG00000164733.20,chr8,11853479,11868000,ES,False,634,715
ENSG00000185122.10,chr8,144291531,144291874,TSS,True,95,247
ENSG00000185122.10,chr8,144313823,144313911,TSS,True,196,244
ENSG00000179950.13,chr8,143818534,143821596,ES,False,49,116
ENSG00000179950.13,chr8,143821913,143829279,ES,False,13,118
ENSG00000179950.13,chr8,143824396,143829279,3AS,False,18,105
ENSG00000179950.13,chr8,143829279,143829376,TSS,True,16,134
ENSG00000178814.16,chr8,144060652,144061242,TSS,False,122,147
ENSG00000178814.16,chr8,144063303,144063474,TSS,True,110,147
ENSG00000147684.8,chr8,124539101,124539287,TSS,True,40,222
ENSG00000104529.17,chr8,143581328,143586728,ES,False,44,362
ENSG00000104529.17,chr8,143586849,143597347,3AS,False,33,277
ENSG00000104529.17,chr8,143597347,143598252,TSS,True,121,399
ENSG00000104529.17,chr8,143586728,143591599,TSS,True,325,399
ENSG00000164951.15,chr8,93916890,93917079,TSS,True,21,111
ENSG00000160948.13,chr8,144428488,144428582,TSS,True,23,103
ENSG00000137575.11,chr8,58572314,58575902,3AS,False,25,113
ENSG00000136574.17,chr8,11708928,11748918,3AS,False,83,125
ENSG00000136574.17,chr8,11703447,11704304,TSS,True,40,147
ENSG00000104635.13,chr8,22367230,22367408,TSS,True,26,259
ENSG00000213563.6,chr8,144526639,144526959,IR,False,21,101
ENSG00000213563.6,chr8,144526215,144526639,PAS,False,80,101
ENSG00000213563.6,chr8,144528760,144529116,TSS,True,17,101
ENSG00000171033.12,chr8,78516306,78516468,TSS,True,38,128
ENSG00000171033.12,chr8,78591226,78591283,TSS,False,98,126
ENSG00000067225.17,chr15,72200655,72206727,ME,False,915,1218
ENSG00000067225.17,chr15,72231115,72231260,TSS,False,131,1255
ENSG00000140374.15,chr15,76292700,76311349,ES,False,25,222
ENSG00000182253.14,chr15,99105076,99106009,TSS,True,61,137
ENSG00000182253.14,chr15,99129440,99131813,TSS,True,92,122
ENSG00000182253.14,chr15,99132749,99135593,PAS,True,18,109
ENSG00000182718.16,chr15,60386086,60397942,ES,False,135,152
ENSG00000166831.8,chr15,64775232,64775620,TSS,False,53,136
ENSG00000166831.8,chr15,64750342,64750464,TSS,True,118,136
ENSG00000103994.17,chr15,42490979,42491144,TSS,True,88,112
ENSG00000103994.17,chr15,42456957,42457532,TSS,True,87,109
ENSG00000128928.8,chr15,40405758,40405971,TSS,False,14,104
ENSG00000166411.13,chr15,78149300,78149430,TSS,True,20,191
ENSG00000159251.7,chr15,34795505,34795733,TSS,False,1158,6156
ENSG00000159251.7,chr15,34794679,34795489,TSS,True,5489,6156
ENSG00000128739.22,chr15,24954852,24955062,TSS,True,45,301
ENSG00000103966.10,chr15,41972258,41972597,TSS,True,34,121
ENSG00000166710.18,chr15,44711414,44711613,TSS,True,53,388
ENSG00000182768.8,chr15,90265876,90266287,IR,False,22,180
ENSG00000182768.8,chr15,90265669,90266398,TSS,True,35,193
ENSG00000182768.8,chr15,90265672,90265876,TSS,False,171,193
ENSG00000109390.11,chr4,139300601,139302521,TSS,True,181,203
ENSG00000109390.11,chr4,139295731,139295834,TSS,False,32,202
ENSG00000151726.13,chr4,184803546,184805526,5AS,True,138,173
ENSG00000151726.13,chr4,184825915,184826101,TSS,True,228,352
ENSG00000151726.13,chr4,184805526,184805712,TSS,False,214,352
ENSG00000064042.17,chr4,41685830,41689526,ES,False,26,139
ENSG00000064042.17,chr4,41687917,41689526,5AS,True,86,114
ENSG00000064042.17,chr4,41360561,41360936,TSS,True,92,158
ENSG00000064042.17,chr4,41538063,41538350,TSS,True,103,158
ENSG00000071127.16,chr4,10116650,10116986,TSS,True,25,247
ENSG00000109501.13,chr4,6270014,6277454,3AS,False,20,106
ENSG00000109501.13,chr4,6269831,6270014,TSS,True,61,168
ENSG00000109501.13,chr4,6277294,6277687,TSS,True,139,168
ENSG00000145349.16,chr4,113500511,113509637,ME,False,48,196
ENSG00000145349.16,chr4,113509672,113513327,3AS,False,30,217
ENSG00000129116.18,chr4,168894677,168898492,ES,False,66,340
ENSG00000129116.18,chr4,168831990,168832171,TSS,True,122,391
ENSG00000129116.18,chr4,168877717,168878394,TSS,True,311,391
ENSG00000109475.16,chr4,108620535,108620600,TSS,False,73,287
ENSG00000109475.16,chr4,108620576,108622024,TSS,True,248,287
ENSG00000163110.14,chr4,94451851,94451995,TSS,True,69,485
ENSG00000163110.14,chr4,94663977,94668223,PAS,True,351,470
ENSG00000163110.14,chr4,94586988,94588564,PAS,True,133,466
ENSG00000170801.9,chr4,8269723,8270353,TSS,True,39,324
ENSG00000170801.9,chr4,8305970,8307102,PAS,False,33,300
ENSG00000109332.19,chr4,102797460,102799406,ES,False,91,123
ENSG00000109332.19,chr4,102827426,102827835,TSS,True,62,126
ENSG00000109332.19,chr4,102826484,102827192,TSS,True,93,126
ENSG00000151729.10,chr4,185145899,185146554,IR,True,43,100
ENSG00000205678.7,chr4,64275197,64277051,PAS,False,168,192
ENSG00000205678.7,chr4,64277688,64280199,PAS,True,27,181
ENSG00000132463.13,chr4,70839470,70839959,TSS,False,24,138
ENSG00000159692.15,chr4,1212423,1212912,3AS,False,153,221
ENSG00000159692.15,chr4,1238337,1248915,ES,False,27,185
ENSG00000159692.15,chr4,1211432,1212426,PAS,True,153,221
ENSG00000159692.15,chr4,1211429,1212423,PAS,True,68,221
ENSG00000159692.15,chr4,1248915,1249467,TSS,True,41,227
ENSG00000154556.18,chr4,185589678,185589785,TSS,True,133,156
ENSG00000154556.18,chr4,185811663,185812516,TSS,True,100,164
ENSG00000173801.16,chr17,41755432,41755729,IR,False,117,177
ENSG00000173801.16,chr17,41754603,41755432,PAS,False,60,178
ENSG00000173801.16,chr17,41754606,41755895,PAS,True,118,178
ENSG00000173801.16,chr17,41786587,41786737,TSS,True,108,186
ENSG00000173801.16,chr17,41769417,41769683,TSS,True,121,186
ENSG00000169718.17,chr17,82058408,82058780,3AS,False,15,105
ENSG00000169718.17,chr17,82058416,82058780,IR,False,89,106
ENSG00000262814.7,chr17,81703366,81703575,TSS,False,19,135
ENSG00000182473.21,chr17,76103632,76103791,TSS,True,62,122
ENSG00000173991.5,chr17,39665345,39665469,TSS,True,737,2507
ENSG00000157637.12,chr17,81247061,81251492,ES,False,45,118
ENSG00000157637.12,chr17,81244811,81246673,PAS,True,14,135
ENSG00000157637.12,chr17,81294822,81295503,TSS,True,27,144
ENSG00000175662.17,chr17,17857768,17857815,TSS,True,141,158
ENSG00000167085.11,chr17,49414834,49414901,TSS,False,21,137
ENSG00000129250.11,chr17,4997673,4998156,TSS,True,264,1141
ENSG00000109107.13,chr17,28576800,28576922,TSS,True,18,113
ENSG00000030582.17,chr17,44345096,44345334,TSS,True,69,236
ENSG00000030582.17,chr17,44349658,44349751,TSS,True,201,236
ENSG00000108946.14,chr17,68511720,68512142,TSS,True,291,391
ENSG00000108946.14,chr17,68512399,68512548,TSS,True,153,391
ENSG00000108861.8,chr17,43778799,43779000,TSS,True,23,211
ENSG00000108515.17,chr17,4951182,4951827,5AS,False,340,412
ENSG00000108515.17,chr17,4949590,4951224,TSS,True,385,456
ENSG00000108515.17,chr17,4949563,4951182,TSS,True,116,456
ENSG00000108679.12,chr17,78979823,78979962,TSS,True,83,537
ENSG00000132386.10,chr17,1761892,1762113,TSS,False,23,109
ENSG00000132386.10,chr17,1769750,1770050,TSS,True,97,109
ENSG00000173918.14,chr17,79024068,79024494,TSS,True,77,150
ENSG00000173918.14,chr17,79022756,79023088,TSS,True,114,150
ENSG00000159199.13,chr17,48892759,48892840,TSS,False,173,292
ENSG00000159199.13,chr17,48892835,48892910,TSS,False,148,292
ENSG00000082641.15,chr17,48048248,48048462,TSS,True,133,158
ENSG00000082641.15,chr17,48048761,48048864,TSS,True,118,158
ENSG00000182534.13,chr17,76680879,76685071,ES,False,386,489
ENSG00000182534.13,chr17,76679568,76680879,PAS,True,56,546
ENSG00000182534.13,chr17,76675416,76677702,PAS,False,498,554
ENSG00000161714.11,chr17,45132247,45132560,TSS,True,49,215
ENSG00000167705.11,chr17,1646619,1647834,ES,False,17,126
ENSG00000167705.11,chr17,1649576,1649882,TSS,False,19,127
ENSG00000167705.11,chr17,1648798,1648927,TSS,False,111,127
ENSG00000133030.20,chr17,17142765,17146035,ES,False,71,113
ENSG00000133030.20,chr17,17174075,17176425,ES,False,28,168
ENSG00000133030.20,chr17,17042427,17042971,TSS,True,101,179
ENSG00000133030.20,chr17,17158428,17159002,TSS,True,148,176
ENSG00000129245.11,chr17,7614451,7614927,TSS,True,23,156
ENSG00000072778.19,chr17,7219853,7220046,TSS,True,540,1978
ENSG00000179604.9,chr17,73311892,73312008,TSS,True,30,101
ENSG00000108840.15,chr17,44123503,44124047,TSS,True,95,151
ENSG00000108840.15,chr17,44110728,44111295,TSS,True,112,151
ENSG00000177469.12,chr17,42422626,42423258,TSS,False,171,314
ENSG00000197879.16,chr17,1491599,1491883,TSS,True,123,176
ENSG00000197879.16,chr17,1485693,1486131,TSS,True,125,176
ENSG00000136436.14,chr17,48830960,48831078,TSS,True,20,191
ENSG00000006744.18,chr17,13017702,13018044,TSS,True,14,129
ENSG00000177731.15,chr17,18251813,18251998,3AS,False,171,324
ENSG00000177731.15,chr17,18258627,18258774,TSS,True,66,352
ENSG00000142507.9,chr17,4796133,4796296,TSS,True,90,239
ENSG00000132471.11,chr17,75849603,75849740,TSS,True,101,121
ENSG00000132471.11,chr17,75855238,75855369,TSS,True,62,121
ENSG00000108823.15,chr17,50165995,50166077,TSS,True,15,100
ENSG00000172809.12,chr17,74203710,74203917,5AS,False,34,158
ENSG00000172809.12,chr17,74203674,74203710,TSS,False,128,162
ENSG00000172809.12,chr17,74203671,74203745,TSS,True,38,162
ENSG00000131469.14,chr17,42998395,42998471,TSS,False,56,195
ENSG00000131469.14,chr17,42998448,42998831,TSS,False,167,195
ENSG00000131469.14,chr17,43002754,43002783,TSS,True,168,195
ENSG00000141161.11,chr17,35147910,35148263,3AS,False,273,368
ENSG00000141161.11,chr17,35147800,35147910,TSS,True,53,421
ENSG00000108953.16,chr17,1345499,1354210,ES,False,148,231
ENSG00000108528.13,chr17,4939815,4940068,TSS,True,49,254
ENSG00000126581.12,chr17,42823879,42824154,5AS,False,72,110
ENSG00000126581.12,chr17,42824132,42824301,TSS,True,75,113
ENSG00000126581.12,chr17,42824154,42824315,TSS,True,41,113
ENSG00000171298.12,chr17,80101141,80101625,TSS,True,33,111
ENSG00000141552.17,chr17,81891657,81891833,TSS,True,66,110
ENSG00000141552.17,chr17,81891731,81891841,TSS,True,49,110
ENSG00000109099.14,chr17,15262428,15262555,TSS,True,83,161
ENSG00000109099.14,chr17,15265153,15265326,TSS,True,86,161
ENSG00000006282.20,chr17,50547285,50547719,3AS,False,60,121
ENSG00000006282.20,chr17,50547285,50548282,ES,False,19,140
ENSG00000121057.12,chr17,57085170,57085398,TSS,False,68,349
ENSG00000121057.12,chr17,57105439,57107178,TSS,True,311,348
ENSG00000132507.17,chr17,7307460,7307752,TSS,True,19,147
ENSG00000169727.12,chr17,82054049,82054509,3AS,False,87,105
ENSG00000169727.12,chr17,82054975,82055164,3AS,False,17,107
ENSG00000169727.12,chr17,82051518,82051964,TSS,False,12,109
ENSG00000163597.14,chr17,76557857,76561287,ES,False,79,116
ENSG00000128309.16,chr22,37024810,37029215,ES,False,122,147
ENSG00000128309.16,chr22,37019747,37019872,TSS,True,34,156
ENSG00000100412.15,chr22,41468798,41469182,TSS,False,90,638
ENSG00000254413.8,chr22,50568839,50569081,PAS,True,40,218
ENSG00000254413.8,chr22,50568860,50569421,PAS,True,179,218
ENSG00000100234.11,chr22,32801684,32802122,TSS,False,48,221
ENSG00000100422.13,chr22,46738006,46738284,TSS,True,13,105
ENSG00000198911.11,chr22,41832415,41833358,TSS,True,30,114
ENSG00000184076.13,chr22,29767378,29767548,TSS,False,40,397
ENSG00000184702.19,chr22,19718196,19718818,TSS,True,59,262
ENSG00000138867.16,chr22,24554948,24555187,TSS,True,52,207
ENSG00000100243.20,chr22,42649294,42649417,TSS,False,53,483
ENSG00000242259.8,chr22,19440885,19444390,PAS,True,19,106
ENSG00000242259.8,chr22,19440885,19441694,PAS,True,96,115
ENSG00000198125.12,chr22,35617162,35617328,TSS,True,1264,2697
ENSG00000198125.12,chr22,35617361,35617533,TSS,False,2268,2697
ENSG00000069998.12,chr22,17159125,17159298,TSS,False,24,116
ENSG00000069998.12,chr22,17158456,17159296,TSS,True,96,116
ENSG00000100242.15,chr22,38752665,38755762,ES,False,151,197
ENSG00000100242.15,chr22,38755762,38756048,TSS,True,74,271
ENSG00000250479.8,chr22,23767833,23767970,TSS,True,32,268
ENSG00000100170.9,chr22,32059036,32059344,TSS,False,16,159
ENSG00000198355.4,chr22,49961032,49961124,IR,False,175,212
ENSG00000198355.4,chr22,49960472,49961032,TSS,False,51,226
ENSG00000198355.4,chr22,49960492,49961234,TSS,True,196,226
ENSG00000205560.12,chr22,50567563,50569081,PAS,True,65,319
ENSG00000205560.12,chr22,50568860,50569421,PAS,True,256,317
ENSG00000205560.12,chr22,50578385,50578577,TSS,True,76,320
ENSG00000100138.14,chr22,41688793,41688884,TSS,True,57,106
ENSG00000100138.14,chr22,41682355,41682453,TSS,True,54,106
ENSG00000100300.17,chr22,43151524,43151604,TSS,True,27,127
ENSG00000100300.17,chr22,43161057,43161190,TSS,True,107,125
ENSG00000099977.14,chr22,23974306,23974491,TSS,True,103,147
ENSG00000100348.9,chr22,36481563,36482025,TSS,True,34,146
ENSG00000100348.9,chr22,36480574,36480835,TSS,True,119,146
ENSG00000183963.18,chr22,31095609,31097268,ES,False,201,249
ENSG00000183963.18,chr22,31080948,31081456,TSS,True,240,281
ENSG00000183963.18,chr22,31095536,31095609,TSS,False,236,281
ENSG00000183963.18,chr22,31093272,31093876,TSS,True,117,281
ENSG00000172346.14,chr22,41560757,41561183,TSS,False,125,420
ENSG00000100106.20,chr22,37773782,37776523,PAS,True,24,201
ENSG00000100284.20,chr22,35346969,35347054,5AS,False,98,120
ENSG00000077942.18,chr22,45562911,45563362,PAS,True,97,166
ENSG00000077942.18,chr22,45600306,45602846,PAS,False,69,166
ENSG00000100359.20,chr22,40370560,40370688,TSS,True,11,104
ENSG00000107223.12,chr9,136862117,136862345,PAS,False,24,168
ENSG00000107223.12,chr9,136866180,136866312,TSS,True,51,168
ENSG00000107223.12,chr9,136863287,136863449,TSS,True,141,168
ENSG00000137076.20,chr9,35708340,35708487,TSS,True,78,109
ENSG00000137076.20,chr9,35707071,35707255,TSS,True,63,109
ENSG00000148180.19,chr9,121300005,121301923,3AS,True,111,124
ENSG00000148180.19,chr9,121299800,121300005,TSS,False,633,3651
ENSG00000107281.9,chr9,137045877,137046229,TSS,True,39,113
ENSG00000107281.9,chr9,137042926,137046685,TSS,True,82,113
ENSG00000137038.7,chr9,7799460,7799787,TSS,True,15,100
ENSG00000119487.16,chr9,125484583,125543058,ES,False,17,105
ENSG00000148303.16,chr9,133348206,133348246,TSS,False,45,216
ENSG00000148303.16,chr9,133348240,133349042,TSS,True,184,216
ENSG00000159069.13,chr9,136941684,136942099,5AS,False,70,437
ENSG00000159069.13,chr9,136944593,136944762,TSS,True,77,465
ENSG00000148120.16,chr9,95080780,95086681,ES,False,83,127
ENSG00000148120.16,chr9,95004931,95005065,TSS,True,28,141
ENSG00000188229.5,chr9,137241286,137241417,TSS,True,226,542
ENSG00000106991.13,chr9,127854288,127854749,TSS,True,53,307
ENSG00000165280.15,chr9,35072336,35072782,TSS,True,64,634
ENSG00000148356.13,chr9,127451669,127451928,IR,False,91,127
ENSG00000148356.13,chr9,127451475,127451669,TSS,True,50,142
ENSG00000148356.13,chr9,127451467,127452084,TSS,True,106,142
ENSG00000165283.15,chr9,35103049,35103184,TSS,True,15,129
ENSG00000176978.13,chr9,137112230,137112744,IR,True,136,155
ENSG00000176978.13,chr9,137114576,137114646,IR,False,127,147
ENSG00000176978.13,chr9,137114646,137114909,TSS,True,37,164
ENSG00000176978.13,chr9,137114462,137115159,TSS,True,145,164
ENSG00000136842.13,chr9,97501645,97501803,TSS,False,50,247
ENSG00000136842.13,chr9,97564037,97564168,TSS,True,216,247
ENSG00000198467.14,chr9,35684550,35685268,ME,False,118,339
ENSG00000198467.14,chr9,35684550,35685063,ES,True,118,143
ENSG00000198467.14,chr9,35684807,35685268,ES,True,222,247
ENSG00000198467.14,chr9,35681992,35682163,PAS,True,346,410
ENSG00000198467.14,chr9,35681992,35683241,PAS,True,63,385
ENSG00000198467.14,chr9,35689703,35691118,TSS,True,42,410
ENSG00000107104.18,chr9,730194,731157,5AS,True,18,153
ENSG00000107104.18,chr9,731266,734747,ES,True,39,148
ENSG00000107104.18,chr9,504037,504754,TSS,True,142,170
ENSG00000107104.18,chr9,710797,713464,TSS,True,148,166
ENSG00000107104.18,chr9,593985,594080,TSS,True,120,166
ENSG00000107104.18,chr9,693679,693786,TSS,True,125,166
ENSG00000107104.18,chr9,745172,746105,PAS,True,23,169
ENSG00000054148.17,chr9,136850137,136850754,ES,False,174,197
ENSG00000054148.17,chr9,136848968,136849590,TSS,True,87,215
ENSG00000054148.17,chr9,136847904,136848283,TSS,True,184,215
ENSG00000054148.17,chr9,136849755,136850137,TSS,True,167,215
ENSG00000095321.16,chr9,129110482,129110797,TSS,True,28,127
ENSG00000160539.5,chr9,131289699,131290448,TSS,True,14,108
ENSG00000119383.19,chr9,129111320,129111631,TSS,True,81,110
ENSG00000119383.19,chr9,129139361,129139649,TSS,False,95,110
ENSG00000119383.19,chr9,129140074,129140151,TSS,True,70,110
ENSG00000139112.10,chr12,10212840,10213219,TSS,True,25,171
ENSG00000092841.18,chr12,56158711,56159586,IR,False,121,146
ENSG00000092841.18,chr12,56160320,56160625,IR,False,90,136
ENSG00000092841.18,chr12,56160320,56161386,ES,False,54,142
ENSG00000092841.18,chr12,56160670,56161386,IR,True,90,136
ENSG00000092841.18,chr12,56158337,56158404,TSS,True,170,328
ENSG00000092841.18,chr12,56161386,56161581,PAS,True,48,193
ENSG00000092841.18,chr12,56160242,56161580,PAS,True,148,191
ENSG00000060138.12,chr12,10704148,10713210,ES,False,360,726
ENSG00000167552.13,chr12,49188976,49189080,TSS,True,26,183
ENSG00000057294.14,chr12,32896508,32896832,TSS,True,94,359
ENSG00000057294.14,chr12,32821355,32821902,TSS,True,303,349
ENSG00000063046.17,chr12,53006278,53006496,TSS,True,32,278
ENSG00000011465.16,chr12,91179361,91179559,TSS,True,97,401
ENSG00000011465.16,chr12,91182654,91182916,TSS,True,330,401
ENSG00000089009.15,chr12,112409586,112409634,TSS,True,40,209
ENSG00000089009.15,chr12,112408419,112409605,TSS,True,171,209
ENSG00000174099.11,chr12,65278494,65278865,TSS,True,23,219
ENSG00000089157.15,chr12,120200831,120201082,3AS,False,433,484
ENSG00000089157.15,chr12,120201082,120201113,TSS,True,101,585
ENSG00000182196.13,chr12,122980745,122981128,5AS,False,62,115
ENSG00000182196.13,chr12,122981809,122982030,IR,False,16,129
ENSG00000182196.13,chr12,122980468,122980745,TSS,True,83,145
ENSG00000182196.13,chr12,122980680,122980812,TSS,True,96,145
ENSG00000135390.18,chr12,53676052,53676736,TSS,True,51,262
ENSG00000135390.18,chr12,53672575,53674181,TSS,True,231,262
ENSG00000196531.10,chr12,56725262,56725531,TSS,True,29,128
ENSG00000196531.10,chr12,56715870,56716546,TSS,True,109,128
ENSG00000135506.15,chr12,57715970,57716091,3AS,False,89,121
ENSG00000135506.15,chr12,57719182,57720405,ES,False,67,130
ENSG00000062485.18,chr12,56300159,56300392,TSS,True,66,469
ENSG00000173598.13,chr12,93395533,93398770,3AS,False,642,979
ENSG00000152556.16,chr12,48122677,48122766,IR,False,47,156
ENSG00000152556.16,chr12,48119237,48119406,TSS,True,236,425
ENSG00000152556.16,chr12,48122637,48122859,TSS,True,314,425
ENSG00000152556.16,chr12,48122606,48122677,TSS,True,378,425
ENSG00000135424.16,chr12,55712062,55712257,TSS,True,294,338
ENSG00000135424.16,chr12,55697215,55697441,TSS,True,304,338
ENSG00000135424.16,chr12,55707476,55707911,TSS,True,296,338
ENSG00000175899.14,chr12,9115763,9116193,TSS,True,89,474
ENSG00000150991.14,chr12,124914586,124914848,TSS,False,132,1038
ENSG00000111678.10,chr12,6944005,6944173,TSS,True,58,102
ENSG00000111678.10,chr12,6945770,6946002,PAS,True,53,102
ENSG00000123416.15,chr12,49131297,49131398,TSS,False,38,256
ENSG00000188026.12,chr12,123472682,123484179,ME,True,150,174
ENSG00000188026.12,chr12,123472682,123484179,ME,True,150,174
ENSG00000188026.12,chr12,123472682,123484179,ES,False,36,211
ENSG00000159403.16,chr12,7092386,7092570,TSS,True,39,130
ENSG00000159403.16,chr12,7091451,7092447,TSS,True,111,130
ENSG00000166598.14,chr12,103930362,103930564,TSS,True,24,229
ENSG00000135404.11,chr12,55728952,55729106,TSS,False,22,150
ENSG00000111666.10,chr12,101726404,101728900,5AS,True,149,184
ENSG00000086598.10,chr12,123586939,123590341,ES,True,40,123
ENSG00000174437.16,chr12,110281203,110281918,TSS,True,263,383
ENSG00000175203.15,chr12,57535845,57546027,5AS,True,98,120
ENSG00000175203.15,chr12,57547027,57547280,TSS,True,20,140
ENSG00000135486.17,chr12,54282874,54283811,ES,False,178,268
ENSG00000182326.14,chr12,7060877,7061838,3AS,False,24,109
ENSG00000182326.14,chr12,7060675,7060877,TSS,True,13,122
ENSG00000109846.7,chr11,111911523,111911816,TSS,True,95,831
ENSG00000110717.12,chr11,68030605,68030733,TSS,True,65,257
ENSG00000014216.15,chr11,65181270,65182013,TSS,True,55,175
ENSG00000129170.9,chr11,19201953,19201989,TSS,True,290,925
ENSG00000129170.9,chr11,19188135,19188295,TSS,True,648,925
ENSG00000214530.9,chr11,72781663,72781915,TSS,True,21,118
ENSG00000214530.9,chr11,72757766,72757812,TSS,True,101,118
ENSG00000213619.9,chr11,47579018,47579158,TSS,True,13,104
ENSG00000165915.13,chr11,47408441,47408662,TSS,True,22,146
ENSG00000134571.10,chr11,47347479,47347856,IR,True,65,102
ENSG00000134571.10,chr11,47352622,47352764,TSS,False,1459,3887
ENSG00000085063.15,chr11,33736381,33736477,TSS,True,49,136
ENSG00000172638.12,chr11,65866299,65867079,PAS,True,25,103
ENSG00000172638.12,chr11,65866305,65866712,PAS,True,79,104
ENSG00000172638.12,chr11,65872682,65873622,TSS,True,30,104
ENSG00000172638.12,chr11,65872243,65873595,TSS,True,92,104
ENSG00000167792.12,chr11,67606833,67607076,TSS,True,177,687
ENSG00000167792.12,chr11,67606938,67609635,TSS,True,596,687
ENSG00000084234.17,chr11,130122513,130126699,ES,False,38,152
ENSG00000084234.17,chr11,130069835,130070082,TSS,True,25,170
ENSG00000165912.15,chr11,47186348,47187001,TSS,True,66,153
ENSG00000165912.15,chr11,47183003,47186435,TSS,True,117,153
ENSG00000174080.10,chr11,66568273,66568610,TSS,False,15,139
ENSG00000117984.13,chr11,1763791,1763988,TSS,True,210,902
ENSG00000166333.13,chr11,6603822,6604225,3AS,False,208,279
ENSG00000134333.13,chr11,18394559,18394636,TSS,False,23,183
ENSG00000084207.16,chr11,67583513,67583844,TSS,True,36,207
ENSG00000084207.16,chr11,67583815,67584169,TSS,False,183,207
ENSG00000167986.13,chr11,61332907,61333791,TSS,True,18,138
ENSG00000149823.8,chr11,65096140,65096478,TSS,False,16,152
ENSG00000110651.11,chr11,2377308,2377615,TSS,False,31,207
ENSG00000023191.16,chr11,502181,507112,3AS,False,105,221
ENSG00000023191.16,chr11,502249,507112,ES,False,100,116
ENSG00000023191.16,chr11,507112,507279,TSS,True,156,380
ENSG00000023191.16,chr11,504823,506849,TSS,True,321,379
ENSG00000023191.16,chr11,504426,504709,TSS,False,332,379
ENSG00000078902.15,chr11,1309465,1309673,TSS,True,24,107
ENSG00000205531.12,chr11,2945646,2951258,ES,False,127,169
ENSG00000205531.12,chr11,2979237,2992253,ES,False,106,123
ENSG00000205531.12,chr11,2992253,2992431,TSS,True,59,182
ENSG00000205531.12,chr11,2991793,2992260,TSS,False,147,182
ENSG00000177697.18,chr11,833022,834529,5AS,False,19,173
ENSG00000177697.18,chr11,833026,836062,ES,False,82,236
ENSG00000177697.18,chr11,832731,833026,TSS,True,86,323
ENSG00000177697.18,chr11,832949,833022,TSS,True,281,323
ENSG00000221968.8,chr11,61876455,61876865,IR,False,102,139
ENSG00000221968.8,chr11,61876963,61877510,5AS,True,112,129
ENSG00000050165.17,chr11,12009171,12009385,TSS,False,501,1089
ENSG00000050165.17,chr11,12008369,12008649,TSS,True,739,1089
ENSG00000110321.16,chr11,10808704,10808980,TSS,True,60,262
ENSG00000166441.12,chr11,8682731,8682816,TSS,False,64,187
ENSG00000166441.12,chr11,8684827,8684892,TSS,True,136,187
ENSG00000118181.10,chr11,119018281,119018345,TSS,True,160,412
ENSG00000118181.10,chr11,119017361,119018342,TSS,True,254,412
ENSG00000177666.16,chr11,819537,819905,TSS,True,48,286
ENSG00000166313.18,chr11,6418984,6419177,TSS,True,33,188
ENSG00000166313.18,chr11,6419345,6419564,TSS,False,164,188
ENSG00000172531.14,chr11,67401727,67401888,TSS,True,22,107
ENSG00000173511.9,chr11,64237222,64237520,3AS,False,182,296
ENSG00000149809.14,chr11,65111854,65112067,TSS,True,23,105
ENSG00000149809.14,chr11,65111861,65111981,TSS,False,90,105
ENSG00000115286.19,chr19,1393330,1394417,IR,False,42,109
ENSG00000115286.19,chr19,1393330,1395390,3AS,False,325,368
ENSG00000115286.19,chr19,1393330,1395390,IR,False,325,392
ENSG00000115286.19,chr19,1383866,1383942,TSS,True,102,459
ENSG00000115286.19,chr19,1388832,1388938,TSS,True,412,459
ENSG00000115286.19,chr19,1395390,1395589,PAS,True,111,436
ENSG00000115286.19,chr19,1393241,1395589,PAS,True,367,434
ENSG00000182087.13,chr19,1011195,1011366,IR,False,129,149
ENSG00000182087.13,chr19,1011612,1011740,3AS,False,28,149
ENSG00000182087.13,chr19,1012188,1012462,IR,False,114,150
ENSG00000182087.13,chr19,1020771,1021251,TSS,True,35,176
ENSG00000161281.10,chr19,36152392,36152489,TSS,True,213,1445
ENSG00000266964.5,chr19,35138361,35138894,TSS,True,87,112
ENSG00000266964.5,chr19,35139612,35139767,TSS,True,61,112
ENSG00000266964.5,chr19,35142479,35142521,TSS,True,91,112
ENSG00000063177.12,chr19,48619140,48619191,TSS,True,14,104
ENSG00000063177.12,chr19,48616078,48616158,TSS,True,93,104
ENSG00000170906.15,chr19,54102804,54102888,TSS,False,27,265
ENSG00000186994.11,chr19,8322581,8322922,PAS,False,20,177
ENSG00000186994.11,chr19,8334499,8335882,TSS,False,158,177
ENSG00000186994.11,chr19,8343224,8343268,TSS,False,37,177
ENSG00000104964.14,chr19,3062173,3062531,TSS,True,156,360
ENSG00000105223.19,chr19,40348542,40348768,TSS,True,39,107
ENSG00000105223.19,chr19,40364079,40365930,TSS,False,93,107
ENSG00000179262.9,chr19,12949159,12949277,3AS,False,105,171
ENSG00000179262.9,chr19,12945837,12946020,TSS,True,25,176
ENSG00000104879.4,chr19,45322820,45322876,TSS,False,1102,9935
ENSG00000160633.12,chr19,5657347,5661520,3AS,False,65,114
ENSG00000160633.12,chr19,5667164,5667352,3AS,False,17,115
ENSG00000099622.13,chr19,1269327,1269410,TSS,True,22,105
ENSG00000105220.15,chr19,34365009,34365388,TSS,True,73,707
ENSG00000099804.8,chr19,531703,532108,TSS,True,30,141
ENSG00000099804.8,chr19,536240,536340,TSS,True,120,141
ENSG00000125730.16,chr19,6720515,6720661,TSS,True,113,200
ENSG00000130255.12,chr19,5690266,5690327,TSS,False,24,186
ENSG00000178980.14,chr19,47778284,47778814,TSS,True,283,621
ENSG00000130726.11,chr19,58544064,58545097,TSS,True,15,113
ENSG00000126247.10,chr19,36140035,36140157,TSS,False,38,136
ENSG00000126247.10,chr19,36140093,36141220,TSS,True,114,136
ENSG00000170889.13,chr19,54200830,54200888,TSS,True,102,305
ENSG00000170889.13,chr19,54201157,54201281,TSS,True,248,305
ENSG00000105701.15,chr19,18538433,18539370,3AS,False,101,231
ENSG00000063245.14,chr19,55688994,55689866,ES,False,44,210
ENSG00000063245.14,chr19,55692796,55692953,3AS,False,90,229
ENSG00000063245.14,chr19,55675130,55675435,TSS,True,36,241
ENSG00000104936.17,chr19,45770640,45771567,ES,False,64,284
ENSG00000104936.17,chr19,45771056,45771349,3AS,False,93,206
ENSG00000104936.17,chr19,45775034,45777341,5AS,False,37,274
ENSG00000104936.17,chr19,45782192,45784134,TSS,True,54,298
ENSG00000167658.15,chr19,3985377,3985472,TSS,True,176,809
ENSG00000099821.13,chr19,633424,633565,TSS,False,44,134
ENSG00000099821.13,chr19,621057,623305,TSS,True,107,134
ENSG00000072062.13,chr19,14117501,14117781,TSS,True,95,121
ENSG00000186010.18,chr19,19516207,19516332,TSS,True,58,438
ENSG00000125652.7,chr19,6372762,6373024,TSS,False,19,100
ENSG00000125652.7,chr19,6374542,6374589,TSS,True,82,100
ENSG00000126458.3,chr19,49639945,49640154,TSS,True,15,130
ENSG00000172270.19,chr19,572512,572701,TSS,True,104,993
ENSG00000105135.15,chr19,15125655,15125819,TSS,False,151,229
ENSG00000105135.15,chr19,15124924,15125709,TSS,True,157,229
ENSG00000105135.15,chr19,15125379,15125701,TSS,True,184,229
ENSG00000090006.17,chr19,40614446,40617099,ES,False,29,110
ENSG00000090006.17,chr19,40614446,40619346,ES,False,33,167
ENSG00000090006.17,chr19,40617020,40619346,ES,False,24,107
ENSG00000090006.17,chr19,40619493,40623603,ES,False,20,170
ENSG00000090006.17,chr19,40601173,40601637,TSS,False,123,199
ENSG00000105193.8,chr19,39435847,39435986,TSS,True,120,370
ENSG00000105193.8,chr19,39435606,39435710,TSS,True,254,370
ENSG00000130176.7,chr19,11538810,11538990,TSS,True,44,153
ENSG00000130176.7,chr19,11539918,11540021,TSS,False,126,153
ENSG00000105373.18,chr19,47745517,47745783,TSS,True,49,198
ENSG00000105373.18,chr19,47756707,47756744,TSS,True,167,198
ENSG00000105409.18,chr19,41994070,41994269,TSS,False,49,187
ENSG00000105568.17,chr19,52189990,52190174,TSS,True,92,571
ENSG00000105568.17,chr19,52211258,52211492,TSS,True,508,570
ENSG00000127445.13,chr19,9835304,9835402,TSS,True,47,115
ENSG00000127445.13,chr19,9834159,9838648,TSS,True,88,115
ENSG00000079999.13,chr19,10502696,10502838,TSS,False,32,166
ENSG00000079805.16,chr19,10795439,10798485,ME,False,98,138
ENSG00000079805.16,chr19,10830378,10830980,3AS,False,33,164
ENSG00000079805.16,chr19,10718022,10718403,TSS,True,73,181
ENSG00000079805.16,chr19,10830977,10831906,PAS,True,39,170
ENSG00000079805.16,chr19,10830980,10831905,PAS,False,137,170
ENSG00000123144.10,chr19,12734312,12734725,TSS,True,28,110
ENSG00000123144.10,chr19,12731343,12731414,TSS,True,93,109
ENSG00000099624.7,chr19,1244440,1244736,IR,False,354,595
ENSG00000099624.7,chr19,1241726,1241991,TSS,True,64,601
ENSG00000099624.7,chr19,1244314,1244825,PAS,True,354,593
ENSG00000099624.7,chr19,1244736,1244829,PAS,False,247,601
ENSG00000123143.12,chr19,14433174,14433542,TSS,True,37,336
ENSG00000129968.15,chr19,1885351,1885489,TSS,True,28,116
ENSG00000129968.15,chr19,1881234,1885465,TSS,True,98,116
ENSG00000221983.7,chr19,18571801,18571887,TSS,False,63,109
ENSG00000221983.7,chr19,18571846,18571909,TSS,True,58,109
ENSG00000178982.9,chr19,38619078,38619327,TSS,True,121,325
ENSG00000178982.9,chr19,38635045,38635118,TSS,True,204,323
ENSG00000099875.14,chr19,2037463,2037829,PAS,True,83,153
ENSG00000099875.14,chr19,2037470,2039856,PAS,True,72,100
ENSG00000099875.14,chr19,2051095,2051247,TSS,True,63,153
ENSG00000176490.4,chr19,2721303,2721451,TSS,True,62,116
ENSG00000174886.12,chr19,5903611,5903957,TSS,True,43,276
ENSG00000104805.15,chr19,48900264,48900372,TSS,False,70,400
ENSG00000104805.15,chr19,48900783,48900931,TSS,True,342,400
ENSG00000126934.13,chr19,4123783,4124170,TSS,True,58,278
ENSG00000011485.14,chr19,46347010,46347217,TSS,True,16,106
ENSG00000104823.8,chr19,38831720,38831916,TSS,False,213,928
ENSG00000104823.8,chr19,38831077,38831273,TSS,True,772,928
ENSG00000095066.11,chr19,12775404,12775591,TSS,True,25,107
ENSG00000118046.14,chr19,1205705,1207203,TSS,True,14,130
ENSG00000075702.17,chr19,36099672,36100875,TSS,True,74,113
ENSG00000075702.17,chr19,36099313,36099617,TSS,True,70,113
ENSG00000269858.5,chr19,40799165,40799262,TSS,False,34,118
ENSG00000269858.5,chr19,40800218,40801415,TSS,True,92,118
ENSG00000198258.10,chr19,9827984,9828326,5AS,False,103,127
ENSG00000198258.10,chr19,9827896,9827984,TSS,True,50,153
ENSG00000198258.10,chr19,9827900,9828064,TSS,True,129,153
ENSG00000198258.10,chr19,9827921,9828393,TSS,True,132,153
ENSG00000077009.13,chr19,3933384,3933697,TSS,False,56,369
ENSG00000125733.17,chr19,6744994,6746451,ES,False,25,113
ENSG00000108107.14,chr19,55384686,55385965,TSS,False,35,170
ENSG00000104960.15,chr19,49850701,49851499,TSS,True,15,128
ENSG00000104969.9,chr19,2783232,2783395,TSS,True,31,112
ENSG00000167676.4,chr19,4510445,4512051,TSS,True,206,333
ENSG00000167676.4,chr19,4518384,4518547,TSS,False,299,333
ENSG00000167460.15,chr19,16101263,16103005,PAS,True,19,115
ENSG00000167460.15,chr19,16095263,16095528,PAS,True,96,115
ENSG00000105401.8,chr19,10395343,10395434,IR,False,130,149
ENSG00000105401.8,chr19,10403377,10403874,TSS,True,28,177
ENSG00000197256.10,chr19,11194590,11195621,5AS,False,46,155
ENSG00000197256.10,chr19,11195820,11197484,ES,False,82,136
ENSG00000197256.10,chr19,11197484,11197587,TSS,True,117,269
ENSG00000167468.16,chr19,1103996,1104127,TSS,True,60,246
ENSG00000131408.13,chr19,50376427,50376576,TSS,False,15,128
ENSG00000148700.14,chr10,110007927,110008299,TSS,True,11,106
ENSG00000138279.15,chr10,73388414,73396518,ES,False,17,141
ENSG00000138279.15,chr10,73414011,73414088,TSS,True,21,143
ENSG00000123240.16,chr10,13116340,13118905,3AS,False,36,172
ENSG00000078114.18,chr10,20897124,20897629,TSS,True,84,112
ENSG00000166136.15,chr10,100529766,100529925,TSS,True,21,160
ENSG00000172731.13,chr10,70382548,70382699,TSS,False,14,103
ENSG00000107581.12,chr10,119080627,119080883,TSS,True,14,102
ENSG00000107738.19,chr10,71747559,71751290,PAS,True,19,155
ENSG00000107738.19,chr10,71760477,71760924,PAS,True,134,153
ENSG00000107738.19,chr10,71773357,71773569,TSS,False,21,164
ENSG00000134463.14,chr10,11742361,11742746,TSS,False,20,163
ENSG00000151929.9,chr10,119672656,119676466,3AS,False,21,118
ENSG00000151929.9,chr10,119651024,119651855,TSS,False,14,126
ENSG00000151929.9,chr10,119676463,119677819,PAS,True,22,120
ENSG00000151929.9,chr10,119676466,119677819,PAS,False,98,120
ENSG00000138107.12,chr10,102502599,102502731,TSS,True,16,108
ENSG00000122367.19,chr10,86666696,86666848,TSS,True,560,628
ENSG00000122367.19,chr10,86668408,86668570,TSS,False,383,628
ENSG00000122367.19,chr10,86716356,86716771,TSS,True,142,184
ENSG00000122367.19,chr10,86717964,86718847,TSS,False,163,184
ENSG00000122367.19,chr10,86732886,86736149,PAS,True,444,560
ENSG00000122367.19,chr10,86699277,86700059,PAS,True,39,376
ENSG00000067057.16,chr10,3067340,3067707,TSS,True,36,207
ENSG00000120049.19,chr10,101829199,101843495,ES,False,371,467
ENSG00000266412.5,chr10,46030525,46030680,TSS,True,99,310
ENSG00000266412.5,chr10,46023329,46023486,TSS,False,240,310
ENSG00000122359.17,chr10,80172869,80205342,ES,False,126,293
ENSG00000122359.17,chr10,80205342,80205839,TSS,True,134,427
ENSG00000122359.17,chr10,80170799,80170918,TSS,True,372,427
ENSG00000150093.18,chr10,32901635,32908367,ES,False,92,237
ENSG00000148677.6,chr10,90912090,90912976,PAS,False,38,118
ENSG00000148677.6,chr10,90921000,90921091,TSS,False,90,157
ENSG00000148677.6,chr10,90915781,90915882,TSS,True,91,132
ENSG00000035403.17,chr10,74109156,74114183,ES,False,79,147
ENSG00000035403.17,chr10,73997891,73998375,TSS,True,69,191
ENSG00000166295.8,chr10,72216072,72223887,5AS,False,39,131
ENSG00000166295.8,chr10,72216023,72216138,TSS,True,80,191
ENSG00000166295.8,chr10,72215982,72216072,TSS,True,121,191
ENSG00000166295.8,chr10,72233000,72235857,PAS,True,24,183
ENSG00000169813.16,chr10,43409130,43409209,TSS,True,38,107
ENSG00000169813.16,chr10,43407716,43407818,TSS,False,95,107
ENSG00000165887.11,chr10,97572515,97572875,TSS,True,24,128
ENSG00000197893.13,chr10,113589079,113589665,3AS,False,210,278
ENSG00000197893.13,chr10,113592301,113597085,ES,True,32,254
ENSG00000197893.13,chr10,113598073,113605761,ES,True,36,238
ENSG00000197893.13,chr10,113588705,113589079,PAS,True,76,286
ENSG00000197893.13,chr10,113588714,113589082,PAS,True,218,286
ENSG00000197893.13,chr10,113663810,113664121,TSS,True,208,353
ENSG00000170759.10,chr10,32008197,32011516,PAS,False,77,134
ENSG00000170759.10,chr10,32034748,32034838,PAS,True,54,130
ENSG00000171206.14,chr10,102643653,102645187,TSS,True,22,142
ENSG00000100664.10,chr14,103334182,103334260,TSS,False,22,201
ENSG00000100664.10,chr14,103338326,103338441,PAS,False,167,197
ENSG00000100664.10,chr14,103340962,103345022,PAS,True,30,199
ENSG00000092054.12,chr14,23435619,23435764,TSS,False,7277,12551
ENSG00000165410.14,chr14,34714537,34714702,TSS,False,33,245
ENSG00000184887.13,chr14,105249085,105249156,IR,False,95,117
ENSG00000184887.13,chr14,105248532,105248560,TSS,False,106,119
ENSG00000184887.13,chr14,105248558,105249085,TSS,True,33,119
ENSG00000184887.13,chr14,105248565,105249247,TSS,False,101,119
ENSG00000092010.14,chr14,24136149,24136301,TSS,True,62,114
ENSG00000092010.14,chr14,24138509,24138560,TSS,True,54,114
ENSG00000165795.23,chr14,21022497,21023240,ES,False,50,194
ENSG00000165795.23,chr14,21023321,21025028,ES,False,65,139
ENSG00000165795.23,chr14,21025028,21025111,TSS,True,76,215
ENSG00000165795.23,chr14,21025676,21025758,TSS,False,170,215
ENSG00000133943.20,chr14,91114283,91157638,ES,False,107,154
ENSG00000133943.20,chr14,91170186,91173288,5AS,False,99,189
ENSG00000133943.20,chr14,91173403,91175933,5AS,False,28,188
ENSG00000133943.20,chr14,91114038,91114283,TSS,True,46,201
ENSG00000156381.8,chr14,102508549,102509528,ES,True,110,286
ENSG00000156381.8,chr14,102508846,102509528,3AS,True,160,178
ENSG00000156381.8,chr14,102509528,102509817,TSS,True,165,456
ENSG00000156381.8,chr14,102508640,102509776,TSS,True,341,456
ENSG00000080824.18,chr14,102080737,102081821,PAS,True,34,193
ENSG00000080824.18,chr14,102084827,102084998,PAS,True,142,173
ENSG00000080824.18,chr14,102086985,102087336,TSS,True,55,195
ENSG00000080824.18,chr14,102086216,102087040,TSS,False,174,195
ENSG00000126777.17,chr14,55580354,55612018,ES,False,133,161
ENSG00000126777.17,chr14,55661612,55667240,ES,False,52,150
ENSG00000126777.17,chr14,55684098,55684585,PAS,True,28,183
ENSG00000126777.17,chr14,55612018,55612897,PAS,True,148,170
ENSG00000182809.10,chr14,105474583,105474905,TSS,True,247,1207
ENSG00000142208.16,chr14,104792722,104795483,ES,False,326,386
ENSG00000100605.16,chr14,93115771,93116407,TSS,True,91,179
ENSG00000100605.16,chr14,93115068,93116416,TSS,True,103,179
ENSG00000179364.13,chr14,105314590,105315037,TSS,True,29,110
ENSG00000155463.12,chr14,22766674,22766764,TSS,False,12,111
ENSG00000197616.11,chr14,23408252,23408465,TSS,False,2810,4714
ENSG00000197616.11,chr14,23382427,23382487,TSS,True,4043,4662
ENSG00000075413.17,chr14,103385361,103386080,TSS,True,67,122
ENSG00000075413.17,chr14,103405071,103405267,TSS,False,66,122
ENSG00000198668.10,chr14,90397026,90397233,TSS,True,61,428
ENSG00000100626.16,chr14,69352170,69353331,IR,True,74,114
ENSG00000100626.16,chr14,69259592,69260467,TSS,True,35,129
ENSG00000100626.16,chr14,69352030,69354473,PAS,True,79,119
ENSG00000100626.16,chr14,69353331,69354473,PAS,True,49,123
ENSG00000100628.11,chr14,93976433,93976757,TSS,True,58,394
ENSG00000129538.13,chr14,20802093,20802796,ES,False,121,158
ENSG00000129538.13,chr14,20802796,20802844,TSS,True,69,227
ENSG00000072110.13,chr14,68877240,68879961,ME,False,23,106
ENSG00000072110.13,chr14,68978951,68979363,TSS,True,21,113
ENSG00000166165.12,chr14,103522765,103522848,TSS,True,244,817
ENSG00000166165.12,chr14,103521262,103521481,TSS,True,679,817
ENSG00000116685.15,chr1,11925204,11926430,TSS,True,11,104
ENSG00000078618.21,chr1,51836212,51840225,ES,False,90,108
ENSG00000074800.15,chr1,8868057,8871890,ME,False,62,147
ENSG00000074800.15,chr1,8878579,8879273,TSS,True,30,186
ENSG00000074800.15,chr1,8863234,8863500,TSS,True,162,186
ENSG00000107404.19,chr1,1348895,1349464,TSS,True,60,253
ENSG00000187642.9,chr1,976269,976498,IR,True,94,222
ENSG00000187642.9,chr1,975194,976269,PAS,True,128,223
ENSG00000187642.9,chr1,975197,976624,PAS,True,96,223
ENSG00000187642.9,chr1,978880,980936,TSS,True,151,265
ENSG00000187642.9,chr1,982064,982346,TSS,False,157,265
ENSG00000132716.18,chr1,160262116,160262528,TSS,True,55,113
ENSG00000132716.18,chr1,160262448,160262618,TSS,False,90,113
ENSG00000132716.18,chr1,160262275,160262486,TSS,True,90,113
ENSG00000143321.18,chr1,156751342,156751787,TSS,True,24,157
ENSG00000143321.18,chr1,156743651,156743802,TSS,True,140,157
ENSG00000160097.17,chr1,32862267,32863776,PAS,False,112,126
ENSG00000160097.17,chr1,32862268,32864483,PAS,True,107,123
ENSG00000160097.17,chr1,32862268,32864299,PAS,True,97,123
ENSG00000160097.17,chr1,32862268,32864797,PAS,True,59,122
ENSG00000160097.17,chr1,32870652,32871175,TSS,True,15,126
ENSG00000158828.7,chr1,20633448,20633935,TSS,False,77,714
ENSG00000143164.15,chr1,168004793,168022987,ES,False,52,119
ENSG00000143164.15,chr1,168045227,168063620,ES,False,90,133
ENSG00000143164.15,chr1,167936593,167937008,TSS,True,24,137
ENSG00000143164.15,chr1,167993223,167993440,TSS,True,123,137
ENSG00000078808.16,chr1,1228946,1231891,5AS,True,115,131
ENSG00000078808.16,chr1,1228467,1229094,TSS,False,151,185
ENSG00000078808.16,chr1,1231891,1232067,TSS,True,70,185
ENSG00000117640.17,chr1,25819926,25820029,TSS,True,68,164
ENSG00000117640.17,chr1,25820029,25823128,TSS,True,125,164
ENSG00000265972.5,chr1,145996016,145996580,TSS,False,49,322
ENSG00000117266.15,chr1,205504560,205504796,TSS,True,90,114
ENSG00000117266.15,chr1,205504549,205504878,TSS,True,66,114
ENSG00000116251.10,chr1,6199561,6199604,TSS,False,15,125
ENSG00000135842.16,chr1,184974301,184974918,TSS,False,63,100
ENSG00000175756.13,chr1,1374790,1375153,5AS,False,69,115
ENSG00000175756.13,chr1,1373999,1375185,TSS,True,131,166
ENSG00000175756.13,chr1,1375153,1375310,TSS,True,97,166
ENSG00000175756.13,chr1,1374996,1375188,TSS,True,126,166
ENSG00000121769.7,chr1,31364015,31365939,PAS,True,236,1930
ENSG00000143632.14,chr1,229434003,229434100,TSS,True,259,1228
ENSG00000143632.14,chr1,229431720,229431884,TSS,True,1040,1227
ENSG00000116171.17,chr1,52927245,52927465,TSS,True,38,112
ENSG00000116171.17,chr1,53014890,53015043,TSS,True,74,108
ENSG00000188976.10,chr1,944800,945056,5AS,False,70,115
ENSG00000153187.19,chr1,244862730,244863673,5AS,False,61,102
ENSG00000153187.19,chr1,244863673,244864567,TSS,True,48,109
ENSG00000153187.19,chr1,244863616,244864545,TSS,True,68,109
ENSG00000162614.18,chr1,77918273,77926413,ES,False,27,119
ENSG00000162614.18,chr1,77942460,77943898,PAS,True,90,134
ENSG00000162614.18,chr1,77929315,77931412,PAS,True,117,132
ENSG00000162614.18,chr1,77942899,77943899,PAS,True,109,134
ENSG00000178104.19,chr1,149001696,149002849,5AS,False,48,124
ENSG00000178104.19,chr1,149003042,149003613,3AS,False,42,140
ENSG00000178104.19,chr1,149021153,149026714,ES,False,51,205
ENSG00000178104.19,chr1,148889404,148889894,TSS,True,199,296
ENSG00000178104.19,chr1,149004907,149005437,TSS,True,238,269
ENSG00000178104.19,chr1,149031999,149033019,PAS,True,52,287
ENSG00000143612.20,chr1,154214574,154220341,ES,False,18,108
ENSG00000133065.10,chr1,205812807,205813196,TSS,False,63,328
ENSG00000163050.16,chr1,226940255,226940399,TSS,False,153,719
ENSG00000009307.15,chr1,114736855,114737962,ES,False,252,290
ENSG00000009307.15,chr1,114739890,114749820,ES,False,44,279
ENSG00000009307.15,chr1,114757924,114758025,TSS,True,35,312
ENSG00000118194.18,chr1,201362022,201363295,5AS,True,27,172
ENSG00000118194.18,chr1,201364297,201364375,TSS,True,1348,1601
ENSG00000118194.18,chr1,201372026,201375128,TSS,True,733,1628
ENSG00000198842.9,chr1,167094063,167094194,TSS,False,33,212
ENSG00000116688.16,chr1,11980484,11981973,3AS,True,54,316
ENSG00000116688.16,chr1,11982114,11989164,ES,False,234,322
ENSG00000116688.16,chr1,11980199,11980484,TSS,True,224,563
ENSG00000116871.15,chr1,36173478,36176198,ES,False,67,264
ENSG00000116871.15,chr1,36176321,36176417,IR,False,102,267
ENSG00000116871.15,chr1,36178201,36178445,3AS,False,29,285
ENSG00000116871.15,chr1,36156124,36156463,TSS,True,84,308
ENSG00000116871.15,chr1,36170967,36171315,TSS,True,275,308
ENSG00000168653.10,chr1,39026398,39028722,5AS,False,90,191
ENSG00000168653.10,chr1,39026309,39026398,TSS,False,119,209
ENSG00000168653.10,chr1,39026321,39026402,TSS,True,108,209
ENSG00000142910.15,chr1,31576507,31576595,TSS,True,52,267
ENSG00000018625.14,chr1,160115717,160115873,TSS,True,73,110
ENSG00000018625.14,chr1,160135836,160135993,TSS,True,91,110
ENSG00000143799.12,chr1,226407809,226408163,TSS,True,30,201
ENSG00000134243.11,chr1,109397586,109397969,TSS,True,28,100
ENSG00000142676.14,chr1,23691829,23692611,3AS,False,27,225
ENSG00000142676.14,chr1,23691780,23691829,TSS,False,67,292
ENSG00000142676.14,chr1,23692139,23693913,TSS,True,256,292
ENSG00000078369.17,chr1,1825499,1890819,ES,False,28,183
ENSG00000142661.18,chr1,24112030,24112217,TSS,False,203,266
ENSG00000142661.18,chr1,24105919,24106078,TSS,True,229,266
ENSG00000154358.20,chr1,228371085,228373081,TSS,True,115,333
ENSG00000154358.20,chr1,228370333,228370756,TSS,True,279,333
ENSG00000154358.20,chr1,228378617,228378882,PAS,True,61,393
ENSG00000116288.12,chr1,7961735,7962762,5AS,False,54,130
ENSG00000116288.12,chr1,7961614,7961735,TSS,True,88,142
ENSG00000116288.12,chr1,7961660,7961793,TSS,True,66,142
ENSG00000159346.12,chr1,202951164,202958184,ES,False,100,128
ENSG00000142937.11,chr1,44775522,44775600,TSS,True,51,294
ENSG00000142937.11,chr1,44775558,44776140,TSS,True,255,294
ENSG00000215861.5,chr1,149187056,149188789,PAS,True,180,212
ENSG00000215861.5,chr1,149195877,149198171,PAS,False,82,212
ENSG00000173641.17,chr1,16017764,16018046,TSS,True,524,1670
ENSG00000163399.15,chr1,116373181,116373523,TSS,True,20,118
ENSG00000065978.18,chr1,42682425,42682731,TSS,True,12,100
ENSG00000197530.12,chr1,1616082,1616507,5AS,True,18,162
ENSG00000197530.12,chr1,1616614,1623430,3AS,False,121,213
ENSG00000197530.12,chr1,1625428,1626649,ES,False,30,227
ENSG00000197530.12,chr1,1615423,1615633,TSS,True,237,277
ENSG00000197530.12,chr1,1615455,1616100,TSS,True,132,277
ENSG00000160789.19,chr1,156137653,156140079,PAS,True,187,401
ENSG00000160789.19,chr1,156139079,156140087,PAS,True,215,406
ENSG00000085998.13,chr1,46188675,46189357,PAS,True,12,110
ENSG00000085998.13,chr1,46198335,46198499,TSS,False,17,116
ENSG00000162413.16,chr1,6601796,6602913,TSS,True,42,334
ENSG00000162461.7,chr1,15736863,15739223,ES,True,13,128
ENSG00000162461.7,chr1,15738245,15739223,ES,True,23,109
ENSG00000143774.16,chr1,228140363,228145510,ES,False,93,176
ENSG00000168159.11,chr1,228487361,228487878,TSS,True,29,163
ENSG00000224051.6,chr1,1325102,1327240,ES,False,20,139
ENSG00000224051.6,chr1,1324788,1325102,TSS,True,26,165
ENSG00000183072.9,chr5,173233209,173234749,3AS,False,173,265
ENSG00000183072.9,chr5,173232107,173233501,PAS,True,183,272
ENSG00000183072.9,chr5,173232109,173233209,PAS,False,95,272
ENSG00000112936.18,chr5,40909273,40909616,TSS,False,35,300
ENSG00000113140.10,chr5,151686864,151687036,TSS,True,28,177
ENSG00000112992.16,chr5,43602722,43603294,TSS,True,76,276
ENSG00000213585.10,chr5,133993015,134004646,3AS,False,119,432
ENSG00000153113.23,chr5,96762372,96765223,3AS,False,49,185
ENSG00000153113.23,chr5,96662077,96662497,TSS,True,159,192
ENSG00000153113.23,chr5,96702645,96702915,TSS,True,82,191
ENSG00000153113.23,chr5,96742041,96742478,TSS,True,160,190
ENSG00000164309.14,chr5,79689684,79690056,TSS,False,71,126
ENSG00000164309.14,chr5,79733625,79739403,TSS,False,64,114
ENSG00000145494.11,chr5,1801394,1801549,TSS,True,38,104
ENSG00000145494.11,chr5,1814425,1814461,TSS,True,86,104
ENSG00000131446.16,chr5,180810039,180810210,TSS,True,126,159
ENSG00000131446.16,chr5,180802679,180802855,TSS,True,65,159
ENSG00000113328.18,chr5,163437664,163437764,IR,False,36,112
ENSG00000113328.18,chr5,163437578,163437804,TSS,True,36,112
ENSG00000113328.18,chr5,163437594,163437664,TSS,True,76,112
ENSG00000197043.13,chr5,151109846,151117126,ES,False,35,296
ENSG00000019582.14,chr5,150402625,150404679,ES,False,123,152
ENSG00000198624.12,chr5,151223922,151224138,TSS,True,29,216
ENSG00000164405.10,chr5,132866585,132866687,TSS,True,94,432
ENSG00000145730.20,chr5,103019843,103025133,3AS,False,63,519
ENSG00000145730.20,chr5,103019843,103028181,ES,False,80,253
ENSG00000145730.20,chr5,103019843,103028184,ES,False,73,410
ENSG00000145730.20,chr5,103019843,103028184,3AS,False,73,326
ENSG00000145730.20,chr5,103025334,103028184,3AS,False,332,505
ENSG00000145730.20,chr5,102755028,102755348,TSS,False,565,682
ENSG00000145730.20,chr5,102865497,102866284,TSS,True,146,682
ENSG00000172239.13,chr5,43555999,43556818,5AS,False,27,103
ENSG00000172239.13,chr5,43556581,43557126,TSS,True,37,113
ENSG00000172239.13,chr5,43556818,43557178,TSS,True,84,113
ENSG00000044115.20,chr5,138753379,138753510,TSS,True,42,258
ENSG00000145592.13,chr5,40835182,40835284,TSS,False,252,309
ENSG00000131730.15,chr5,81233377,81251112,5AS,False,552,717
ENSG00000131730.15,chr5,81232638,81233377,TSS,True,368,930
ENSG00000131730.15,chr5,81232736,81233381,TSS,True,765,930
ENSG00000131730.15,chr5,81251106,81251284,TSS,True,780,930
ENSG00000145901.15,chr5,151030673,151032286,3AS,False,14,113
ENSG00000145901.15,chr5,151032383,151033607,3AS,False,92,107
ENSG00000145901.15,chr5,151029942,151030673,PAS,True,99,113
ENSG00000145901.15,chr5,151029122,151030747,PAS,True,14,113
ENSG00000161011.19,chr5,179820881,179821141,TSS,True,56,223
ENSG00000073578.16,chr5,251423,254392,5AS,True,343,1031
ENSG00000127022.14,chr5,179698902,179699102,TSS,True,42,305
ENSG00000015479.18,chr5,139322967,139325439,3AS,False,143,174
ENSG00000015479.18,chr5,139293607,139293805,TSS,True,25,176
ENSG00000171604.11,chr5,139648845,139680363,ES,False,133,162
ENSG00000171604.11,chr5,139647831,139648845,TSS,True,22,184
ENSG00000172348.14,chr6,46456751,46491975,TSS,True,265,307
ENSG00000172348.14,chr6,46248722,46248898,TSS,True,52,307
ENSG00000234745.10,chr6,31357085,31357218,TSS,True,47,163
ENSG00000234745.10,chr6,31356687,31357179,TSS,True,137,163
ENSG00000112715.21,chr6,43778918,43781955,ES,False,87,166
ENSG00000112715.21,chr6,43770202,43771312,TSS,True,23,206
ENSG00000196230.12,chr6,30720274,30720563,TSS,False,41,407
ENSG00000112759.17,chr6,44219282,44219782,TSS,True,118,198
ENSG00000112759.17,chr6,44223542,44223641,TSS,True,149,198
ENSG00000112531.16,chr6,163562069,163563443,3AS,False,134,161
ENSG00000112531.16,chr6,163563719,163566720,3AS,False,86,140
ENSG00000112531.16,chr6,163414377,163415335,TSS,True,27,185
ENSG00000112531.16,chr6,163570693,163573864,PAS,True,95,181
ENSG00000112531.16,chr6,163565945,163570145,PAS,True,125,177
ENSG00000112531.16,chr6,163564666,163567474,PAS,True,143,177
ENSG00000112096.17,chr6,159693144,159693337,TSS,True,77,491
ENSG00000124570.19,chr6,2971116,2971342,TSS,True,140,190
ENSG00000124570.19,chr6,2971532,2972165,TSS,True,103,190
ENSG00000124614.15,chr6,34426031,34426132,TSS,True,21,126
ENSG00000092820.17,chr6,158819316,158819418,TSS,True,106,272
ENSG00000092820.17,chr6,158818081,158818419,TSS,True,187,272
ENSG00000237441.9,chr6,33295759,33296027,IR,False,89,100
ENSG00000237441.9,chr6,33296027,33296467,TSS,True,95,108
ENSG00000237441.9,chr6,33298869,33299417,TSS,True,32,108
ENSG00000137312.14,chr6,30742526,30742825,TSS,True,69,418
ENSG00000137312.14,chr6,30740157,30740311,TSS,True,373,418
ENSG00000156508.17,chr6,73520999,73521033,TSS,False,32,319
ENSG00000206503.12,chr6,29942481,29942626,TSS,True,50,251
ENSG00000186439.12,chr6,123501827,123503901,PAS,True,69,104
ENSG00000186439.12,chr6,123528293,123530565,PAS,True,70,104
ENSG00000124702.17,chr6,43014199,43014348,TSS,True,18,160
ENSG00000204592.8,chr6,30489472,30489595,TSS,False,60,185
ENSG00000137409.19,chr6,36970694,36972702,5AS,False,175,453
ENSG00000137409.19,chr6,36985852,36986447,TSS,True,57,508
ENSG00000112183.14,chr6,17280520,17281749,TSS,True,37,129
ENSG00000140795.12,chr16,46747716,46748396,TSS,False,45,103
ENSG00000140795.12,chr16,46763039,46763295,TSS,False,88,103
ENSG00000067836.12,chr16,4802526,4802930,TSS,True,29,101
ENSG00000140939.14,chr16,67173923,67174046,TSS,True,41,109
ENSG00000140939.14,chr16,67174308,67174464,TSS,True,84,109
ENSG00000011638.10,chr16,21158746,21161084,3AS,False,65,101
ENSG00000172366.19,chr16,641794,642043,TSS,True,18,126
ENSG00000140983.13,chr16,668079,668236,TSS,True,30,119
ENSG00000065054.13,chr16,2037600,2037858,3AS,False,31,161
ENSG00000065054.13,chr16,2026380,2027218,TSS,True,93,168
ENSG00000065054.13,chr16,2033185,2033432,TSS,True,120,167
ENSG00000065054.13,chr16,2037825,2039025,PAS,True,35,162
ENSG00000065054.13,chr16,2037858,2039025,PAS,True,131,162
ENSG00000166592.11,chr16,66925408,66925536,TSS,True,28,132
ENSG00000185739.13,chr16,4204634,4242006,ES,True,639,721
ENSG00000185739.13,chr16,4242006,4242268,TSS,True,105,830
ENSG00000126602.10,chr16,3717420,3717597,TSS,True,26,213
ENSG00000134419.15,chr16,18790309,18790336,TSS,False,34,228
ENSG00000140986.7,chr16,1954628,1954742,TSS,True,72,316
ENSG00000079616.12,chr16,29804117,29805026,TSS,True,70,135
ENSG00000079616.12,chr16,29805150,29805174,TSS,True,78,135
ENSG00000149925.18,chr16,30065720,30065927,TSS,True,739,3426
ENSG00000103260.8,chr16,716992,717070,IR,False,80,110
ENSG00000103260.8,chr16,715108,715393,TSS,True,14,119
ENSG00000103260.8,chr16,717070,719652,PAS,True,30,110
ENSG00000103260.8,chr16,716932,717478,PAS,True,83,110
ENSG00000050820.16,chr16,75251470,75251719,TSS,True,106,149
ENSG00000050820.16,chr16,75234888,75235855,TSS,True,134,149
ENSG00000050820.16,chr16,75265824,75266014,TSS,True,96,150
ENSG00000050820.16,chr16,75242469,75243091,TSS,True,132,149
ENSG00000063854.12,chr16,1826506,1826813,TSS,True,104,118
ENSG00000063854.12,chr16,1826711,1827158,TSS,False,41,118
ENSG00000063854.12,chr16,1819896,1821507,TSS,True,99,118
ENSG00000103415.11,chr16,4476487,4505483,ES,False,98,113
ENSG00000103423.13,chr16,4450497,4455545,ES,False,81,142
ENSG00000167526.13,chr16,89560649,89560712,TSS,False,54,492
ENSG00000006007.11,chr16,19517185,19521703,3AS,False,14,109
ENSG00000197912.15,chr16,89507689,89508600,TSS,True,53,144
ENSG00000197912.15,chr16,89526328,89526468,TSS,False,127,144
ENSG00000197912.15,chr16,89556886,89557768,PAS,True,17,144
ENSG00000167969.12,chr16,2251429,2251514,IR,False,131,151
ENSG00000167969.12,chr16,2251514,2251642,TSS,True,27,158
ENSG00000167969.12,chr16,2251315,2251594,TSS,True,138,158
ENSG00000103034.14,chr16,58464095,58464467,TSS,True,317,669
ENSG00000103034.14,chr16,58463373,58463797,TSS,True,425,669
ENSG00000184110.14,chr16,28711448,28711518,TSS,True,43,307
ENSG00000140988.15,chr16,1964448,1964826,TSS,True,698,847
ENSG00000140988.15,chr16,1964806,1964828,TSS,True,252,847
ENSG00000140988.15,chr16,1962735,1962772,TSS,True,756,847
ENSG00000140859.15,chr16,57798071,57798290,TSS,False,188,228
ENSG00000140859.15,chr16,57802369,57802710,TSS,True,79,228
ENSG00000167930.15,chr16,259599,259995,3AS,False,20,118
ENSG00000167930.15,chr16,234790,234857,TSS,True,51,148
ENSG00000167930.15,chr16,247476,249654,TSS,True,131,148
ENSG00000103507.13,chr16,31112027,31112120,IR,False,115,168
ENSG00000103507.13,chr16,31108368,31108479,TSS,True,25,173
ENSG00000103507.13,chr16,31112120,31112837,PAS,True,53,168
ENSG00000103507.13,chr16,31111868,31113359,PAS,True,115,168
ENSG00000103363.14,chr16,2776992,2777242,TSS,True,132,199
ENSG00000103363.14,chr16,2777236,2777295,TSS,True,70,199
ENSG00000132612.15,chr16,69311311,69311532,TSS,False,14,120
ENSG00000101605.12,chr18,3219802,3220010,TSS,True,100,178
ENSG00000101605.12,chr18,3134649,3134754,TSS,True,131,171
ENSG00000101608.12,chr18,3247784,3247909,TSS,True,949,1145
ENSG00000101608.12,chr18,3252133,3252325,TSS,False,232,1141
ENSG00000176014.12,chr18,12308136,12308349,TSS,True,35,151
ENSG00000141448.8,chr18,22169431,22169682,TSS,False,38,153
ENSG00000141448.8,chr18,22171105,22172279,TSS,True,124,153
ENSG00000170558.8,chr18,28176962,28178071,TSS,False,35,236
ENSG00000182287.14,chrX,15827372,15845378,ES,False,26,106
ENSG00000002586.19,chrX,2714454,2719660,ES,False,28,194
ENSG00000002586.19,chrX,2726373,2738202,3AS,False,21,179
ENSG00000002586.19,chrX,2690987,2691427,TSS,True,31,224
ENSG00000069535.13,chrX,43803404,43843669,ES,True,15,108
ENSG00000196924.15,chrX,154350207,154350908,IR,False,119,140
ENSG00000196924.15,chrX,154351041,154351580,IR,False,102,138
ENSG00000196924.15,chrX,154353553,154354201,TSS,False,142,167
ENSG00000131828.13,chrX,19343890,19344094,TSS,True,160,697
ENSG00000101940.17,chrX,48598037,48598750,3AS,False,20,115
ENSG00000101940.17,chrX,48597474,48597614,TSS,False,80,151
ENSG00000101940.17,chrX,48597498,48598957,TSS,True,133,151
ENSG00000101940.17,chrX,48597505,48598037,TSS,True,110,151
ENSG00000185825.16,chrX,153724333,153724437,TSS,False,13,105
ENSG00000130985.16,chrX,47193755,47194024,TSS,True,24,122
ENSG00000022267.16,chrX,136147446,136147628,TSS,True,320,422
ENSG00000022267.16,chrX,136197023,136197134,TSS,True,172,422
ENSG00000169100.13,chrX,1391898,1392911,TSS,True,52,234
ENSG00000102181.20,chrX,150795486,150831230,ES,False,11,101
ENSG00000102181.20,chrX,150898521,150898759,TSS,True,13,123
ENSG00000125356.6,chrX,119871858,119872013,TSS,False,217,570
ENSG00000125356.6,chrX,119873300,119873393,TSS,True,357,570
ENSG00000167393.17,chrX,373531,374072,TSS,False,28,178
ENSG00000102178.12,chrX,154486536,154486692,TSS,True,14,139
ENSG00000134871.18,chr13,110307021,110307528,TSS,True,68,143
ENSG00000134871.18,chr13,110511933,110513032,PAS,True,17,139
ENSG00000183087.14,chr13,113863832,113864108,TSS,True,213,746
ENSG00000189403.14,chr13,30465795,30465967,TSS,True,25,111
ENSG00000102804.14,chr13,44436503,44436857,TSS,True,37,218
ENSG00000102804.14,chr13,44573162,44577306,TSS,True,189,218
ENSG00000153531.13,chr13,113453223,113454332,TSS,False,43,116
ENSG00000135218.18,chr7,80602154,80602379,TSS,True,191,484
ENSG00000135218.18,chr7,80638500,80638746,TSS,True,353,481
ENSG00000135218.18,chr7,80673982,80674420,PAS,True,265,469
ENSG00000135218.18,chr7,80676383,80679276,PAS,False,229,471
ENSG00000136235.16,chr7,23260773,23266516,3AS,False,105,131
ENSG00000136235.16,chr7,23274064,23275108,PAS,True,27,155
ENSG00000136235.16,chr7,23256891,23258043,PAS,True,133,149
ENSG00000105993.14,chr7,157336847,157337144,TSS,True,23,169
ENSG00000185274.11,chr7,71131317,71133042,TSS,True,40,195
ENSG00000146701.11,chr7,76048045,76048226,TSS,False,108,649
ENSG00000136261.14,chr7,16645855,16646288,TSS,True,89,139
ENSG00000136261.14,chr7,16661206,16661252,TSS,True,82,139
ENSG00000122566.21,chr7,26197732,26200571,ES,False,98,122
ENSG00000122566.21,chr7,26190124,26192338,PAS,True,26,139
ENSG00000122566.21,chr7,26200571,26201617,TSS,True,17,141
ENSG00000133606.10,chr7,140453050,140454729,PAS,True,22,146
ENSG00000133606.10,chr7,140456185,140456866,PAS,True,125,146
ENSG00000122550.17,chr7,23106146,23123776,ES,False,112,136
ENSG00000122550.17,chr7,23105733,23106146,TSS,True,31,167
ENSG00000122550.17,chr7,23105761,23106794,TSS,True,139,167
ENSG00000105974.11,chr7,116524979,116525092,TSS,True,170,230
ENSG00000105974.11,chr7,116525191,116525805,TSS,True,153,230
ENSG00000105974.11,chr7,116526328,116526689,TSS,True,156,230
ENSG00000164692.17,chr7,94394693,94395101,TSS,True,36,199
ENSG00000164896.19,chr7,151079922,151080684,5AS,False,68,121
ENSG00000164896.19,chr7,151080684,151080883,TSS,True,74,153
ENSG00000164896.19,chr7,151080436,151080839,TSS,False,100,153
ENSG00000128591.15,chr7,128849578,128850383,ES,False,271,308
ENSG00000128591.15,chr7,128847672,128847864,TSS,True,684,761
ENSG00000128591.15,chr7,128852942,128853621,TSS,True,636,760
ENSG00000106211.8,chr7,76302672,76303076,TSS,False,567,1688
ENSG00000106211.8,chr7,76303813,76303865,TSS,True,1166,1687
ENSG00000128595.16,chr7,128748804,128758870,ME,False,46,268
ENSG00000106078.18,chr7,51316592,51317116,TSS,True,15,111
ENSG00000241468.7,chr7,99460193,99466128,5AS,False,96,118
ENSG00000241468.7,chr7,99466110,99466167,TSS,True,117,139
ENSG00000241468.7,chr7,99466128,99466169,TSS,True,43,139
ENSG00000164828.17,chr7,816673,838797,ES,False,12,104
ENSG00000164828.17,chr7,843520,849519,ES,False,15,113
ENSG00000164828.17,chr7,849603,851383,ES,False,80,101
ENSG00000164828.17,chr7,849603,851949,ES,True,14,115
ENSG00000164828.17,chr7,852667,852812,3AS,False,25,126
ENSG00000164828.17,chr7,815868,816673,TSS,True,38,144
ENSG00000105953.14,chr7,44606547,44606653,TSS,True,200,285
ENSG00000105953.14,chr7,44693821,44694004,TSS,True,252,284
ENSG00000058404.19,chr7,44228924,44231005,ES,True,46,111
ENSG00000058404.19,chr7,44325356,44325759,TSS,True,29,134
ENSG00000062582.13,chr7,43869376,43869456,IR,False,87,100
ENSG00000062582.13,chr7,43869456,43869525,TSS,True,25,112
ENSG00000062582.13,chr7,43869307,43869517,TSS,True,99,112
ENSG00000004799.7,chr7,95596163,95596563,TSS,True,20,153
ENSG00000240583.11,chr7,30911731,30912293,TSS,False,36,183
ENSG00000197448.13,chr7,143263414,143263585,TSS,True,16,127
ENSG00000136270.13,chr7,45111642,45111745,TSS,True,32,100
ENSG00000136270.13,chr7,45111663,45111735,TSS,True,74,100
ENSG00000106682.14,chr7,74174162,74174442,TSS,True,28,198
ENSG00000106631.8,chr7,44140787,44140960,3AS,False,536,623
ENSG00000106631.8,chr7,44141302,44141574,TSS,False,92,670
ENSG00000106263.17,chr7,2379511,2380283,3AS,True,16,115
ENSG00000106263.17,chr7,2354092,2355420,TSS,True,14,122
ENSG00000106263.17,chr7,2380203,2380748,PAS,True,74,122
ENSG00000106263.17,chr7,2380283,2380745,PAS,True,106,122
ENSG00000106263.17,chr7,2380278,2380746,PAS,False,71,122
ENSG00000055118.14,chr7,150949392,150950420,PAS,True,21,131
ENSG00000055118.14,chr7,150944929,150945514,PAS,False,112,142
ENSG00000055118.14,chr7,150977837,150978405,TSS,True,64,142
ENSG00000055118.14,chr7,150958058,150958484,TSS,True,126,142
ENSG00000106052.13,chr7,27816394,27816889,5AS,False,166,233
ENSG00000082014.16,chr7,151277076,151277169,TSS,False,86,100
ENSG00000082014.16,chr7,151248484,151249400,TSS,True,25,100
ENSG00000214022.11,chr7,150368941,150371230,3AS,True,22,132
ENSG00000214022.11,chr7,150368167,150368941,TSS,True,77,213
ENSG00000214022.11,chr7,150368797,150369013,TSS,True,185,213
ENSG00000214022.11,chr7,150371230,150374043,PAS,True,137,167
ENSG00000214022.11,chr7,150371227,150374043,PAS,True,53,167
ENSG00000214022.11,chr7,150369670,150374037,PAS,True,144,167
ENSG00000171867.16,chr20,4686512,4699215,3AS,False,58,144
ENSG00000171867.16,chr20,4699215,4701587,PAS,True,87,146
ENSG00000171867.16,chr20,4699210,4701589,PAS,True,60,146
ENSG00000149596.6,chr20,44186326,44187409,TSS,True,82,313
ENSG00000149596.6,chr20,44115664,44116159,TSS,True,271,302
ENSG00000118705.16,chr20,37236709,37241302,ES,False,49,149
ENSG00000132819.16,chr20,57391395,57391818,TSS,True,55,155
ENSG00000154930.14,chr20,25057768,25058390,TSS,True,36,282
ENSG00000101400.5,chr20,33443310,33443891,TSS,False,57,452
ENSG00000198959.11,chr20,38165188,38165430,TSS,True,481,774
ENSG00000198959.11,chr20,38161419,38161601,TSS,True,676,774
ENSG00000198959.11,chr20,38155846,38156090,TSS,True,534,774
ENSG00000100994.11,chr20,25248012,25248421,TSS,False,64,304
ENSG00000130706.12,chr20,62302936,62303049,TSS,False,30,105
ENSG00000197586.12,chr20,25195867,25207075,ES,False,112,151
ENSG00000197586.12,chr20,25224157,25225204,3AS,False,176,208
ENSG00000197586.12,chr20,25195669,25195867,TSS,True,33,220
ENSG00000101161.7,chr20,63981097,63981316,TSS,False,22,130
ENSG00000125818.17,chr20,1166226,1167794,PAS,True,107,132
ENSG00000125818.17,chr20,1165028,1167316,PAS,True,25,130
ENSG00000101365.20,chr20,2658522,2659524,3AS,False,94,116
ENSG00000101365.20,chr20,2658393,2658837,PAS,True,104,119
ENSG00000101365.20,chr20,2658392,2658522,PAS,False,25,120
ENSG00000244274.7,chr20,45406313,45406732,TSS,True,145,258
ENSG00000244274.7,chr20,45406729,45408606,TSS,True,162,258
ENSG00000244274.7,chr20,45406891,45407779,TSS,False,227,258
ENSG00000078814.15,chr20,34977674,34978096,TSS,True,103,126
ENSG00000078814.15,chr20,35002176,35002442,PAS,True,17,126
ENSG00000087460.24,chr20,58895684,58903527,ES,False,431,533
ENSG00000087460.24,chr20,58895684,58903530,ES,False,200,792
ENSG00000087460.24,chr20,58895684,58903530,3AS,False,200,733
ENSG00000087460.24,chr20,58898985,58903530,3AS,False,595,697
ENSG00000101210.11,chr20,63499057,63499275,TSS,True,139,1300
ENSG00000101182.14,chr20,62139074,62139185,TSS,True,148,219
ENSG00000101182.14,chr20,62143207,62143457,TSS,True,79,219
ENSG00000101335.9,chr20,36541417,36541561,TSS,True,50,381
ENSG00000125970.11,chr20,34073635,34075873,ES,False,35,123
ENSG00000131069.19,chr20,34914437,34919434,ES,False,23,115
ENSG00000131069.19,chr20,34876462,34876823,TSS,True,13,126
ENSG00000047849.21,chr3,47853162,47853298,TSS,True,97,125
ENSG00000047849.21,chr3,48088772,48089274,TSS,True,132,154
ENSG00000188846.13,chr3,40457295,40457363,TSS,False,117,148
ENSG00000188846.13,chr3,40457330,40457991,TSS,True,35,148
ENSG00000162244.11,chr3,51995856,51995952,TSS,False,22,143
ENSG00000163520.13,chr3,13619831,13626444,ES,False,118,232
ENSG00000163520.13,chr3,13549060,13549208,TSS,True,57,239
ENSG00000163520.13,chr3,13570308,13571661,TSS,True,205,239
ENSG00000163517.14,chr3,13480134,13480349,TSS,False,37,115
ENSG00000163517.14,chr3,13480337,13480446,TSS,True,98,115
ENSG00000163517.14,chr3,13480477,13481394,TSS,True,102,115
ENSG00000172053.17,chr3,49104616,49104815,TSS,True,40,162
ENSG00000172053.17,chr3,49104323,49104757,TSS,True,133,162
ENSG00000132155.11,chr3,12663812,12664200,TSS,True,26,142
ENSG00000173175.14,chr3,123303219,123314234,ES,True,25,196
ENSG00000173175.14,chr3,123447411,123450089,TSS,False,103,254
ENSG00000160808.9,chr3,46858101,46858230,IR,False,1829,2266
ENSG00000160808.9,chr3,46855260,46858272,PAS,True,1869,2306
ENSG00000160808.9,chr3,46857860,46858101,PAS,False,478,2306
ENSG00000247596.8,chr3,52238991,52239180,TSS,True,100,137
ENSG00000247596.8,chr3,52235028,52235191,TSS,True,47,137
ENSG00000114354.13,chr3,100736704,100744832,5AS,False,22,105
ENSG00000163430.11,chr3,120450896,120451339,TSS,True,14,115
ENSG00000121440.14,chr3,73624102,73625286,TSS,True,25,114
ENSG00000075785.12,chr3,128726135,128726359,TSS,True,21,124
ENSG00000168268.10,chr3,52533505,52533816,TSS,True,17,135
ENSG00000131368.7,chr3,15065060,15065345,TSS,True,13,106
ENSG00000177479.19,chr3,48918211,48918998,TSS,True,33,154
ENSG00000010256.10,chr3,48609551,48609668,TSS,True,234,1394
ENSG00000010256.10,chr3,48600679,48602297,TSS,True,1200,1394
ENSG00000132153.14,chr3,47802641,47803212,TSS,True,91,121
ENSG00000132153.14,chr3,47824966,47825247,TSS,False,49,120
ENSG00000074416.14,chr3,127823083,127823394,TSS,False,60,124
ENSG00000074416.14,chr3,127822308,127823542,TSS,True,109,124
ENSG00000163513.17,chr3,30606977,30644746,ES,False,105,123
ENSG00000163513.17,chr3,30606488,30606977,TSS,True,28,151
ENSG00000121577.13,chr3,119642561,119648259,5AS,False,33,126
ENSG00000121577.13,chr3,119660063,119660519,IR,False,15,103
ENSG00000121577.13,chr3,119659932,119660893,TSS,True,48,135
ENSG00000121577.13,chr3,119648118,119648671,TSS,True,112,134
ENSG00000121577.13,chr3,119660519,119660892,TSS,False,121,135
ENSG00000172037.13,chr3,49124700,49124926,TSS,True,303,337
ENSG00000172037.13,chr3,49132791,49133082,TSS,True,197,337
ENSG00000185909.14,chr3,49171238,49171685,TSS,True,31,121
ENSG00000169714.16,chr3,129171277,129171445,3AS,False,279,345
ENSG00000169714.16,chr3,129171538,129171654,5AS,False,157,339
ENSG00000168334.8,chr3,39186088,39187014,TSS,True,110,146
ENSG00000168334.8,chr3,39192445,39192596,TSS,True,104,146
ENSG00000093167.17,chr3,37176059,37176751,TSS,True,34,100
ENSG00000093167.17,chr3,37175817,37176361,TSS,True,73,100
ENSG00000158186.12,chr3,138348767,138372865,5AS,True,146,259
ENSG00000158186.12,chr3,138348318,138349032,TSS,True,220,343
ENSG00000158186.12,chr3,138348422,138348767,TSS,True,190,343
ENSG00000152642.10,chr3,32106511,32106758,TSS,False,24,133
ENSG00000023330.14,chr3,52198255,52199209,ES,False,107,123
ENSG00000156976.16,chr3,186783639,186784431,3AS,False,223,279
ENSG00000178053.17,chr3,158571347,158592433,5AS,False,46,101
ENSG00000178053.17,chr3,158592581,158596861,ES,False,15,108
ENSG00000178053.17,chr3,158571153,158571391,TSS,True,56,114
ENSG00000178053.17,chr3,158571160,158571347,TSS,True,61,114
ENSG00000058262.9,chr3,128052302,128052559,TSS,False,27,144
ENSG00000178057.14,chr3,49022768,49022877,3AS,True,18,129
ENSG00000174748.20,chr3,23917129,23917173,TSS,False,47,364
ENSG00000010282.14,chr3,42702578,42702828,TSS,True,96,281
ENSG00000010282.14,chr3,42693616,42696785,TSS,True,231,281
ENSG00000114738.10,chr3,50617226,50617513,5AS,False,273,438
ENSG00000114738.10,chr3,50617089,50617226,TSS,False,336,610
ENSG00000114738.10,chr3,50617078,50617241,TSS,True,443,610
ENSG00000114738.10,chr3,50617156,50617784,TSS,True,491,610
ENSG00000114391.12,chr3,101686671,101686718,TSS,True,11,106
ENSG00000163833.7,chr3,121593366,121593502,TSS,False,38,165
