gene,chr,start,end,splice_type,novel,right_cardiac_atrium_ENCFF613SDS_in_cov,right_cardiac_atrium_ENCFF613SDS_total_cov
ENSG00000280071.3,chr21,5118847,5124755,ES,False,23,178
ENSG00000141959.16,chr21,44306754,44311005,ES,True,83,118
ENSG00000141959.16,chr21,44299728,44300190,TSS,True,20,137
ENSG00000160310.17,chr21,46635763,46636895,ES,False,23,143
ENSG00000160310.17,chr21,46635617,46635763,TSS,True,17,163
ENSG00000160310.17,chr21,46664294,46665698,PAS,True,94,162
ENSG00000160310.17,chr21,46658744,46661269,PAS,True,89,158
ENSG00000182871.14,chr21,45505431,45505837,3AS,False,138,163
ENSG00000182871.14,chr21,45405114,45405241,TSS,False,120,189
ENSG00000154734.14,chr21,26844224,26845409,TSS,False,25,176
ENSG00000154734.14,chr21,26842338,26845410,TSS,True,155,175
ENSG00000183255.11,chr21,44873501,44873735,TSS,True,73,339
ENSG00000154723.12,chr21,25734852,25734925,TSS,True,30,249
ENSG00000142173.14,chr21,46097844,46098173,TSS,True,163,387
ENSG00000142173.14,chr21,46131953,46132850,PAS,False,119,386
ENSG00000142173.14,chr21,46129195,46132849,PAS,True,269,353
ENSG00000115649.15,chr2,219176759,219176999,TSS,True,13,126
ENSG00000023228.13,chr2,206159340,206159522,TSS,True,21,169
ENSG00000204843.12,chr2,74371728,74377431,ES,False,25,213
ENSG00000204843.12,chr2,74391793,74392075,TSS,False,47,249
ENSG00000138073.13,chr2,27133337,27133531,IR,False,88,105
ENSG00000124006.14,chr2,219550842,219551528,3AS,False,62,179
ENSG00000124006.14,chr2,219552697,219552867,IR,False,152,173
ENSG00000124006.14,chr2,219556723,219557822,ES,False,112,165
ENSG00000124006.14,chr2,219561708,219562008,PAS,True,126,369
ENSG00000124006.14,chr2,219550718,219550842,PAS,True,381,443
ENSG00000124006.14,chr2,219550720,219551285,PAS,True,331,442
ENSG00000124006.14,chr2,219558183,219559261,TSS,True,178,199
ENSG00000124006.14,chr2,219570220,219571824,TSS,True,164,443
ENSG00000124006.14,chr2,219567717,219567968,TSS,True,392,442
ENSG00000115648.13,chr2,237518648,237525600,ES,False,22,201
ENSG00000115648.13,chr2,237527516,237540347,ES,False,38,202
ENSG00000115648.13,chr2,237487108,237487437,TSS,True,38,207
ENSG00000115648.13,chr2,237510453,237510795,TSS,True,184,207
ENSG00000196141.13,chr2,200419496,200440648,ES,False,137,214
ENSG00000196141.13,chr2,200306075,200306601,TSS,True,196,223
ENSG00000196141.13,chr2,200306553,200306922,TSS,True,36,223
ENSG00000135926.14,chr2,218292465,218292597,TSS,True,38,129
ENSG00000168906.12,chr2,85543034,85543669,IR,True,145,180
ENSG00000168906.12,chr2,85543669,85545280,PAS,False,40,181
ENSG00000168906.12,chr2,85542900,85545280,PAS,True,152,181
ENSG00000114923.16,chr2,219627745,219627959,3AS,False,76,231
ENSG00000114923.16,chr2,219628570,219629143,5AS,False,177,290
ENSG00000114923.16,chr2,219628766,219629143,IR,True,111,132
ENSG00000114923.16,chr2,219627156,219627745,TSS,True,548,780
ENSG00000114923.16,chr2,219631039,219631455,TSS,False,565,780
ENSG00000115694.14,chr2,241508135,241508504,5AS,False,28,133
ENSG00000115694.14,chr2,241508005,241508623,TSS,True,158,192
ENSG00000115694.14,chr2,241508442,241508635,TSS,True,78,192
ENSG00000115694.14,chr2,241508504,241508636,TSS,True,164,192
ENSG00000168385.17,chr2,241315861,241315982,TSS,True,32,258
ENSG00000198925.11,chr2,219229534,219229656,TSS,True,58,111
ENSG00000198925.11,chr2,219224105,219224710,TSS,True,98,111
ENSG00000198925.11,chr2,219229009,219229368,TSS,True,98,111
ENSG00000115677.16,chr2,241315101,241315254,TSS,True,169,562
ENSG00000115677.16,chr2,241272760,241272937,TSS,True,493,562
ENSG00000115310.17,chr2,55049744,55050553,TSS,True,25,102
ENSG00000071082.10,chr2,101002260,101002315,TSS,True,24,150
ENSG00000071082.10,chr2,101002291,101002808,TSS,True,128,150
ENSG00000152082.13,chr2,130181696,130182452,TSS,True,14,109
ENSG00000169764.15,chr2,63840947,63841232,TSS,True,71,216
ENSG00000169764.15,chr2,63841330,63842204,TSS,True,155,216
ENSG00000184182.18,chr2,237966878,237967132,TSS,True,28,108
ENSG00000184182.18,chr2,238030553,238030613,TSS,True,94,108
ENSG00000184182.18,chr2,237968774,237968909,TSS,False,96,108
ENSG00000243147.7,chr2,27772692,27779432,ES,False,108,131
ENSG00000243147.7,chr2,27771655,27771799,TSS,True,39,163
ENSG00000243147.7,chr2,27771720,27771803,TSS,True,146,163
ENSG00000115380.19,chr2,55922447,55923710,ES,False,88,123
ENSG00000063660.8,chr2,240435349,240436084,TSS,False,33,223
ENSG00000170417.15,chr2,102761993,102762349,TSS,True,17,139
ENSG00000171303.6,chr2,26692726,26693158,TSS,True,28,135
ENSG00000091436.16,chr2,173075526,173076002,TSS,True,60,183
ENSG00000072195.14,chr2,219434625,219435365,TSS,False,99,111
ENSG00000072195.14,chr2,219447788,219449271,TSS,True,96,111
ENSG00000072195.14,chr2,219460063,219460996,TSS,False,95,111
ENSG00000144381.16,chr2,197499781,197499958,TSS,True,26,204
ENSG00000135916.15,chr2,230864920,230865145,TSS,True,30,147
ENSG00000135916.15,chr2,230873378,230873557,TSS,True,132,147
ENSG00000158435.7,chr2,101252805,101253478,TSS,False,18,117
ENSG00000158435.7,chr2,101261425,101262691,TSS,True,100,117
ENSG00000143947.13,chr2,55232655,55232708,TSS,True,18,173
ENSG00000138100.13,chr2,27282348,27282899,TSS,True,26,117
ENSG00000168542.14,chr2,188974188,188974568,TSS,True,37,170
ENSG00000134308.13,chr2,9630940,9631046,TSS,False,45,151
ENSG00000134308.13,chr2,9630158,9630765,TSS,True,110,151
ENSG00000123989.13,chr2,219541615,219542037,TSS,True,234,345
ENSG00000123989.13,chr2,219543224,219543902,TSS,True,161,345
ENSG00000213639.9,chr2,28751796,28752176,TSS,True,37,305
ENSG00000142327.12,chr2,240568234,240569114,TSS,True,29,155
ENSG00000079308.18,chr2,217813304,217813684,3AS,False,39,347
ENSG00000079308.18,chr2,217817689,217818598,TSS,True,169,509
ENSG00000152518.7,chr2,43226264,43226606,TSS,False,65,152
ENSG00000115641.18,chr2,105438398,105438583,TSS,True,88,438
ENSG00000115593.14,chr2,88091142,88096594,ES,False,13,107
ENSG00000115295.19,chr2,29115182,29115665,TSS,False,16,109
ENSG00000144118.13,chr2,120252980,120278617,3AS,False,87,116
ENSG00000072163.19,chr2,127675013,127675197,TSS,True,47,177
ENSG00000184489.11,chr8,141418018,141421387,5AS,True,152,190
ENSG00000184489.11,chr8,141421610,141422180,IR,False,49,325
ENSG00000184489.11,chr8,141422273,141425047,5AS,True,48,350
ENSG00000184489.11,chr8,141421386,141422345,TSS,True,462,548
ENSG00000184489.11,chr8,141422086,141425140,TSS,True,399,548
ENSG00000184489.11,chr8,141417829,141418018,TSS,True,385,548
ENSG00000078668.13,chr8,42395133,42398711,5AS,True,40,225
ENSG00000079459.12,chr8,11802675,11802931,TSS,True,69,104
ENSG00000079459.12,chr8,11804818,11808891,TSS,True,46,104
ENSG00000134020.7,chr8,22920183,22920280,TSS,True,115,143
ENSG00000134020.7,chr8,22927822,22928009,TSS,False,39,145
ENSG00000036448.9,chr8,2045035,2045168,TSS,True,223,923
ENSG00000036448.9,chr8,2085267,2085390,TSS,True,822,918
ENSG00000161016.17,chr8,144792365,144792428,TSS,False,240,495
ENSG00000180155.19,chr8,142777105,142777263,TSS,True,112,138
ENSG00000164733.20,chr8,11853479,11868000,ME,False,208,234
ENSG00000164733.20,chr8,11853479,11868000,ME,False,203,234
ENSG00000164733.20,chr8,11853479,11868000,ME,False,203,234
ENSG00000164733.20,chr8,11853479,11868000,ME,False,203,234
ENSG00000164733.20,chr8,11853479,11868000,ES,False,1237,1496
ENSG00000185122.10,chr8,144291531,144291874,TSS,True,138,299
ENSG00000185122.10,chr8,144313823,144313911,TSS,True,225,298
ENSG00000185122.10,chr8,144313905,144314054,TSS,True,258,298
ENSG00000179950.13,chr8,143818534,143821596,ES,False,60,135
ENSG00000179950.13,chr8,143824396,143829279,3AS,False,16,122
ENSG00000179950.13,chr8,143829279,143829376,TSS,True,15,149
ENSG00000164924.17,chr8,100951928,100952852,TSS,True,36,114
ENSG00000164924.17,chr8,100952849,100953334,TSS,True,102,114
ENSG00000164924.17,chr8,100953268,100953476,TSS,True,101,114
ENSG00000178814.16,chr8,144052326,144052448,IR,True,152,171
ENSG00000178814.16,chr8,144060652,144061242,TSS,False,133,176
ENSG00000178814.16,chr8,144063303,144063474,TSS,True,153,176
ENSG00000147684.8,chr8,124539101,124539287,TSS,True,16,121
ENSG00000104529.17,chr8,143581328,143586728,ES,False,50,439
ENSG00000104529.17,chr8,143586849,143597347,3AS,False,52,340
ENSG00000104529.17,chr8,143597347,143598252,TSS,True,142,482
ENSG00000104529.17,chr8,143586728,143591599,TSS,True,393,482
ENSG00000132561.13,chr8,98032317,98033098,3AS,False,88,153
ENSG00000160948.13,chr8,144428488,144428582,TSS,True,25,113
ENSG00000137575.11,chr8,58572314,58575902,3AS,False,27,105
ENSG00000156804.7,chr8,123540898,123541595,TSS,True,29,100
ENSG00000136574.17,chr8,11708928,11748918,3AS,False,133,186
ENSG00000136574.17,chr8,11703447,11704304,TSS,True,56,207
ENSG00000136574.17,chr8,11707853,11708928,TSS,True,180,207
ENSG00000213563.6,chr8,144526639,144526959,IR,False,45,111
ENSG00000213563.6,chr8,144526215,144526639,PAS,False,66,111
ENSG00000213563.6,chr8,144526215,144527787,PAS,True,44,100
ENSG00000133872.13,chr8,30070059,30082846,ES,False,28,250
ENSG00000067225.17,chr15,72200655,72206727,ME,False,996,1332
ENSG00000068305.17,chr15,99566104,99632977,ES,False,20,101
ENSG00000068305.17,chr15,99645764,99674392,ME,False,36,108
ENSG00000068305.17,chr15,99690428,99706728,ES,False,17,108
ENSG00000068305.17,chr15,99565428,99566104,TSS,True,22,123
ENSG00000174171.5,chr15,41895336,41895579,IR,False,25,111
ENSG00000174171.5,chr15,41892750,41895336,TSS,True,98,123
ENSG00000174171.5,chr15,41895579,41895963,PAS,True,96,123
ENSG00000140374.15,chr15,76292700,76311349,ES,False,18,156
ENSG00000182253.14,chr15,99105076,99106009,TSS,True,43,127
ENSG00000182253.14,chr15,99129440,99131813,TSS,True,88,103
ENSG00000182253.14,chr15,99132749,99135593,PAS,True,24,102
ENSG00000205363.5,chr15,73752109,73753383,TSS,True,18,103
ENSG00000205363.5,chr15,73750974,73751546,TSS,True,92,103
ENSG00000136378.14,chr15,78759200,78759578,PAS,False,35,145
ENSG00000136378.14,chr15,78765644,78767054,TSS,True,101,117
ENSG00000136378.14,chr15,78767378,78767590,TSS,True,106,118
ENSG00000136378.14,chr15,78811120,78811522,TSS,True,80,145
ENSG00000166831.8,chr15,64775232,64775620,TSS,False,142,327
ENSG00000166831.8,chr15,64750342,64750464,TSS,True,276,327
ENSG00000035664.11,chr15,63912197,63925940,ES,True,28,131
ENSG00000035664.11,chr15,63907031,63908600,PAS,True,36,133
ENSG00000035664.11,chr15,63907923,63911216,PAS,True,118,133
ENSG00000035664.11,chr15,64046297,64046561,TSS,True,16,139
ENSG00000140416.20,chr15,63042943,63056984,ME,False,5567,6223
ENSG00000140416.20,chr15,63062645,63065895,5AS,True,62,114
ENSG00000103994.17,chr15,42456957,42457532,TSS,True,134,162
ENSG00000166411.13,chr15,78155275,78157547,ES,False,155,179
ENSG00000166411.13,chr15,78149300,78149430,TSS,True,24,192
ENSG00000103710.10,chr15,65059418,65067732,ES,False,36,216
ENSG00000159251.7,chr15,34795505,34795733,TSS,False,1120,6552
ENSG00000159251.7,chr15,34794679,34795489,TSS,True,5859,6552
ENSG00000128739.22,chr15,24954852,24955062,TSS,True,81,289
ENSG00000128739.22,chr15,24856512,24856716,TSS,True,224,289
ENSG00000140474.13,chr15,74837435,74837756,5AS,False,65,113
ENSG00000140474.13,chr15,74843003,74843454,TSS,True,41,114
ENSG00000140474.13,chr15,74842074,74843156,TSS,True,93,114
ENSG00000182768.8,chr15,90265876,90266287,IR,False,36,325
ENSG00000182768.8,chr15,90265669,90266398,TSS,True,44,333
ENSG00000182768.8,chr15,90265672,90265876,TSS,False,297,333
ENSG00000136425.13,chr15,78131164,78131547,TSS,True,13,111
ENSG00000136425.13,chr15,78109234,78109328,TSS,True,99,111
ENSG00000182774.12,chr15,82540425,82540460,TSS,True,13,120
ENSG00000179010.14,chr4,6640708,6640827,IR,False,33,149
ENSG00000179010.14,chr4,6640655,6640708,TSS,False,123,156
ENSG00000179010.14,chr4,6640682,6641258,TSS,True,40,156
ENSG00000109390.11,chr4,139300601,139302521,TSS,True,70,114
ENSG00000109390.11,chr4,139295731,139295834,TSS,False,48,114
ENSG00000152795.17,chr4,82424883,82426036,IR,False,94,125
ENSG00000152795.17,chr4,82422746,82424883,PAS,True,31,131
ENSG00000152795.17,chr4,82423203,82426129,PAS,True,99,129
ENSG00000064042.17,chr4,41685830,41689526,ES,False,32,108
ENSG00000064042.17,chr4,41360561,41360936,TSS,True,62,113
ENSG00000064042.17,chr4,41538063,41538350,TSS,True,71,113
ENSG00000071127.16,chr4,10116650,10116986,TSS,True,27,247
ENSG00000109501.13,chr4,6269831,6270014,TSS,True,30,130
ENSG00000087274.16,chr4,2843837,2844024,TSS,True,51,104
ENSG00000196616.13,chr4,99321313,99321443,TSS,True,15,107
ENSG00000145349.16,chr4,113454515,113457334,ES,False,22,178
ENSG00000145349.16,chr4,113500511,113509637,ME,False,99,151
ENSG00000145349.16,chr4,113500511,113509637,ES,False,29,183
ENSG00000145349.16,chr4,113509672,113513327,3AS,False,92,189
ENSG00000129116.18,chr4,168832171,168890921,ES,False,24,217
ENSG00000129116.18,chr4,168894677,168898492,ES,False,44,273
ENSG00000129116.18,chr4,168925078,168926212,ES,False,65,294
ENSG00000129116.18,chr4,168831990,168832171,TSS,True,93,311
ENSG00000129116.18,chr4,168877717,168878394,TSS,True,258,311
ENSG00000138821.12,chr4,102344443,102345482,TSS,True,53,178
ENSG00000138821.12,chr4,102345344,102345511,TSS,True,131,178
ENSG00000109475.16,chr4,108620535,108620600,TSS,False,52,209
ENSG00000109475.16,chr4,108620576,108622024,TSS,True,185,209
ENSG00000109475.16,chr4,108622513,108622618,TSS,True,184,209
ENSG00000163110.14,chr4,94451851,94451995,TSS,True,52,367
ENSG00000163110.14,chr4,94663977,94668223,PAS,True,271,353
ENSG00000163110.14,chr4,94586988,94588564,PAS,True,82,344
ENSG00000170801.9,chr4,8295694,8296517,PAS,False,100,120
ENSG00000170801.9,chr4,8305970,8307102,PAS,False,23,120
ENSG00000109332.19,chr4,102797460,102799406,ES,False,183,229
ENSG00000109332.19,chr4,102827426,102827835,TSS,True,138,231
ENSG00000109332.19,chr4,102826484,102827192,TSS,True,145,231
ENSG00000156219.16,chr4,76103969,76112385,ES,False,96,130
ENSG00000156219.16,chr4,76074648,76074819,TSS,True,14,137
ENSG00000151729.10,chr4,185145899,185146554,IR,True,58,152
ENSG00000205678.7,chr4,64275197,64277051,PAS,False,213,241
ENSG00000205678.7,chr4,64277688,64280199,PAS,True,30,236
ENSG00000169116.11,chr4,74933027,74933370,TSS,True,40,173
ENSG00000168936.10,chr4,1717675,1718151,IR,True,119,137
ENSG00000168936.10,chr4,1720632,1721320,TSS,True,58,161
ENSG00000168936.10,chr4,1718151,1718605,TSS,False,135,161
ENSG00000138668.18,chr4,82355401,82356795,ES,False,72,124
ENSG00000138668.18,chr4,82359639,82373445,ES,False,27,123
ENSG00000132463.13,chr4,70839470,70839959,TSS,False,28,140
ENSG00000159692.15,chr4,1212423,1212912,3AS,False,203,301
ENSG00000159692.15,chr4,1238337,1248915,ES,False,65,252
ENSG00000159692.15,chr4,1211432,1212426,PAS,True,203,301
ENSG00000159692.15,chr4,1211429,1212423,PAS,True,98,301
ENSG00000159692.15,chr4,1248915,1249467,TSS,True,51,304
ENSG00000154556.18,chr4,185585444,185587688,PAS,True,24,206
ENSG00000154556.18,chr4,185589678,185589785,TSS,True,142,192
ENSG00000154556.18,chr4,185811663,185812516,TSS,True,159,216
ENSG00000154556.18,chr4,185656614,185656940,TSS,True,174,210
ENSG00000173801.16,chr17,41755432,41755729,IR,False,256,320
ENSG00000173801.16,chr17,41771862,41786587,5AS,False,130,151
ENSG00000173801.16,chr17,41754603,41755432,PAS,False,66,323
ENSG00000173801.16,chr17,41754606,41755895,PAS,True,259,323
ENSG00000173801.16,chr17,41786587,41786737,TSS,True,191,335
ENSG00000173801.16,chr17,41769417,41769683,TSS,True,218,334
ENSG00000169718.17,chr17,82058416,82058780,IR,False,70,128
ENSG00000182473.21,chr17,76086145,76087653,ES,False,117,131
ENSG00000182473.21,chr17,76089320,76091142,ES,False,94,108
ENSG00000182473.21,chr17,76089320,76094413,ES,False,21,128
ENSG00000182473.21,chr17,76103632,76103791,TSS,True,82,208
ENSG00000173991.5,chr17,39665345,39665469,TSS,True,453,2059
ENSG00000157637.12,chr17,81247061,81251492,ES,False,39,136
ENSG00000157637.12,chr17,81294822,81295503,TSS,True,42,169
ENSG00000198336.9,chr17,47209091,47209388,5AS,False,44,106
ENSG00000198336.9,chr17,47209027,47209557,TSS,True,214,1746
ENSG00000185359.12,chr17,81683960,81684103,TSS,True,27,104
ENSG00000141562.17,chr17,82458191,82458830,TSS,True,19,100
ENSG00000129250.11,chr17,4997673,4998156,TSS,True,253,1118
ENSG00000167549.18,chr17,29615854,29615944,3AS,False,142,172
ENSG00000167549.18,chr17,29617042,29617499,IR,False,125,142
ENSG00000167549.18,chr17,29621423,29622687,3AS,False,20,119
ENSG00000167549.18,chr17,29614756,29615854,PAS,True,30,172
ENSG00000167549.18,chr17,29614756,29615857,PAS,True,142,172
ENSG00000167549.18,chr17,29622687,29622921,TSS,True,76,198
ENSG00000030582.17,chr17,44345096,44345334,TSS,True,143,413
ENSG00000030582.17,chr17,44349658,44349751,TSS,True,344,412
ENSG00000108946.14,chr17,68511720,68512142,TSS,True,338,489
ENSG00000108946.14,chr17,68512399,68512548,TSS,True,226,489
ENSG00000184009.11,chr17,81511626,81511902,ES,False,280,313
ENSG00000184009.11,chr17,81512733,81512855,TSS,True,38,350
ENSG00000108861.8,chr17,43778799,43779000,TSS,True,24,165
ENSG00000108515.17,chr17,4951182,4951827,5AS,False,508,596
ENSG00000108515.17,chr17,4949590,4951224,TSS,True,601,686
ENSG00000108515.17,chr17,4949563,4951182,TSS,True,177,686
ENSG00000108679.12,chr17,78979823,78979962,TSS,True,108,658
ENSG00000132386.10,chr17,1761892,1762113,TSS,False,17,128
ENSG00000173918.14,chr17,79024068,79024494,TSS,True,53,163
ENSG00000159199.13,chr17,48892759,48892840,TSS,False,46,117
ENSG00000159199.13,chr17,48892835,48892910,TSS,False,84,117
ENSG00000082641.15,chr17,48056598,48057343,ES,False,64,102
ENSG00000082641.15,chr17,48048248,48048462,TSS,True,182,203
ENSG00000082641.15,chr17,48048761,48048864,TSS,True,148,203
ENSG00000182534.13,chr17,76680879,76685071,ES,False,708,870
ENSG00000161714.11,chr17,45132247,45132560,TSS,True,24,132
ENSG00000108788.11,chr17,42567040,42567166,TSS,True,17,101
ENSG00000108788.11,chr17,42567087,42567328,TSS,True,89,101
ENSG00000133030.20,chr17,17174075,17176425,ES,False,25,155
ENSG00000133030.20,chr17,17042427,17042971,TSS,True,101,160
ENSG00000133030.20,chr17,17158428,17159002,TSS,True,121,160
ENSG00000087191.12,chr17,63827380,63827514,TSS,True,20,176
ENSG00000141736.13,chr17,39699921,39700311,TSS,True,88,233
ENSG00000141736.13,chr17,39727368,39727547,TSS,True,201,230
ENSG00000129245.11,chr17,7614451,7614927,TSS,True,48,235
ENSG00000072778.19,chr17,7222865,7223132,IR,False,985,1119
ENSG00000072778.19,chr17,7219853,7220046,TSS,True,322,1218
ENSG00000270885.1,chr17,35731638,35731878,TSS,False,18,115
ENSG00000108840.15,chr17,44092284,44092395,5AS,True,22,179
ENSG00000108840.15,chr17,44087411,44087698,TSS,True,196,228
ENSG00000108840.15,chr17,44123503,44124047,TSS,True,148,228
ENSG00000108840.15,chr17,44110728,44111295,TSS,True,162,228
ENSG00000177469.12,chr17,42422626,42423258,TSS,False,167,247
ENSG00000197879.16,chr17,1491599,1491883,TSS,True,105,145
ENSG00000197879.16,chr17,1485693,1486131,TSS,True,91,145
ENSG00000177731.15,chr17,18251813,18251998,3AS,False,99,160
ENSG00000177731.15,chr17,18258627,18258774,TSS,True,24,176
ENSG00000142507.9,chr17,4796133,4796296,TSS,True,64,167
ENSG00000132471.11,chr17,75855238,75855369,TSS,True,35,124
ENSG00000108823.15,chr17,50168572,50170639,ES,False,24,110
ENSG00000108823.15,chr17,50165995,50166077,TSS,True,19,120
ENSG00000131469.14,chr17,42998395,42998471,TSS,False,45,148
ENSG00000131469.14,chr17,42998448,42998831,TSS,False,125,148
ENSG00000131469.14,chr17,43002754,43002783,TSS,True,128,148
ENSG00000141161.11,chr17,35147910,35148263,3AS,False,252,319
ENSG00000108953.16,chr17,1345499,1354210,ES,False,209,315
ENSG00000108528.13,chr17,4939815,4940068,TSS,True,44,380
ENSG00000166482.11,chr17,19387149,19387224,TSS,False,64,266
ENSG00000126581.12,chr17,42823879,42824154,5AS,False,101,160
ENSG00000126581.12,chr17,42824132,42824301,TSS,True,102,161
ENSG00000126581.12,chr17,42824154,42824315,TSS,True,60,161
ENSG00000013306.15,chr17,44322528,44322807,3AS,False,129,147
ENSG00000013306.15,chr17,44323577,44324710,IR,True,122,139
ENSG00000013306.15,chr17,44324710,44326602,TSS,False,23,156
ENSG00000013306.15,chr17,44323477,44325384,TSS,True,138,156
ENSG00000109099.14,chr17,15262428,15262555,TSS,True,23,148
ENSG00000006282.20,chr17,50551190,50551510,IR,False,94,107
ENSG00000006282.20,chr17,50551679,50551968,IR,False,92,109
ENSG00000121057.12,chr17,57085170,57085398,TSS,False,58,313
ENSG00000177885.14,chr17,75393550,75393855,TSS,True,65,107
ENSG00000177885.14,chr17,75405488,75405707,TSS,True,65,107
ENSG00000169727.12,chr17,82054049,82054509,3AS,False,138,162
ENSG00000169727.12,chr17,82054975,82055164,3AS,False,26,164
ENSG00000169727.12,chr17,82051518,82051964,TSS,False,24,168
ENSG00000163597.14,chr17,76557857,76561287,ES,False,74,119
ENSG00000128309.16,chr22,37024810,37029215,ES,False,146,177
ENSG00000128309.16,chr22,37019036,37019774,TSS,True,157,185
ENSG00000128309.16,chr22,37019747,37019872,TSS,True,51,185
ENSG00000100412.15,chr22,41468798,41469182,TSS,False,83,496
ENSG00000254413.8,chr22,50568839,50569081,PAS,True,27,197
ENSG00000254413.8,chr22,50568860,50569421,PAS,True,171,197
ENSG00000100234.11,chr22,32801684,32802122,TSS,False,79,460
ENSG00000198911.11,chr22,41832415,41833358,TSS,True,31,125
ENSG00000100321.14,chr22,39349825,39350109,TSS,True,26,138
ENSG00000100321.14,chr22,39377597,39378385,PAS,True,33,130
ENSG00000128274.16,chr22,42720796,42720901,TSS,True,37,103
ENSG00000183597.15,chr22,20021064,20021134,TSS,True,62,100
ENSG00000183597.15,chr22,20021099,20021246,TSS,False,63,100
ENSG00000184076.13,chr22,29767548,29769677,5AS,True,172,192
ENSG00000184076.13,chr22,29767378,29767548,TSS,False,28,200
ENSG00000184702.19,chr22,19718196,19718818,TSS,True,113,689
ENSG00000138867.16,chr22,24554948,24555187,TSS,True,30,113
ENSG00000100243.20,chr22,42649294,42649417,TSS,False,116,808
ENSG00000242259.8,chr22,19440885,19444390,PAS,True,17,116
ENSG00000242259.8,chr22,19440885,19441694,PAS,True,106,123
ENSG00000198125.12,chr22,35617162,35617328,TSS,True,864,1677
ENSG00000198125.12,chr22,35617361,35617533,TSS,False,1198,1677
ENSG00000100242.15,chr22,38752665,38755762,ES,False,119,166
ENSG00000100242.15,chr22,38755762,38756048,TSS,True,70,236
ENSG00000070413.19,chr22,19122127,19122446,TSS,True,44,120
ENSG00000198355.4,chr22,49961032,49961124,IR,False,233,262
ENSG00000198355.4,chr22,49960472,49961032,TSS,False,37,270
ENSG00000198355.4,chr22,49960492,49961234,TSS,True,242,270
ENSG00000205560.12,chr22,50567563,50569081,PAS,True,36,261
ENSG00000205560.12,chr22,50568860,50569421,PAS,True,226,257
ENSG00000205560.12,chr22,50578385,50578577,TSS,True,63,262
ENSG00000100300.17,chr22,43151524,43151604,TSS,True,17,103
ENSG00000099977.14,chr22,23974306,23974491,TSS,True,92,120
ENSG00000100348.9,chr22,36481563,36482025,TSS,True,29,156
ENSG00000100348.9,chr22,36480574,36480835,TSS,True,134,156
ENSG00000183963.18,chr22,31095609,31097268,ES,False,201,229
ENSG00000183963.18,chr22,31099896,31104315,ES,False,106,259
ENSG00000183963.18,chr22,31095536,31095609,TSS,False,232,262
ENSG00000183963.18,chr22,31093272,31093876,TSS,True,85,262
ENSG00000075240.16,chr22,46577072,46577290,TSS,False,43,101
ENSG00000172346.14,chr22,41560757,41561183,TSS,False,158,588
ENSG00000100106.20,chr22,37751828,37754915,3AS,True,39,215
ENSG00000100106.20,chr22,37772764,37773782,IR,True,197,226
ENSG00000100106.20,chr22,37773782,37776523,PAS,True,38,235
ENSG00000100106.20,chr22,37772600,37776526,PAS,True,207,235
ENSG00000100284.20,chr22,35346969,35347054,5AS,False,121,151
ENSG00000133454.15,chr22,25742108,25742293,TSS,True,61,114
ENSG00000133454.15,chr22,25846097,25846283,TSS,True,96,114
ENSG00000077942.18,chr22,45562911,45563362,PAS,True,253,505
ENSG00000077942.18,chr22,45600306,45602846,PAS,False,261,509
ENSG00000182944.17,chr22,29273864,29278029,ES,False,101,128
ENSG00000182944.17,chr22,29288786,29291564,3AS,False,78,141
ENSG00000182944.17,chr22,29268100,29268349,TSS,True,39,154
ENSG00000100359.20,chr22,40400813,40402138,ES,False,20,112
ENSG00000100359.20,chr22,40409018,40409249,IR,False,91,114
ENSG00000100359.20,chr22,40409681,40410292,PAS,True,14,123
ENSG00000160360.12,chr9,136327409,136327763,TSS,False,73,131
ENSG00000160360.12,chr9,136352936,136353155,TSS,False,103,131
ENSG00000172889.15,chr9,136665712,136665817,TSS,True,135,162
ENSG00000172889.15,chr9,136662168,136663108,TSS,True,87,162
ENSG00000172889.15,chr9,136671185,136672088,TSS,True,136,162
ENSG00000167081.16,chr9,125960849,125963011,ES,False,38,171
ENSG00000167081.16,chr9,125746674,125747653,TSS,True,40,179
ENSG00000165152.8,chr9,101486948,101487218,TSS,True,12,108
ENSG00000160408.14,chr9,127887591,127890655,5AS,False,16,115
ENSG00000160408.14,chr9,127896332,127899502,ES,False,62,100
ENSG00000160408.14,chr9,127899502,127899659,TSS,True,23,123
ENSG00000107372.12,chr9,72360787,72364695,ES,False,96,142
ENSG00000107372.12,chr9,72364695,72365265,TSS,True,17,164
ENSG00000107223.12,chr9,136862117,136862345,PAS,False,17,124
ENSG00000107223.12,chr9,136866180,136866312,TSS,True,38,124
ENSG00000107223.12,chr9,136863287,136863449,TSS,True,103,124
ENSG00000107223.12,chr9,136863819,136863873,TSS,True,111,124
ENSG00000148180.19,chr9,121300005,121301923,IR,True,118,133
ENSG00000148180.19,chr9,121299800,121300005,TSS,False,813,4844
ENSG00000107281.9,chr9,137045877,137046229,TSS,True,25,136
ENSG00000107281.9,chr9,137042926,137046685,TSS,True,115,136
ENSG00000148248.13,chr9,133375921,133376131,TSS,True,12,105
ENSG00000119487.16,chr9,125484583,125543058,ES,False,21,120
ENSG00000148303.16,chr9,133348206,133348246,TSS,False,47,185
ENSG00000148303.16,chr9,133348240,133349042,TSS,True,143,185
ENSG00000138835.22,chr9,113463090,113463881,TSS,True,58,100
ENSG00000159069.13,chr9,136941684,136942099,5AS,False,65,421
ENSG00000159069.13,chr9,136943890,136944795,TSS,True,400,451
ENSG00000159069.13,chr9,136944593,136944762,TSS,True,76,451
ENSG00000147852.15,chr9,2621113,2622271,TSS,True,23,110
ENSG00000148120.16,chr9,95004931,95005065,TSS,True,34,109
ENSG00000148120.16,chr9,95086681,95087481,PAS,True,28,112
ENSG00000148120.16,chr9,95082574,95087157,PAS,True,99,112
ENSG00000135047.14,chr9,87726253,87727593,5AS,False,32,102
ENSG00000135047.14,chr9,87726062,87726253,TSS,False,74,106
ENSG00000135047.14,chr9,87725582,87726398,TSS,True,44,106
ENSG00000188229.5,chr9,137241286,137241417,TSS,True,56,242
ENSG00000106991.13,chr9,127854288,127854749,TSS,True,137,675
ENSG00000136877.14,chr9,127802850,127803062,TSS,False,31,137
ENSG00000136877.14,chr9,127803190,127803404,TSS,True,118,137
ENSG00000136877.14,chr9,127814207,127817707,PAS,False,118,137
ENSG00000136877.14,chr9,127813194,127814505,PAS,True,20,137
ENSG00000165283.15,chr9,35103049,35103184,TSS,True,12,117
ENSG00000165119.20,chr9,83969380,83970161,3AS,False,65,136
ENSG00000165119.20,chr9,83973399,83974516,ES,False,16,125
ENSG00000165119.20,chr9,83967990,83969440,PAS,True,65,136
ENSG00000165119.20,chr9,83968082,83969380,PAS,True,71,136
ENSG00000165119.20,chr9,83980502,83980645,TSS,True,69,142
ENSG00000165119.20,chr9,83980152,83980270,TSS,True,95,142
ENSG00000176978.13,chr9,137112230,137112744,IR,True,370,455
ENSG00000176978.13,chr9,137114576,137114646,IR,False,365,432
ENSG00000176978.13,chr9,137114646,137114909,TSS,True,105,471
ENSG00000176978.13,chr9,137114462,137115159,TSS,True,405,471
ENSG00000165238.16,chr9,93292543,93293173,TSS,True,112,139
ENSG00000165238.16,chr9,93268016,93268065,TSS,True,120,139
ENSG00000165238.16,chr9,93288780,93289620,TSS,False,105,139
ENSG00000165238.16,chr9,93317519,93319211,PAS,True,110,132
ENSG00000165238.16,chr9,93320366,93320572,PAS,True,84,142
ENSG00000165238.16,chr9,93317872,93319218,PAS,True,120,142
ENSG00000165238.16,chr9,93318027,93319208,PAS,False,119,142
ENSG00000160445.10,chr9,128742745,128750621,5AS,True,31,128
ENSG00000160445.10,chr9,128755659,128771814,5AS,True,64,116
ENSG00000160445.10,chr9,128771814,128771942,TSS,False,74,138
ENSG00000160445.10,chr9,128771580,128771936,TSS,True,89,138
ENSG00000148219.16,chr9,116975333,116976113,3AS,False,30,119
ENSG00000148219.16,chr9,117096151,117214357,ES,False,39,115
ENSG00000148219.16,chr9,116424608,116426088,PAS,True,13,128
ENSG00000148219.16,chr9,117414496,117415180,TSS,True,14,129
ENSG00000136842.13,chr9,97501645,97501803,TSS,False,71,430
ENSG00000198467.14,chr9,35684550,35684731,IR,False,127,145
ENSG00000198467.14,chr9,35684550,35685268,ME,False,201,302
ENSG00000198467.14,chr9,35684550,35685063,ES,True,201,224
ENSG00000198467.14,chr9,35684807,35685268,ES,True,101,125
ENSG00000198467.14,chr9,35684807,35685268,3AS,False,101,116
ENSG00000198467.14,chr9,35681992,35682163,PAS,True,290,368
ENSG00000198467.14,chr9,35681992,35683241,PAS,True,76,352
ENSG00000107104.18,chr9,693782,710803,5AS,True,38,127
ENSG00000107104.18,chr9,731266,734747,ES,True,64,177
ENSG00000107104.18,chr9,593985,594080,TSS,True,177,199
ENSG00000107104.18,chr9,693679,693786,TSS,True,109,198
ENSG00000107104.18,chr9,693679,693782,TSS,True,160,198
ENSG00000107104.18,chr9,745172,746105,PAS,True,27,200
ENSG00000054148.17,chr9,136850137,136850754,ES,False,117,137
ENSG00000054148.17,chr9,136848968,136849590,TSS,True,66,147
ENSG00000054148.17,chr9,136847904,136848283,TSS,True,117,147
ENSG00000054148.17,chr9,136849755,136850137,TSS,True,118,147
ENSG00000095321.16,chr9,129110482,129110797,TSS,True,26,109
ENSG00000147872.9,chr9,19115300,19116649,PAS,True,23,133
ENSG00000147872.9,chr9,19108324,19108747,PAS,False,117,137
ENSG00000119383.19,chr9,129111320,129111631,TSS,True,79,112
ENSG00000119383.19,chr9,129140074,129140151,TSS,True,59,112
ENSG00000165269.12,chr9,33385866,33386076,IR,True,106,120
ENSG00000165269.12,chr9,33383194,33385290,PAS,True,70,124
ENSG00000165269.12,chr9,33383194,33385866,PAS,True,92,124
ENSG00000165269.12,chr9,33383132,33385231,PAS,True,97,124
ENSG00000165269.12,chr9,33402372,33402606,TSS,True,48,137
ENSG00000165269.12,chr9,33401236,33401415,TSS,True,114,137
ENSG00000139112.10,chr12,10212840,10213219,TSS,True,28,242
ENSG00000092841.18,chr12,56158711,56159586,IR,False,86,119
ENSG00000092841.18,chr12,56160320,56160625,IR,False,71,128
ENSG00000092841.18,chr12,56160670,56161386,IR,True,73,130
ENSG00000092841.18,chr12,56158337,56158404,TSS,True,107,245
ENSG00000092841.18,chr12,56161386,56161581,PAS,True,57,157
ENSG00000092841.18,chr12,56160242,56161580,PAS,True,100,155
ENSG00000060138.12,chr12,10704148,10713210,ES,False,768,1571
ENSG00000135469.13,chr12,56266845,56267252,TSS,True,104,136
ENSG00000135469.13,chr12,56267254,56267433,TSS,True,37,136
ENSG00000111667.13,chr12,6863308,6863829,5AS,False,20,108
ENSG00000111667.13,chr12,6852017,6852290,TSS,True,17,109
ENSG00000167552.13,chr12,49188976,49189080,TSS,True,14,107
ENSG00000057294.14,chr12,32896508,32896832,TSS,True,125,447
ENSG00000057294.14,chr12,32821355,32821902,TSS,True,366,431
ENSG00000063046.17,chr12,53006278,53006496,TSS,True,47,393
ENSG00000011465.16,chr12,91179361,91179559,TSS,True,159,476
ENSG00000011465.16,chr12,91182654,91182916,TSS,True,353,476
ENSG00000089009.15,chr12,112409586,112409634,TSS,True,43,196
ENSG00000089009.15,chr12,112408419,112409605,TSS,True,156,196
ENSG00000174099.11,chr12,65278865,65326825,ES,False,23,208
ENSG00000089157.15,chr12,120200831,120201082,3AS,False,446,514
ENSG00000089157.15,chr12,120201082,120201113,TSS,True,71,585
ENSG00000182196.13,chr12,122980745,122981128,5AS,False,59,114
ENSG00000182196.13,chr12,122981809,122982030,IR,False,14,136
ENSG00000182196.13,chr12,122980468,122980745,TSS,True,90,149
ENSG00000182196.13,chr12,122980680,122980812,TSS,True,102,149
ENSG00000135390.18,chr12,53676052,53676736,TSS,True,23,164
ENSG00000196531.10,chr12,56725262,56725531,TSS,True,75,171
ENSG00000196531.10,chr12,56715870,56716546,TSS,True,116,171
ENSG00000198431.15,chr12,104286893,104287109,TSS,True,47,114
ENSG00000198431.15,chr12,104286935,104287346,TSS,True,96,114
ENSG00000080371.5,chr12,71754847,71755288,TSS,False,15,117
ENSG00000135506.15,chr12,57715970,57716091,3AS,False,140,195
ENSG00000135506.15,chr12,57719182,57720405,ES,False,107,202
ENSG00000062485.18,chr12,56300159,56300392,TSS,True,74,412
ENSG00000089225.19,chr12,114407813,114408612,TSS,True,111,125
ENSG00000089225.19,chr12,114405627,114406144,TSS,False,90,125
ENSG00000089225.19,chr12,114403751,114406052,TSS,True,106,125
ENSG00000089225.19,chr12,114448496,114448794,TSS,True,96,125
ENSG00000173598.13,chr12,93395533,93398770,3AS,False,278,377
ENSG00000152556.16,chr12,48119237,48119406,TSS,True,53,316
ENSG00000139613.11,chr12,56189350,56190295,TSS,True,14,102
ENSG00000135424.16,chr12,55698917,55700898,ME,False,21,141
ENSG00000135424.16,chr12,55712062,55712257,TSS,True,370,431
ENSG00000135424.16,chr12,55697215,55697441,TSS,True,385,430
ENSG00000135424.16,chr12,55694442,55694740,TSS,True,373,430
ENSG00000170421.12,chr12,52904657,52905208,TSS,True,24,219
ENSG00000175899.14,chr12,9115763,9116193,TSS,True,94,472
ENSG00000150991.14,chr12,124914586,124914848,TSS,False,98,813
ENSG00000123416.15,chr12,49131297,49131398,TSS,False,16,130
ENSG00000188026.12,chr12,123472682,123484179,ES,False,55,374
ENSG00000187109.13,chr12,76060279,76074202,ES,False,33,107
ENSG00000187109.13,chr12,76044892,76048464,PAS,True,79,115
ENSG00000187109.13,chr12,76044744,76047718,PAS,True,61,118
ENSG00000187109.13,chr12,76046179,76049785,PAS,True,92,113
ENSG00000187109.13,chr12,76084566,76084782,TSS,True,12,119
ENSG00000159403.16,chr12,7092386,7092570,TSS,True,51,179
ENSG00000159403.16,chr12,7091451,7092447,TSS,True,161,179
ENSG00000123358.19,chr12,52051370,52051568,TSS,True,66,132
ENSG00000123358.19,chr12,52054325,52055204,TSS,True,103,132
ENSG00000123358.19,chr12,52043710,52043911,TSS,True,113,132
ENSG00000111666.10,chr12,101726404,101728900,5AS,True,233,272
ENSG00000118971.7,chr12,4273756,4274235,TSS,False,36,142
ENSG00000086598.10,chr12,123586939,123590341,ES,True,61,216
ENSG00000174437.16,chr12,110281203,110281918,TSS,True,306,447
ENSG00000174437.16,chr12,110342226,110342448,TSS,True,388,445
ENSG00000197111.15,chr12,53461143,53462492,3AS,False,89,133
ENSG00000197111.15,chr12,53462567,53465931,ES,False,34,119
ENSG00000197111.15,chr12,53462567,53467220,ES,False,16,136
ENSG00000197111.15,chr12,53467293,53468776,ES,False,49,109
ENSG00000197111.15,chr12,53452104,53452376,TSS,True,33,143
ENSG00000197111.15,chr12,53459404,53461143,TSS,True,126,143
ENSG00000175203.15,chr12,57535845,57546027,5AS,True,145,194
ENSG00000111652.9,chr12,6724152,6724613,5AS,False,15,116
ENSG00000111652.9,chr12,6724179,6724613,5AS,False,80,101
ENSG00000111652.9,chr12,6724014,6724179,TSS,True,45,125
ENSG00000111652.9,chr12,6723952,6724152,TSS,True,110,125
ENSG00000111652.9,chr12,6724099,6724250,TSS,True,104,125
ENSG00000135486.17,chr12,54282874,54283811,ES,False,384,547
ENSG00000187778.13,chr12,49568047,49568150,TSS,True,54,140
ENSG00000012822.15,chr12,53727403,53727492,TSS,True,28,196
ENSG00000182326.14,chr12,7060877,7061838,3AS,False,22,138
ENSG00000182326.14,chr12,7060675,7060877,TSS,True,16,154
ENSG00000109846.7,chr11,111911523,111911816,TSS,True,121,866
ENSG00000168056.15,chr11,65539881,65540244,ES,False,81,144
ENSG00000168056.15,chr11,65551401,65552157,TSS,True,120,156
ENSG00000168056.15,chr11,65547919,65549708,TSS,True,129,156
ENSG00000168056.15,chr11,65547438,65547568,TSS,False,136,156
ENSG00000110717.12,chr11,68030605,68030733,TSS,True,57,227
ENSG00000014216.15,chr11,65181270,65182013,TSS,True,59,199
ENSG00000129170.9,chr11,19201953,19201989,TSS,True,304,996
ENSG00000129170.9,chr11,19188135,19188295,TSS,True,742,996
ENSG00000162191.13,chr11,62678864,62679102,TSS,True,13,118
ENSG00000149131.15,chr11,57597765,57598321,TSS,True,133,163
ENSG00000149131.15,chr11,57597658,57597722,TSS,True,50,163
ENSG00000214530.9,chr11,72755753,72758529,ES,False,15,136
ENSG00000214530.9,chr11,72759381,72781061,5AS,False,17,132
ENSG00000214530.9,chr11,72781663,72781915,TSS,True,20,152
ENSG00000165915.13,chr11,47408441,47408662,TSS,True,25,135
ENSG00000165915.13,chr11,47415287,47416590,PAS,False,13,127
ENSG00000134571.10,chr11,47346384,47347425,3AS,True,245,2226
ENSG00000134571.10,chr11,47346384,47347425,IR,True,245,294
ENSG00000134571.10,chr11,47352622,47352764,TSS,False,1359,3298
ENSG00000149557.13,chr11,125445742,125446111,PAS,True,41,171
ENSG00000149557.13,chr11,125487732,125489822,PAS,True,118,156
ENSG00000149557.13,chr11,125496120,125496331,TSS,False,20,171
ENSG00000149182.14,chr11,47172333,47173425,ES,False,106,118
ENSG00000085063.15,chr11,33722463,33736381,ES,False,79,108
ENSG00000085063.15,chr11,33736381,33736477,TSS,True,24,132
ENSG00000172638.12,chr11,65866712,65866844,IR,False,44,244
ENSG00000172638.12,chr11,65866299,65867079,PAS,True,64,267
ENSG00000172638.12,chr11,65866305,65866712,PAS,True,210,268
ENSG00000172638.12,chr11,65872682,65873622,TSS,True,50,268
ENSG00000172638.12,chr11,65871156,65872019,TSS,False,238,268
ENSG00000167792.12,chr11,67606833,67607076,TSS,True,115,514
ENSG00000167792.12,chr11,67606938,67609635,TSS,True,448,514
ENSG00000084234.17,chr11,130122513,130126699,ES,False,85,222
ENSG00000084234.17,chr11,130069835,130070082,TSS,True,38,250
ENSG00000165912.15,chr11,47183069,47186348,ES,False,88,108
ENSG00000165912.15,chr11,47186348,47187001,TSS,True,83,202
ENSG00000165912.15,chr11,47183003,47186435,TSS,True,145,202
ENSG00000117984.13,chr11,1763791,1763988,TSS,True,181,939
ENSG00000170276.5,chr11,111912736,111912923,TSS,False,13,116
ENSG00000148926.9,chr11,10306098,10306331,IR,False,101,114
ENSG00000148926.9,chr11,10305071,10305229,TSS,True,17,116
ENSG00000148926.9,chr11,10306331,10307396,PAS,False,15,116
ENSG00000166333.13,chr11,6603822,6604225,3AS,False,213,271
ENSG00000002330.13,chr11,64284630,64284712,TSS,False,27,113
ENSG00000002330.13,chr11,64284181,64284577,TSS,True,94,113
ENSG00000134333.13,chr11,18394559,18394636,TSS,False,18,159
ENSG00000110108.9,chr11,60914006,60914268,TSS,False,17,103
ENSG00000175482.8,chr11,67352690,67353546,TSS,True,82,117
ENSG00000175482.8,chr11,67353302,67353561,TSS,True,84,117
ENSG00000084207.16,chr11,67583513,67583844,TSS,True,29,180
ENSG00000084207.16,chr11,67583815,67584169,TSS,False,157,180
ENSG00000167986.13,chr11,61332907,61333791,TSS,True,22,172
ENSG00000053918.16,chr11,2444882,2445484,TSS,True,55,105
ENSG00000053918.16,chr11,2461407,2461714,TSS,False,83,105
ENSG00000053918.16,chr11,2572009,2572109,TSS,True,94,105
ENSG00000023191.16,chr11,502181,504823,3AS,False,57,155
ENSG00000023191.16,chr11,502181,507112,3AS,False,115,185
ENSG00000023191.16,chr11,507112,507279,TSS,True,276,464
ENSG00000023191.16,chr11,504823,506849,TSS,True,329,461
ENSG00000023191.16,chr11,504426,504709,TSS,False,376,461
ENSG00000078902.15,chr11,1309465,1309673,TSS,True,51,137
ENSG00000205531.12,chr11,2945646,2951258,ES,False,163,218
ENSG00000205531.12,chr11,2992253,2992431,TSS,True,84,220
ENSG00000205531.12,chr11,2991793,2992260,TSS,False,161,220
ENSG00000177697.18,chr11,833022,834529,5AS,False,30,234
ENSG00000177697.18,chr11,833026,836062,ES,False,108,313
ENSG00000177697.18,chr11,832731,833026,TSS,True,102,415
ENSG00000177697.18,chr11,832949,833022,TSS,True,366,415
ENSG00000050165.17,chr11,12009171,12009385,TSS,False,5640,8104
ENSG00000050165.17,chr11,12008369,12008649,TSS,True,3560,8104
ENSG00000070081.16,chr11,17276685,17276828,TSS,True,28,101
ENSG00000070081.16,chr11,17276963,17277095,TSS,True,89,101
ENSG00000110321.16,chr11,10808704,10808980,TSS,True,70,347
ENSG00000166441.12,chr11,8682731,8682816,TSS,False,26,110
ENSG00000118181.10,chr11,119018281,119018345,TSS,True,140,300
ENSG00000118181.10,chr11,119017361,119018342,TSS,True,162,300
ENSG00000177666.16,chr11,819537,819905,TSS,True,37,211
ENSG00000166313.18,chr11,6418984,6419177,TSS,True,38,208
ENSG00000172531.14,chr11,67401727,67401888,TSS,True,21,105
ENSG00000173511.9,chr11,64237222,64237520,3AS,False,255,463
ENSG00000149809.14,chr11,65111981,65112514,5AS,False,36,212
ENSG00000149809.14,chr11,65111854,65112067,TSS,True,48,224
ENSG00000149809.14,chr11,65111861,65111981,TSS,False,188,224
ENSG00000115286.19,chr19,1393330,1395390,3AS,False,190,256
ENSG00000115286.19,chr19,1393330,1395390,IR,False,190,219
ENSG00000115286.19,chr19,1383866,1383942,TSS,True,65,301
ENSG00000115286.19,chr19,1388832,1388938,TSS,True,265,301
ENSG00000115286.19,chr19,1395390,1395589,PAS,True,95,285
ENSG00000115286.19,chr19,1393241,1395589,PAS,True,254,283
ENSG00000115286.19,chr19,1394417,1395588,PAS,True,223,285
ENSG00000182087.13,chr19,1011195,1011366,IR,False,140,240
ENSG00000182087.13,chr19,1011612,1011740,3AS,False,45,234
ENSG00000182087.13,chr19,1012188,1012462,IR,False,178,238
ENSG00000182087.13,chr19,1020771,1021251,TSS,True,55,287
ENSG00000161281.10,chr19,36152392,36152489,TSS,True,135,822
ENSG00000266964.5,chr19,35138361,35138894,TSS,True,61,105
ENSG00000266964.5,chr19,35139612,35139767,TSS,True,73,105
ENSG00000266964.5,chr19,35142479,35142521,TSS,True,85,105
ENSG00000129353.14,chr19,10602416,10602561,TSS,True,62,133
ENSG00000129353.14,chr19,10627917,10628004,TSS,True,118,133
ENSG00000129353.14,chr19,10643278,10644560,PAS,True,37,125
ENSG00000129353.14,chr19,10642896,10644559,PAS,True,89,124
ENSG00000170906.15,chr19,54102804,54102888,TSS,False,16,153
ENSG00000099785.10,chr19,8413420,8421788,ES,False,85,137
ENSG00000099785.10,chr19,8413279,8413420,TSS,True,16,153
ENSG00000104964.14,chr19,3062173,3062531,TSS,True,219,629
ENSG00000105223.19,chr19,40348768,40366418,ES,False,28,119
ENSG00000105223.19,chr19,40365930,40366418,3AS,False,149,169
ENSG00000105223.19,chr19,40348542,40348768,TSS,True,132,258
ENSG00000105223.19,chr19,40364079,40365930,TSS,False,182,258
ENSG00000104852.14,chr19,49107712,49107821,3AS,False,54,141
ENSG00000104852.14,chr19,49085154,49085636,TSS,True,100,165
ENSG00000104852.14,chr19,49102417,49104735,TSS,True,105,164
ENSG00000104852.14,chr19,49107794,49108613,PAS,True,55,142
ENSG00000104852.14,chr19,49107821,49108613,PAS,True,88,142
ENSG00000179262.9,chr19,12949159,12949277,3AS,False,136,215
ENSG00000099622.13,chr19,1272051,1272426,IR,False,169,226
ENSG00000099622.13,chr19,1269327,1269410,TSS,True,33,251
ENSG00000099622.13,chr19,1272426,1274810,PAS,True,69,235
ENSG00000099622.13,chr19,1274648,1274810,PAS,True,185,240
ENSG00000105220.15,chr19,34365009,34365388,TSS,True,81,746
ENSG00000099804.8,chr19,531703,532108,TSS,True,22,132
ENSG00000130255.12,chr19,5690266,5690327,TSS,False,22,113
ENSG00000178980.14,chr19,47778284,47778814,TSS,True,179,431
ENSG00000130726.11,chr19,58544064,58545097,TSS,True,14,137
ENSG00000126247.10,chr19,36140035,36140157,TSS,False,21,119
ENSG00000126247.10,chr19,36140093,36141220,TSS,True,105,119
ENSG00000197766.7,chr19,859524,859744,TSS,False,22,213
ENSG00000123159.15,chr19,14491743,14496036,ES,False,50,116
ENSG00000125503.12,chr19,55117222,55117697,TSS,True,67,101
ENSG00000125503.12,chr19,55095444,55095601,TSS,True,86,100
ENSG00000125503.12,chr19,55096050,55096815,TSS,True,82,100
ENSG00000170889.13,chr19,54200830,54200888,TSS,True,97,313
ENSG00000170889.13,chr19,54201157,54201281,TSS,True,254,313
ENSG00000105701.15,chr19,18538433,18539370,3AS,False,188,430
ENSG00000105701.15,chr19,18543485,18543620,TSS,True,46,437
ENSG00000063245.14,chr19,55692796,55692953,3AS,False,112,271
ENSG00000063245.14,chr19,55675130,55675435,TSS,True,46,276
ENSG00000104936.17,chr19,45770640,45771567,ES,False,155,373
ENSG00000104936.17,chr19,45771056,45771349,3AS,False,84,203
ENSG00000104936.17,chr19,45775034,45777341,5AS,False,67,360
ENSG00000104936.17,chr19,45782192,45784134,TSS,True,101,399
ENSG00000167658.15,chr19,3985377,3985472,TSS,True,236,1050
ENSG00000197380.10,chr19,46652659,46652783,TSS,True,89,113
ENSG00000197380.10,chr19,46660815,46661180,TSS,False,48,113
ENSG00000065717.14,chr19,3008945,3009577,5AS,True,27,202
ENSG00000065717.14,chr19,3019463,3019698,3AS,False,58,164
ENSG00000065717.14,chr19,3019466,3019698,IR,False,106,119
ENSG00000065717.14,chr19,3028880,3029363,TSS,True,55,231
ENSG00000099821.13,chr19,617655,617776,IR,False,122,139
ENSG00000099821.13,chr19,617849,618487,IR,False,115,130
ENSG00000099821.13,chr19,633424,633565,TSS,False,43,139
ENSG00000099821.13,chr19,621057,623305,TSS,True,108,139
ENSG00000072062.13,chr19,14117501,14117781,TSS,True,73,107
ENSG00000105135.15,chr19,15125655,15125819,TSS,False,95,246
ENSG00000105135.15,chr19,15124924,15125709,TSS,True,215,246
ENSG00000105135.15,chr19,15125379,15125701,TSS,True,214,246
ENSG00000090006.17,chr19,40610657,40611858,ES,False,72,143
ENSG00000090006.17,chr19,40614446,40617099,ES,False,45,144
ENSG00000090006.17,chr19,40614446,40619346,ES,False,49,217
ENSG00000090006.17,chr19,40617020,40619346,ES,False,25,125
ENSG00000090006.17,chr19,40619493,40623603,ES,False,38,230
ENSG00000090006.17,chr19,40601173,40601637,TSS,False,157,258
ENSG00000105357.16,chr19,50203609,50203671,TSS,True,84,123
ENSG00000105357.16,chr19,50210361,50210770,TSS,True,108,123
ENSG00000105193.8,chr19,39435847,39435986,TSS,True,135,380
ENSG00000105193.8,chr19,39435606,39435710,TSS,True,247,380
ENSG00000130176.7,chr19,11538810,11538990,TSS,True,56,172
ENSG00000130176.7,chr19,11539918,11540021,TSS,False,132,172
ENSG00000167657.13,chr19,3971021,3971121,TSS,False,21,114
ENSG00000105373.18,chr19,47745517,47745783,TSS,True,62,355
ENSG00000105373.18,chr19,47756707,47756744,TSS,True,314,353
ENSG00000105409.18,chr19,41994070,41994269,TSS,False,42,118
ENSG00000214456.8,chr19,4529866,4534014,ES,True,18,116
ENSG00000214456.8,chr19,4535164,4535230,TSS,True,21,145
ENSG00000105568.17,chr19,52189990,52190174,TSS,True,79,765
ENSG00000185800.11,chr19,45782946,45784290,PAS,False,33,102
ENSG00000079999.13,chr19,10503240,10503596,TSS,True,147,174
ENSG00000079999.13,chr19,10502696,10502838,TSS,False,56,174
ENSG00000079999.13,chr19,10499394,10500081,TSS,True,153,174
ENSG00000079805.16,chr19,10795439,10798485,ME,False,92,126
ENSG00000079805.16,chr19,10802358,10805915,ES,False,112,131
ENSG00000079805.16,chr19,10830378,10830980,3AS,False,38,156
ENSG00000079805.16,chr19,10718022,10718403,TSS,True,74,163
ENSG00000079805.16,chr19,10830205,10830378,TSS,False,146,163
ENSG00000079805.16,chr19,10768516,10768862,TSS,False,138,163
ENSG00000079805.16,chr19,10830977,10831906,PAS,True,41,159
ENSG00000079805.16,chr19,10830980,10831905,PAS,False,121,159
ENSG00000099624.7,chr19,1244440,1244736,IR,False,251,422
ENSG00000099624.7,chr19,1244314,1244825,PAS,True,250,420
ENSG00000099624.7,chr19,1244736,1244829,PAS,False,175,426
ENSG00000196365.11,chr19,5719703,5720479,TSS,True,25,127
ENSG00000129968.15,chr19,1885351,1885489,TSS,True,39,181
ENSG00000129968.15,chr19,1881234,1885465,TSS,True,157,181
ENSG00000071655.17,chr19,1592617,1592910,TSS,False,28,110
ENSG00000071655.17,chr19,1592521,1592894,TSS,True,97,110
ENSG00000178982.9,chr19,38619078,38619327,TSS,True,80,224
ENSG00000178982.9,chr19,38635045,38635118,TSS,True,145,219
ENSG00000099875.14,chr19,2037463,2037829,PAS,True,75,112
ENSG00000099875.14,chr19,2051095,2051247,TSS,True,61,112
ENSG00000198816.6,chr19,7515941,7516249,TSS,False,46,137
ENSG00000176490.4,chr19,2721303,2721451,TSS,True,60,110
ENSG00000174886.12,chr19,5903611,5903957,TSS,True,46,285
ENSG00000104805.15,chr19,48900264,48900372,TSS,False,86,570
ENSG00000104805.15,chr19,48900783,48900931,TSS,True,502,570
ENSG00000126934.13,chr19,4123783,4124170,TSS,True,41,291
ENSG00000104823.8,chr19,38831720,38831916,TSS,False,52,350
ENSG00000104823.8,chr19,38831077,38831273,TSS,True,309,350
ENSG00000187550.8,chr19,55528610,55530323,PAS,False,26,248
ENSG00000187550.8,chr19,55537053,55537147,TSS,False,35,248
ENSG00000187550.8,chr19,55536041,55536298,TSS,True,222,248
ENSG00000269858.5,chr19,40799165,40799262,TSS,False,29,115
ENSG00000269858.5,chr19,40800218,40801415,TSS,True,92,115
ENSG00000108107.14,chr19,55384686,55385965,TSS,False,23,133
ENSG00000108107.14,chr19,55386573,55386693,TSS,True,118,133
ENSG00000104960.15,chr19,49860336,49860613,3AS,False,170,189
ENSG00000104960.15,chr19,49850701,49851499,TSS,True,23,197
ENSG00000104960.15,chr19,49860613,49860744,PAS,True,26,197
ENSG00000104969.9,chr19,2783232,2783395,TSS,True,32,118
ENSG00000104969.9,chr19,2762505,2762645,TSS,True,102,118
ENSG00000125648.14,chr19,6444301,6453980,ES,False,15,100
ENSG00000125648.14,chr19,6436070,6436464,PAS,True,95,124
ENSG00000125648.14,chr19,6440061,6442159,PAS,True,58,118
ENSG00000125648.14,chr19,6459472,6459837,TSS,True,14,124
ENSG00000167676.4,chr19,4510445,4512051,TSS,True,133,176
ENSG00000167676.4,chr19,4518384,4518547,TSS,False,143,176
ENSG00000133243.8,chr19,2015296,2015723,TSS,True,51,117
ENSG00000133243.8,chr19,1997343,1998286,TSS,True,91,117
ENSG00000167460.15,chr19,16101263,16103005,PAS,True,42,111
ENSG00000167460.15,chr19,16095263,16095528,PAS,True,69,110
ENSG00000105323.16,chr19,41304261,41305675,3AS,False,95,106
ENSG00000105323.16,chr19,41264185,41264798,TSS,True,45,112
ENSG00000105401.8,chr19,10395343,10395434,IR,False,144,186
ENSG00000105401.8,chr19,10403377,10403874,TSS,True,25,209
ENSG00000197256.10,chr19,11178447,11178552,3AS,False,126,141
ENSG00000197256.10,chr19,11194590,11195621,5AS,False,38,106
ENSG00000197256.10,chr19,11197484,11197587,TSS,True,118,223
ENSG00000197256.10,chr19,11192830,11194039,TSS,True,197,222
ENSG00000099797.14,chr19,14529263,14529711,TSS,True,53,107
ENSG00000099797.14,chr19,14562024,14562575,TSS,True,92,107
ENSG00000099797.14,chr19,14563431,14564097,TSS,True,72,107
ENSG00000167468.16,chr19,1103996,1104127,TSS,True,33,209
ENSG00000099290.16,chr10,50097802,50104041,ES,True,91,463
ENSG00000099290.16,chr10,50067890,50068008,TSS,True,410,482
ENSG00000099290.16,chr10,50091554,50093386,TSS,True,126,482
ENSG00000148700.14,chr10,110007927,110008299,TSS,True,17,101
ENSG00000107816.17,chr10,100999302,100999952,TSS,False,37,119
ENSG00000138279.15,chr10,73388414,73396518,ES,False,25,193
ENSG00000138279.15,chr10,73414011,73414088,TSS,True,29,198
ENSG00000138279.15,chr10,73400802,73400860,TSS,True,174,198
ENSG00000123240.16,chr10,13100302,13109111,ES,False,166,194
ENSG00000123240.16,chr10,13116340,13118905,3AS,False,35,197
ENSG00000119950.20,chr10,110225977,110226283,TSS,True,22,121
ENSG00000078114.18,chr10,20880793,20880908,TSS,True,111,132
ENSG00000078114.18,chr10,20869739,20872520,TSS,True,117,132
ENSG00000078114.18,chr10,20897124,20897629,TSS,True,113,132
ENSG00000172661.18,chr10,45784901,45787034,ES,False,16,129
ENSG00000172661.18,chr10,45727189,45727320,TSS,True,77,145
ENSG00000172661.18,chr10,45752005,45752706,TSS,True,82,145
ENSG00000166136.15,chr10,100529766,100529925,TSS,True,24,163
ENSG00000134463.14,chr10,11742361,11742746,TSS,False,21,161
ENSG00000151929.9,chr10,119672656,119676466,3AS,False,30,178
ENSG00000151929.9,chr10,119676463,119677819,PAS,True,30,179
ENSG00000151929.9,chr10,119676466,119677819,PAS,False,149,179
ENSG00000122367.19,chr10,86668408,86668570,TSS,False,352,748
ENSG00000122367.19,chr10,86716356,86716771,TSS,True,195,255
ENSG00000122367.19,chr10,86717964,86718847,TSS,False,223,255
ENSG00000122367.19,chr10,86732886,86736149,PAS,True,496,660
ENSG00000067057.16,chr10,3067340,3067707,TSS,True,26,160
ENSG00000120049.19,chr10,101829199,101831071,ES,False,96,128
ENSG00000266412.5,chr10,46030525,46030680,TSS,True,74,314
ENSG00000266412.5,chr10,46023329,46023486,TSS,False,256,314
ENSG00000119938.8,chr10,91632955,91633070,TSS,False,16,107
ENSG00000122359.17,chr10,80172869,80205342,ES,False,143,381
ENSG00000122359.17,chr10,80205342,80205839,TSS,True,166,548
ENSG00000122359.17,chr10,80170799,80170918,TSS,True,460,548
ENSG00000150093.18,chr10,32901635,32908367,ES,False,96,285
ENSG00000035403.17,chr10,74109156,74114183,ES,False,69,144
ENSG00000035403.17,chr10,73997891,73998375,TSS,True,58,181
ENSG00000166295.8,chr10,72216072,72223887,5AS,False,37,158
ENSG00000166295.8,chr10,72216138,72223887,ES,False,57,121
ENSG00000166295.8,chr10,72216023,72216138,TSS,True,77,213
ENSG00000166295.8,chr10,72215982,72216072,TSS,True,144,213
ENSG00000166295.8,chr10,72233000,72235857,PAS,True,21,209
ENSG00000197321.14,chr10,29457337,29458333,PAS,True,14,100
ENSG00000197321.14,chr10,29634419,29634973,TSS,False,89,100
ENSG00000197893.13,chr10,113589079,113589665,3AS,False,112,144
ENSG00000197893.13,chr10,113598073,113605761,ES,True,17,111
ENSG00000197893.13,chr10,113588705,113589079,PAS,True,32,144
ENSG00000197893.13,chr10,113588714,113589082,PAS,True,112,144
ENSG00000197893.13,chr10,113604608,113604885,TSS,True,152,171
ENSG00000197893.13,chr10,113663810,113664121,TSS,True,117,171
ENSG00000170759.10,chr10,32008197,32011516,PAS,False,65,150
ENSG00000170759.10,chr10,32034748,32034838,PAS,True,81,143
ENSG00000122378.13,chr10,80408643,80420482,3AS,False,27,135
ENSG00000122378.13,chr10,80408484,80408643,TSS,True,16,152
ENSG00000171206.14,chr10,102643653,102645187,TSS,True,34,139
ENSG00000100664.10,chr14,103334182,103334260,TSS,False,28,259
ENSG00000092054.12,chr14,23435619,23435764,TSS,False,1418,2804
ENSG00000184601.10,chr14,104588309,104588577,IR,True,85,122
ENSG00000184601.10,chr14,104579736,104580003,TSS,True,47,150
ENSG00000184601.10,chr14,104581214,104581625,TSS,False,126,150
ENSG00000184601.10,chr14,104588273,104589846,PAS,True,98,135
ENSG00000184601.10,chr14,104588577,104589846,PAS,True,50,135
ENSG00000165410.14,chr14,34714537,34714702,TSS,False,29,235
ENSG00000092199.17,chr14,21230366,21230996,5AS,False,83,105
ENSG00000184887.13,chr14,105249085,105249156,IR,False,80,104
ENSG00000184887.13,chr14,105248532,105248560,TSS,False,92,106
ENSG00000184887.13,chr14,105248558,105249085,TSS,True,34,106
ENSG00000184887.13,chr14,105248565,105249247,TSS,False,87,106
ENSG00000165795.23,chr14,21022497,21023240,ES,False,104,305
ENSG00000165795.23,chr14,21023321,21025028,ES,False,145,223
ENSG00000165795.23,chr14,21025028,21025111,TSS,True,100,323
ENSG00000165795.23,chr14,21025676,21025758,TSS,False,268,323
ENSG00000133943.20,chr14,91114283,91157638,ES,False,101,150
ENSG00000133943.20,chr14,91173403,91175933,5AS,False,31,219
ENSG00000133943.20,chr14,91114038,91114283,TSS,True,78,230
ENSG00000156381.8,chr14,102508549,102509528,ES,True,165,317
ENSG00000156381.8,chr14,102509528,102509817,TSS,True,97,414
ENSG00000156381.8,chr14,102508640,102509776,TSS,True,353,414
ENSG00000080824.18,chr14,102084827,102084998,PAS,True,194,216
ENSG00000080824.18,chr14,102086985,102087336,TSS,True,49,242
ENSG00000126777.17,chr14,55580354,55612018,ES,False,135,153
ENSG00000126777.17,chr14,55661612,55667240,ES,False,66,157
ENSG00000182809.10,chr14,105474583,105474905,TSS,True,227,1807
ENSG00000142208.16,chr14,104792722,104795483,ES,False,286,334
ENSG00000100605.16,chr14,93115771,93116407,TSS,True,117,179
ENSG00000100605.16,chr14,93115068,93116416,TSS,True,83,179
ENSG00000197616.11,chr14,23382559,23383224,IR,True,98,121
ENSG00000197616.11,chr14,23383316,23384441,IR,True,49,194
ENSG00000197616.11,chr14,23383320,23384217,IR,True,80,144
ENSG00000197616.11,chr14,23387651,23387757,IR,True,30,143
ENSG00000197616.11,chr14,23387653,23387755,IR,True,48,113
ENSG00000197616.11,chr14,23407236,23408252,5AS,True,49,176
ENSG00000197616.11,chr14,23408252,23408465,TSS,False,10155,20063
ENSG00000197616.11,chr14,23382427,23382487,TSS,True,17710,19818
ENSG00000075413.17,chr14,103467191,103468080,3AS,False,39,137
ENSG00000075413.17,chr14,103385361,103386080,TSS,True,59,145
ENSG00000075413.17,chr14,103405071,103405267,TSS,False,91,145
ENSG00000090060.17,chr14,96564954,96567120,PAS,True,31,102
ENSG00000090060.17,chr14,96532510,96535574,PAS,True,77,102
ENSG00000100628.11,chr14,93976433,93976757,TSS,True,26,155
ENSG00000089737.16,chr14,94081118,94081225,TSS,True,18,106
ENSG00000166183.15,chr14,104105450,104107181,ES,False,52,344
ENSG00000166183.15,chr14,104109315,104111919,ES,False,111,345
ENSG00000166183.15,chr14,104085512,104085852,TSS,True,40,362
ENSG00000129538.13,chr14,20802093,20802796,ES,False,98,117
ENSG00000129538.13,chr14,20802796,20802844,TSS,True,40,157
ENSG00000072110.13,chr14,68877240,68879961,ME,False,30,138
ENSG00000072110.13,chr14,68978951,68979363,TSS,True,27,152
ENSG00000183576.12,chr14,99480727,99481192,TSS,True,15,143
ENSG00000166165.12,chr14,103522765,103522848,TSS,True,226,1236
ENSG00000074800.15,chr1,8868057,8871890,ME,False,59,159
ENSG00000107404.19,chr1,1338653,1339361,5AS,False,116,131
ENSG00000107404.19,chr1,1348895,1349464,TSS,True,27,144
ENSG00000132716.18,chr1,160262116,160262528,TSS,True,59,127
ENSG00000132716.18,chr1,160262448,160262618,TSS,False,104,127
ENSG00000132716.18,chr1,160262275,160262486,TSS,True,102,127
ENSG00000143321.18,chr1,156751342,156751787,TSS,True,46,199
ENSG00000143321.18,chr1,156743651,156743802,TSS,True,168,199
ENSG00000160097.17,chr1,32863776,32864663,3AS,False,19,102
ENSG00000160097.17,chr1,32864299,32864663,IR,True,57,128
ENSG00000160097.17,chr1,32862267,32863776,PAS,False,159,178
ENSG00000160097.17,chr1,32862268,32864483,PAS,True,155,175
ENSG00000160097.17,chr1,32862268,32864299,PAS,True,113,175
ENSG00000160097.17,chr1,32862268,32864797,PAS,True,104,175
ENSG00000143164.15,chr1,168004793,168022987,ES,False,42,116
ENSG00000143164.15,chr1,168045227,168063620,ES,False,84,134
ENSG00000143164.15,chr1,167936593,167937008,TSS,True,29,140
ENSG00000078808.16,chr1,1228467,1229094,TSS,False,349,426
ENSG00000078808.16,chr1,1231891,1232067,TSS,True,103,426
ENSG00000117640.17,chr1,25826826,25829617,3AS,False,25,218
ENSG00000117640.17,chr1,25819926,25820029,TSS,True,62,223
ENSG00000117640.17,chr1,25820029,25823128,TSS,True,196,223
ENSG00000265972.5,chr1,145996016,145996580,TSS,False,31,175
ENSG00000134686.18,chr1,33332404,33334184,5AS,False,38,106
ENSG00000134686.18,chr1,33349596,33349941,TSS,True,13,113
ENSG00000117266.15,chr1,205504560,205504796,TSS,True,87,119
ENSG00000117266.15,chr1,205504549,205504878,TSS,True,94,119
ENSG00000117266.15,chr1,205517078,205523625,TSS,True,104,119
ENSG00000116260.16,chr1,180196599,180197332,5AS,True,148,200
ENSG00000116260.16,chr1,180196599,180197332,IR,False,148,289
ENSG00000116260.16,chr1,180196890,180197332,IR,False,49,190
ENSG00000116260.16,chr1,180154800,180155172,TSS,True,133,386
ENSG00000116260.16,chr1,180196261,180200294,PAS,True,200,341
ENSG00000116260.16,chr1,180197332,180200293,PAS,True,183,383
ENSG00000135842.16,chr1,184974301,184974918,TSS,False,72,102
ENSG00000175756.13,chr1,1373999,1375185,TSS,True,88,102
ENSG00000175756.13,chr1,1375153,1375310,TSS,True,45,102
ENSG00000175756.13,chr1,1374996,1375188,TSS,True,82,102
ENSG00000143549.19,chr1,154170711,154172907,ME,False,33,147
ENSG00000143549.19,chr1,154156355,154157721,PAS,True,78,151
ENSG00000143549.19,chr1,154167465,154167940,PAS,False,78,151
ENSG00000143549.19,chr1,154182987,154183224,TSS,True,111,150
ENSG00000143549.19,chr1,154191901,154192135,TSS,True,43,151
ENSG00000265107.2,chr1,147773251,147773646,TSS,True,50,230
ENSG00000121769.7,chr1,31359589,31360830,PAS,True,983,1122
ENSG00000121769.7,chr1,31364015,31365939,PAS,True,202,1119
ENSG00000168509.19,chr1,146019734,146021586,ES,False,119,158
ENSG00000116171.17,chr1,52927245,52927465,TSS,True,57,144
ENSG00000116171.17,chr1,53014890,53015043,TSS,True,80,133
ENSG00000188976.10,chr1,959214,960041,TSS,True,14,104
ENSG00000178585.14,chr1,9910094,9910358,TSS,True,13,113
ENSG00000153187.19,chr1,244862730,244863673,5AS,False,84,137
ENSG00000153187.19,chr1,244863673,244864567,TSS,True,68,152
ENSG00000153187.19,chr1,244863616,244864545,TSS,True,98,152
ENSG00000116209.11,chr1,54040837,54041723,3AS,True,128,180
ENSG00000116209.11,chr1,54052999,54053441,TSS,True,24,182
ENSG00000077549.17,chr1,19339617,19344357,ES,False,19,109
ENSG00000162458.12,chr1,15758727,15758848,TSS,True,59,103
ENSG00000162458.12,chr1,15774636,15774796,TSS,True,72,103
ENSG00000253368.3,chr1,26994612,26999846,5AS,True,95,111
ENSG00000253368.3,chr1,26993691,26994612,TSS,False,21,115
ENSG00000253368.3,chr1,26993690,26994630,TSS,True,99,115
ENSG00000066136.20,chr1,40770708,40771603,PAS,True,12,104
ENSG00000162614.18,chr1,77942818,77942899,IR,False,35,117
ENSG00000162614.18,chr1,77942460,77943898,PAS,True,71,157
ENSG00000162614.18,chr1,77942899,77943899,PAS,True,122,157
ENSG00000117298.15,chr1,21345375,21345560,TSS,True,65,136
ENSG00000178104.19,chr1,149001696,149002849,5AS,False,82,190
ENSG00000178104.19,chr1,149003042,149003613,3AS,False,84,199
ENSG00000178104.19,chr1,149021153,149026714,ES,False,94,253
ENSG00000178104.19,chr1,148889404,148889894,TSS,True,190,360
ENSG00000178104.19,chr1,149004907,149005437,TSS,True,276,309
ENSG00000178104.19,chr1,149031999,149033019,PAS,True,88,351
ENSG00000178104.19,chr1,148932112,148932728,PAS,True,160,183
ENSG00000143575.14,chr1,154272510,154272776,TSS,True,12,101
ENSG00000143612.20,chr1,154214574,154220341,ES,False,31,166
ENSG00000142798.19,chr1,21819798,21823488,PAS,True,13,109
ENSG00000142798.19,chr1,21832494,21832569,TSS,True,82,112
ENSG00000142798.19,chr1,21833267,21833387,TSS,True,95,112
ENSG00000142798.19,chr1,21828834,21830419,TSS,True,99,112
ENSG00000133065.10,chr1,205812807,205813196,TSS,False,114,392
ENSG00000133065.10,chr1,205810069,205811090,TSS,True,350,392
ENSG00000157916.19,chr1,2391762,2391958,TSS,True,19,109
ENSG00000163050.16,chr1,226940255,226940399,TSS,False,86,446
ENSG00000163050.16,chr1,226964994,226965410,TSS,True,399,446
ENSG00000143742.12,chr1,225783368,225789239,ES,False,136,156
ENSG00000009307.15,chr1,114736855,114737962,ES,False,347,397
ENSG00000009307.15,chr1,114739890,114749820,ES,False,45,376
ENSG00000009307.15,chr1,114757924,114758025,TSS,True,47,429
ENSG00000118194.18,chr1,201362022,201363295,5AS,True,28,199
ENSG00000118194.18,chr1,201364297,201364375,TSS,True,1346,1526
ENSG00000118194.18,chr1,201372026,201375128,TSS,True,661,1531
ENSG00000198842.9,chr1,167094063,167094194,TSS,False,34,221
ENSG00000204219.10,chr1,23419139,23424564,3AS,True,93,113
ENSG00000142864.14,chr1,67424277,67424887,3AS,False,75,129
ENSG00000142864.14,chr1,67424959,67425082,3AS,False,49,129
ENSG00000116688.16,chr1,11980484,11981973,3AS,True,40,267
ENSG00000116688.16,chr1,11982114,11989164,ES,False,210,269
ENSG00000116688.16,chr1,11980199,11980484,TSS,True,124,405
ENSG00000116871.15,chr1,36173478,36176198,ES,False,54,226
ENSG00000116871.15,chr1,36176321,36176417,IR,False,119,236
ENSG00000116871.15,chr1,36178201,36178445,3AS,False,36,261
ENSG00000116871.15,chr1,36156124,36156463,TSS,True,113,299
ENSG00000116871.15,chr1,36170967,36171315,TSS,True,267,299
ENSG00000168653.10,chr1,39026398,39028722,5AS,False,78,128
ENSG00000168653.10,chr1,39026309,39026398,TSS,False,59,137
ENSG00000168653.10,chr1,39026321,39026402,TSS,True,87,137
ENSG00000142910.15,chr1,31576507,31576595,TSS,True,20,119
ENSG00000221986.6,chr1,109292464,109294205,3AS,False,231,328
ENSG00000221986.6,chr1,109292363,109292464,PAS,False,107,339
ENSG00000221986.6,chr1,109292361,109293005,PAS,True,259,339
ENSG00000018625.14,chr1,160115717,160115873,TSS,True,113,174
ENSG00000018625.14,chr1,160135836,160135993,TSS,True,135,171
ENSG00000090621.13,chr1,39575758,39577282,TSS,True,19,125
ENSG00000163346.16,chr1,154956068,154956418,TSS,True,25,101
ENSG00000163346.16,chr1,154945571,154946693,TSS,True,87,101
ENSG00000173660.11,chr1,46309127,46310154,ES,False,119,136
ENSG00000117318.8,chr1,23558415,23558934,IR,True,99,115
ENSG00000117318.8,chr1,23559019,23559126,IR,True,102,114
ENSG00000117318.8,chr1,23557922,23558415,PAS,True,16,115
ENSG00000117318.8,chr1,23559126,23559503,TSS,True,12,115
ENSG00000155366.16,chr1,112703806,112707077,ES,False,67,122
ENSG00000155366.16,chr1,112707077,112707369,TSS,False,40,162
ENSG00000155366.16,chr1,112705099,112705170,TSS,True,138,162
ENSG00000116560.10,chr1,35176379,35176474,PAS,True,94,107
ENSG00000116560.10,chr1,35182844,35184593,PAS,False,17,106
ENSG00000152061.23,chr1,174278779,174304985,IR,True,118,132
ENSG00000152061.23,chr1,174305127,174370978,IR,True,117,131
ENSG00000152061.23,chr1,174371072,174393994,IR,True,118,132
ENSG00000152061.23,chr1,174394146,174637373,IR,True,113,126
ENSG00000152061.23,chr1,174637488,174683521,IR,True,14,127
ENSG00000152061.23,chr1,174683596,174699524,IR,True,14,127
ENSG00000152061.23,chr1,174699650,174702112,IR,True,14,127
ENSG00000152061.23,chr1,174702256,174752312,IR,True,14,127
ENSG00000152061.23,chr1,174752354,174811831,IR,True,13,126
ENSG00000152061.23,chr1,174811960,174957456,IR,True,15,128
ENSG00000152061.23,chr1,174957549,174957890,IR,True,15,128
ENSG00000152061.23,chr1,174159252,174159657,TSS,True,35,138
ENSG00000152061.23,chr1,174637373,174990400,PAS,True,23,136
ENSG00000152061.23,chr1,174957890,174959900,PAS,True,122,137
ENSG00000049245.12,chr1,7771274,7771385,TSS,False,14,104
ENSG00000134243.11,chr1,109345878,109347482,3AS,False,64,197
ENSG00000134243.11,chr1,109397586,109397969,TSS,True,42,218
ENSG00000142676.14,chr1,23691829,23692611,3AS,False,27,143
ENSG00000142676.14,chr1,23691780,23691829,TSS,False,39,182
ENSG00000142676.14,chr1,23692139,23693913,TSS,True,161,182
ENSG00000142661.18,chr1,24112030,24112217,TSS,False,158,218
ENSG00000122218.15,chr1,160343130,160343536,TSS,True,16,120
ENSG00000154358.20,chr1,228378617,228378882,PAS,True,89,149
ENSG00000163382.11,chr1,156593881,156594299,PAS,True,12,104
ENSG00000116288.12,chr1,7961735,7962762,5AS,False,82,135
ENSG00000116288.12,chr1,7961614,7961735,TSS,True,66,148
ENSG00000116288.12,chr1,7961660,7961793,TSS,True,95,148
ENSG00000159346.12,chr1,202951164,202958184,ES,False,194,225
ENSG00000142937.11,chr1,44775522,44775600,TSS,True,22,212
ENSG00000215861.5,chr1,149187069,149190531,PAS,True,108,721
ENSG00000215861.5,chr1,149240376,149240861,TSS,True,83,721
ENSG00000173641.17,chr1,16017219,16017764,3AS,False,35,110
ENSG00000173641.17,chr1,16017764,16018046,TSS,True,524,1995
ENSG00000197530.12,chr1,1615423,1615633,TSS,True,122,141
ENSG00000197530.12,chr1,1615455,1616100,TSS,True,76,141
ENSG00000197530.12,chr1,1628547,1628722,TSS,False,118,138
ENSG00000160789.19,chr1,156137653,156140079,PAS,True,110,352
ENSG00000160789.19,chr1,156139079,156140087,PAS,True,248,355
ENSG00000162413.16,chr1,6601796,6602913,TSS,True,29,214
ENSG00000143774.16,chr1,228140363,228145510,ES,False,91,169
ENSG00000143774.16,chr1,228140225,228140363,TSS,True,20,189
ENSG00000143570.17,chr1,153963494,153963554,TSS,True,17,101
ENSG00000183072.9,chr5,173233209,173234749,3AS,False,195,337
ENSG00000183072.9,chr5,173232107,173233501,PAS,True,211,343
ENSG00000183072.9,chr5,173232109,173233209,PAS,False,142,343
ENSG00000183072.9,chr5,173234749,173235209,TSS,True,49,392
ENSG00000112936.18,chr5,40909273,40909616,TSS,False,51,432
ENSG00000113140.10,chr5,151686864,151687036,TSS,True,30,199
ENSG00000157510.13,chr5,149271613,149271984,TSS,True,11,104
ENSG00000112992.16,chr5,43602722,43603294,TSS,True,51,196
ENSG00000038274.16,chr5,163505565,163505749,TSS,True,24,129
ENSG00000038274.16,chr5,163503225,163503424,TSS,True,111,129
ENSG00000213585.10,chr5,133993015,134004646,3AS,False,121,486
ENSG00000153113.23,chr5,96762372,96765223,3AS,False,73,321
ENSG00000153113.23,chr5,96662077,96662497,TSS,True,292,338
ENSG00000153113.23,chr5,96702645,96702915,TSS,True,118,334
ENSG00000164309.14,chr5,79689684,79690056,TSS,False,105,173
ENSG00000164309.14,chr5,79733625,79739403,TSS,False,89,161
ENSG00000131446.16,chr5,180810039,180810210,TSS,True,118,156
ENSG00000131446.16,chr5,180802679,180802855,TSS,True,73,156
ENSG00000113328.18,chr5,163437664,163437764,IR,False,59,157
ENSG00000113328.18,chr5,163437578,163437804,TSS,True,63,160
ENSG00000113328.18,chr5,163437594,163437664,TSS,True,101,160
ENSG00000019582.14,chr5,150402625,150404679,ES,False,94,126
ENSG00000154153.13,chr5,16616651,16617194,TSS,True,44,118
ENSG00000154153.13,chr5,16508577,16508998,TSS,True,78,118
ENSG00000198624.12,chr5,151223922,151224138,TSS,True,36,258
ENSG00000113282.13,chr5,157789513,157791702,3AS,False,55,116
ENSG00000113282.13,chr5,157858929,157859190,TSS,True,14,120
ENSG00000113712.17,chr5,149496860,149505482,5AS,False,69,109
ENSG00000113712.17,chr5,149513209,149520289,ES,False,80,108
ENSG00000164405.10,chr5,132866585,132866687,TSS,True,26,192
ENSG00000145730.20,chr5,103019843,103028181,ES,False,388,1702
ENSG00000145730.20,chr5,103019843,103028184,ES,False,288,2543
ENSG00000145730.20,chr5,103019843,103028184,3AS,False,288,1990
ENSG00000145730.20,chr5,103025334,103028184,3AS,False,2224,3537
ENSG00000145730.20,chr5,102755028,102755348,TSS,False,3835,4350
ENSG00000145730.20,chr5,102865497,102866284,TSS,True,734,4350
ENSG00000172239.13,chr5,43555999,43556818,5AS,False,43,123
ENSG00000172239.13,chr5,43556581,43557126,TSS,True,45,126
ENSG00000172239.13,chr5,43556818,43557178,TSS,True,82,126
ENSG00000044115.20,chr5,138753379,138753510,TSS,True,53,267
ENSG00000072682.18,chr5,132195480,132198878,ME,False,110,133
ENSG00000072682.18,chr5,132218644,132227789,ES,False,66,117
ENSG00000072682.18,chr5,132227789,132227891,TSS,False,17,134
ENSG00000145592.13,chr5,40835182,40835284,TSS,False,159,205
ENSG00000131730.15,chr5,81233377,81251112,5AS,False,406,556
ENSG00000131730.15,chr5,81232638,81233377,TSS,True,310,722
ENSG00000131730.15,chr5,81232736,81233381,TSS,True,572,722
ENSG00000131730.15,chr5,81251106,81251284,TSS,True,592,722
ENSG00000145741.15,chr5,73498558,73499133,5AS,False,126,147
ENSG00000145741.15,chr5,73498430,73498799,TSS,True,126,147
ENSG00000145741.15,chr5,73498425,73498558,TSS,True,21,147
ENSG00000145901.15,chr5,151032383,151033607,3AS,False,94,110
ENSG00000145901.15,chr5,151080879,151081396,TSS,True,12,113
ENSG00000161011.19,chr5,179820881,179821141,TSS,True,79,361
ENSG00000067113.16,chr5,55468149,55534571,ME,False,39,116
ENSG00000015479.18,chr5,139322967,139325439,3AS,False,237,280
ENSG00000015479.18,chr5,139293607,139293805,TSS,True,40,281
ENSG00000132563.15,chr5,138444867,138445233,3AS,False,15,112
ENSG00000132563.15,chr5,138439027,138439240,TSS,True,13,122
ENSG00000049656.13,chr5,1339002,1341670,3AS,True,20,115
ENSG00000171604.11,chr5,139648845,139680363,ES,False,117,137
ENSG00000171604.11,chr5,139647831,139648845,TSS,True,32,170
ENSG00000171604.11,chr5,139648925,139649009,TSS,True,148,170
ENSG00000172348.14,chr6,46456751,46491975,TSS,True,211,246
ENSG00000172348.14,chr6,46248722,46248898,TSS,True,51,246
ENSG00000231925.11,chr6,33314004,33314266,TSS,True,40,106
ENSG00000231925.11,chr6,33313216,33313560,TSS,True,95,106
ENSG00000112715.21,chr6,43778918,43781955,ES,False,127,224
ENSG00000112715.21,chr6,43780785,43781955,5AS,False,20,109
ENSG00000112715.21,chr6,43770202,43771312,TSS,True,35,276
ENSG00000112759.17,chr6,44230046,44230346,IR,False,168,189
ENSG00000112759.17,chr6,44219282,44219782,TSS,True,119,207
ENSG00000112759.17,chr6,44223542,44223641,TSS,True,169,207
ENSG00000112759.17,chr6,44223780,44227342,TSS,True,181,207
ENSG00000112759.17,chr6,44226987,44227039,TSS,True,186,207
ENSG00000112531.16,chr6,163562069,163563443,3AS,False,109,146
ENSG00000112531.16,chr6,163563719,163566720,3AS,False,99,130
ENSG00000112531.16,chr6,163414377,163415335,TSS,True,24,167
ENSG00000112531.16,chr6,163570693,163573864,PAS,True,62,163
ENSG00000112531.16,chr6,163565945,163570145,PAS,True,125,157
ENSG00000112531.16,chr6,163564666,163567474,PAS,True,138,157
ENSG00000111897.6,chr6,122471698,122471853,TSS,False,17,142
ENSG00000120265.17,chr6,149802369,149810615,5AS,False,18,120
ENSG00000112096.17,chr6,159693144,159693337,TSS,True,45,446
ENSG00000124570.19,chr6,2971116,2971342,TSS,True,127,177
ENSG00000124570.19,chr6,2971532,2972165,TSS,True,99,177
ENSG00000204580.13,chr6,30894671,30896620,ES,False,92,110
ENSG00000204580.13,chr6,30884170,30884710,TSS,True,55,120
ENSG00000161904.11,chr6,33788380,33789165,TSS,True,12,102
ENSG00000118418.14,chr6,79201242,79201726,PAS,True,20,119
ENSG00000092820.17,chr6,158819316,158819418,TSS,True,162,354
ENSG00000092820.17,chr6,158818081,158818419,TSS,True,219,354
ENSG00000137312.14,chr6,30742526,30742825,TSS,True,61,365
ENSG00000137312.14,chr6,30740157,30740311,TSS,True,326,363
ENSG00000204525.16,chr6,31271998,31272133,TSS,False,27,108
ENSG00000204525.16,chr6,31271072,31272090,TSS,True,96,108
ENSG00000204525.16,chr6,31271598,31272090,TSS,True,97,108
ENSG00000206503.12,chr6,29942481,29942626,TSS,True,33,266
ENSG00000027697.14,chr6,137219242,137219427,TSS,False,30,238
ENSG00000186439.12,chr6,123212908,123218740,PAS,False,141,181
ENSG00000186439.12,chr6,123501827,123503901,PAS,True,147,175
ENSG00000186439.12,chr6,123528293,123530565,PAS,True,141,175
ENSG00000186439.12,chr6,123349475,123352586,PAS,True,152,179
ENSG00000204592.8,chr6,30489472,30489595,TSS,False,65,285
ENSG00000137409.19,chr6,36970694,36972702,5AS,False,282,589
ENSG00000112576.12,chr6,42048500,42048962,TSS,True,111,140
ENSG00000112576.12,chr6,41941451,41941880,TSS,False,34,139
ENSG00000025039.14,chr6,89411845,89412520,TSS,True,22,198
ENSG00000112183.14,chr6,17284711,17291755,ES,False,56,114
ENSG00000112183.14,chr6,17284711,17291783,3AS,True,28,142
ENSG00000112183.14,chr6,17280520,17281749,TSS,True,57,198
ENSG00000112183.14,chr6,17291755,17293877,PAS,True,29,162
ENSG00000112183.14,chr6,17291783,17293875,PAS,True,134,162
ENSG00000131165.14,chr16,89657581,89657726,TSS,True,15,107
ENSG00000103512.14,chr16,14833688,14834016,TSS,True,65,317
ENSG00000205937.11,chr16,2268054,2268391,TSS,False,26,102
ENSG00000205937.11,chr16,2267662,2267859,TSS,False,91,102
ENSG00000140939.14,chr16,67173923,67174046,TSS,True,40,137
ENSG00000140939.14,chr16,67174308,67174464,TSS,True,116,137
ENSG00000011638.10,chr16,21158746,21161084,3AS,False,97,128
ENSG00000140983.13,chr16,668236,668357,3AS,False,16,136
ENSG00000140983.13,chr16,668411,668487,IR,False,127,148
ENSG00000140983.13,chr16,668569,668655,IR,False,133,150
ENSG00000140983.13,chr16,668699,669552,IR,False,113,127
ENSG00000140983.13,chr16,668699,670122,ES,False,24,131
ENSG00000140983.13,chr16,669606,670122,IR,False,111,129
ENSG00000140983.13,chr16,670175,670265,3AS,False,25,152
ENSG00000140983.13,chr16,671000,671082,IR,False,85,154
ENSG00000140983.13,chr16,668079,668236,TSS,True,45,181
ENSG00000166592.11,chr16,66925408,66925536,TSS,True,66,304
ENSG00000185739.13,chr16,4204634,4242006,ES,True,677,775
ENSG00000185739.13,chr16,4242006,4242268,TSS,True,111,887
ENSG00000134419.15,chr16,18790309,18790336,TSS,False,19,183
ENSG00000079616.12,chr16,29790709,29790829,TSS,True,100,117
ENSG00000079616.12,chr16,29804117,29805026,TSS,True,61,117
ENSG00000079616.12,chr16,29805150,29805174,TSS,True,78,117
ENSG00000069329.17,chr16,46689130,46689199,TSS,False,21,159
ENSG00000149925.18,chr16,30065720,30065927,TSS,True,686,4081
ENSG00000103495.13,chr16,29808741,29810076,ES,False,70,104
ENSG00000103495.13,chr16,29806339,29806893,TSS,True,49,109
ENSG00000103495.13,chr16,29806687,29808293,TSS,True,91,109
ENSG00000103495.13,chr16,29806546,29807828,TSS,False,84,109
ENSG00000103342.12,chr16,11896782,11897839,3AS,False,24,115
ENSG00000141002.19,chr16,89907322,89910590,ES,False,95,108
ENSG00000103260.8,chr16,716992,717070,IR,False,93,125
ENSG00000103260.8,chr16,715108,715393,TSS,True,39,160
ENSG00000103260.8,chr16,717070,719652,PAS,True,32,125
ENSG00000103260.8,chr16,716932,717478,PAS,True,96,125
ENSG00000103502.13,chr16,29862720,29862814,IR,False,120,146
ENSG00000103502.13,chr16,29862814,29863199,TSS,True,29,167
ENSG00000103502.13,chr16,29862585,29863191,TSS,True,141,167
ENSG00000050820.16,chr16,75251470,75251719,TSS,True,93,123
ENSG00000050820.16,chr16,75234888,75235855,TSS,True,106,123
ENSG00000050820.16,chr16,75265824,75266014,TSS,True,87,124
ENSG00000063854.12,chr16,1826711,1827158,TSS,False,41,139
ENSG00000063854.12,chr16,1819896,1821507,TSS,True,109,139
ENSG00000103415.11,chr16,4476487,4505483,ES,False,96,111
ENSG00000006007.11,chr16,19517185,19521703,3AS,False,16,128
ENSG00000197912.15,chr16,89507689,89508600,TSS,True,60,136
ENSG00000197912.15,chr16,89517047,89524247,TSS,True,111,134
ENSG00000197912.15,chr16,89526328,89526468,TSS,False,115,134
ENSG00000161999.11,chr16,683441,683529,IR,False,107,134
ENSG00000161999.11,chr16,683909,684065,IR,False,101,119
ENSG00000103034.14,chr16,58464095,58464467,TSS,True,144,290
ENSG00000103034.14,chr16,58463373,58463797,TSS,True,193,290
ENSG00000184110.14,chr16,28711448,28711518,TSS,True,68,371
ENSG00000140988.15,chr16,1964448,1964826,TSS,True,797,928
ENSG00000140988.15,chr16,1964806,1964828,TSS,True,208,928
ENSG00000140859.15,chr16,57802369,57802710,TSS,True,35,170
ENSG00000167930.15,chr16,259599,259995,3AS,False,25,153
ENSG00000167930.15,chr16,234790,234857,TSS,True,58,190
ENSG00000103507.13,chr16,31112027,31112120,IR,False,86,129
ENSG00000103507.13,chr16,31112120,31112837,PAS,True,43,129
ENSG00000103507.13,chr16,31111868,31113359,PAS,True,86,129
ENSG00000103363.14,chr16,2776992,2777242,TSS,True,96,135
ENSG00000103363.14,chr16,2777236,2777295,TSS,True,39,135
ENSG00000162032.15,chr16,1778321,1778434,IR,False,72,121
ENSG00000162032.15,chr16,1782501,1782582,TSS,False,41,123
ENSG00000162032.15,chr16,1781357,1782507,TSS,True,88,123
ENSG00000132612.15,chr16,69311311,69311532,TSS,False,14,138
ENSG00000101605.12,chr18,3219802,3220010,TSS,True,109,162
ENSG00000101605.12,chr18,3094169,3094281,TSS,True,127,151
ENSG00000101605.12,chr18,3134649,3134754,TSS,True,119,151
ENSG00000101608.12,chr18,3247784,3247909,TSS,True,202,433
ENSG00000101608.12,chr18,3252133,3252325,TSS,False,241,433
ENSG00000166974.12,chr18,35041387,35041661,TSS,False,24,104
ENSG00000134440.11,chr18,57620648,57621707,3AS,False,40,129
ENSG00000141448.8,chr18,22169431,22169682,TSS,False,67,263
ENSG00000141448.8,chr18,22171105,22172279,TSS,True,211,263
ENSG00000170558.8,chr18,28176962,28178071,TSS,False,49,287
ENSG00000178605.13,chrX,315020,316913,ES,True,23,146
ENSG00000002586.19,chrX,2726373,2738202,3AS,False,18,136
ENSG00000002586.19,chrX,2740778,2741312,PAS,True,18,155
ENSG00000002586.19,chrX,2733356,2735602,PAS,True,138,154
ENSG00000130066.16,chrX,23783883,23785327,IR,True,164,195
ENSG00000101955.14,chrX,38174351,38220695,ES,False,24,133
ENSG00000102241.11,chrX,136497206,136497439,TSS,True,52,104
ENSG00000102241.11,chrX,136497495,136497870,TSS,True,55,104
ENSG00000071889.16,chrX,154507490,154508288,ES,False,11,109
ENSG00000071889.16,chrX,154515812,154515909,IR,False,29,106
ENSG00000071889.16,chrX,154515909,154516285,TSS,True,86,115
ENSG00000071889.16,chrX,154515759,154516267,TSS,True,38,115
ENSG00000196924.15,chrX,154350207,154350908,IR,False,157,188
ENSG00000196924.15,chrX,154351041,154351580,IR,False,129,181
ENSG00000196924.15,chrX,154353553,154354201,TSS,False,159,206
ENSG00000179222.17,chrX,51803012,51803117,TSS,False,68,102
ENSG00000179222.17,chrX,51893605,51893755,TSS,True,60,102
ENSG00000179222.17,chrX,51895045,51895760,TSS,True,86,102
ENSG00000131828.13,chrX,19343890,19344094,TSS,True,77,513
ENSG00000101940.17,chrX,48598037,48598750,3AS,False,30,152
ENSG00000101940.17,chrX,48597474,48597614,TSS,False,94,211
ENSG00000101940.17,chrX,48597498,48598957,TSS,True,180,211
ENSG00000101940.17,chrX,48597505,48598037,TSS,True,170,211
ENSG00000130985.16,chrX,47194024,47198802,ES,False,72,111
ENSG00000130985.16,chrX,47193755,47194024,TSS,True,36,147
ENSG00000022267.16,chrX,136147446,136147628,TSS,True,60,165
ENSG00000022267.16,chrX,136197023,136197134,TSS,True,145,165
ENSG00000169100.13,chrX,1391898,1392911,TSS,True,56,394
ENSG00000102181.20,chrX,150795486,150831230,ES,False,12,111
ENSG00000102181.20,chrX,150898521,150898759,TSS,True,18,132
ENSG00000102316.16,chrX,54815690,54815880,IR,True,207,248
ENSG00000102316.16,chrX,54807596,54807802,TSS,True,63,252
ENSG00000102316.16,chrX,54808334,54808433,TSS,True,218,252
ENSG00000102316.16,chrX,54815880,54816059,PAS,False,41,252
ENSG00000102316.16,chrX,54815247,54817069,PAS,True,211,251
ENSG00000126945.8,chrX,101408307,101411935,5AS,True,24,103
ENSG00000126945.8,chrX,101408188,101408319,TSS,False,29,109
ENSG00000126945.8,chrX,101408209,101408307,TSS,True,85,109
ENSG00000182492.15,chrX,153494831,153495113,TSS,True,34,265
ENSG00000156298.12,chrX,38561373,38561627,TSS,True,42,119
ENSG00000156298.12,chrX,38612530,38612666,TSS,False,82,119
ENSG00000005893.15,chrX,120428045,120431462,PAS,True,72,116
ENSG00000005893.15,chrX,120436493,120439293,PAS,True,62,114
ENSG00000005893.15,chrX,120426148,120428626,PAS,False,99,116
ENSG00000125356.6,chrX,119871858,119872013,TSS,False,89,249
ENSG00000125356.6,chrX,119873300,119873393,TSS,True,160,249
ENSG00000167393.17,chrX,341396,341882,IR,False,204,227
ENSG00000167393.17,chrX,373531,374072,TSS,False,42,253
ENSG00000166681.13,chrX,103377106,103377509,3AS,False,93,104
ENSG00000166681.13,chrX,103377462,103378077,PAS,True,95,106
ENSG00000166681.13,chrX,103377509,103378075,PAS,True,13,106
ENSG00000147274.14,chrX,136869186,136870417,PAS,True,110,132
ENSG00000147274.14,chrX,136873443,136874452,PAS,True,28,132
ENSG00000134871.18,chr13,110307021,110307528,TSS,True,47,108
ENSG00000134871.18,chr13,110511933,110513032,PAS,True,12,107
ENSG00000198176.12,chr13,113584673,113584888,TSS,True,34,100
ENSG00000198176.12,chr13,113584697,113585427,TSS,False,85,100
ENSG00000132938.19,chr13,29428413,29428896,TSS,True,22,127
ENSG00000183087.14,chr13,113863832,113864108,TSS,True,287,1027
ENSG00000189403.14,chr13,30465795,30465967,TSS,True,29,133
ENSG00000102804.14,chr13,44436503,44436857,TSS,True,64,217
ENSG00000102804.14,chr13,44573162,44577306,TSS,True,168,219
ENSG00000153531.13,chr13,113419489,113422979,PAS,True,12,110
ENSG00000153531.13,chr13,113453223,113454332,TSS,False,60,158
ENSG00000106635.7,chr7,73552242,73557486,ES,False,102,116
ENSG00000135218.18,chr7,80602154,80602379,TSS,True,84,418
ENSG00000135218.18,chr7,80673982,80674420,PAS,True,136,413
ENSG00000135218.18,chr7,80676383,80679276,PAS,False,287,413
ENSG00000136235.16,chr7,23260773,23266516,3AS,False,121,145
ENSG00000136235.16,chr7,23274064,23275108,PAS,True,38,187
ENSG00000136235.16,chr7,23256891,23258043,PAS,True,143,174
ENSG00000105993.14,chr7,157385540,157386324,PAS,True,205,231
ENSG00000105993.14,chr7,157416015,157417440,PAS,True,33,233
ENSG00000136261.14,chr7,16645855,16646288,TSS,True,72,132
ENSG00000136261.14,chr7,16661206,16661252,TSS,True,87,132
ENSG00000122566.21,chr7,26197732,26200571,ES,False,144,171
ENSG00000122566.21,chr7,26189657,26190460,PAS,False,166,192
ENSG00000122566.21,chr7,26190124,26192338,PAS,True,37,192
ENSG00000133606.10,chr7,140453050,140454729,PAS,True,27,194
ENSG00000133606.10,chr7,140456185,140456866,PAS,True,166,193
ENSG00000172354.9,chr7,100673581,100673923,TSS,True,13,125
ENSG00000122550.17,chr7,23106146,23123776,ES,False,91,118
ENSG00000122550.17,chr7,23105733,23106146,TSS,True,25,143
ENSG00000122550.17,chr7,23105761,23106794,TSS,True,123,143
ENSG00000122550.17,chr7,23174014,23175421,PAS,True,19,143
ENSG00000105974.11,chr7,116524979,116525092,TSS,True,383,445
ENSG00000105974.11,chr7,116525191,116525805,TSS,True,335,445
ENSG00000105974.11,chr7,116526328,116526689,TSS,True,217,445
ENSG00000164692.17,chr7,94394693,94395101,TSS,True,38,180
ENSG00000164889.13,chr7,151059561,151059762,TSS,True,29,109
ENSG00000164896.19,chr7,151077236,151077309,IR,False,155,179
ENSG00000164896.19,chr7,151079922,151080684,5AS,False,94,145
ENSG00000164896.19,chr7,151079922,151080684,IR,True,94,106
ENSG00000164896.19,chr7,151080684,151080883,TSS,True,83,181
ENSG00000164896.19,chr7,151079499,151080863,TSS,True,162,181
ENSG00000164896.19,chr7,151080436,151080839,TSS,False,132,181
ENSG00000128591.15,chr7,128849578,128850383,ES,False,109,147
ENSG00000128591.15,chr7,128852942,128853621,TSS,True,273,326
ENSG00000106211.8,chr7,76302672,76303076,TSS,False,193,643
ENSG00000106211.8,chr7,76303813,76303865,TSS,True,465,643
ENSG00000128609.14,chr7,123557774,123557826,TSS,False,42,318
ENSG00000128609.14,chr7,123557403,123557455,TSS,True,285,318
ENSG00000128595.16,chr7,128748804,128758870,ME,False,57,349
ENSG00000106078.18,chr7,51184199,51190849,ES,False,59,106
ENSG00000106078.18,chr7,51316592,51317116,TSS,True,20,118
ENSG00000136238.17,chr7,6392041,6400125,ES,False,104,117
ENSG00000075624.14,chr7,5528719,5529160,ES,False,259,307
ENSG00000164649.19,chr7,21908507,21916753,ES,False,54,108
ENSG00000164828.17,chr7,816673,838797,ES,False,22,103
ENSG00000164828.17,chr7,843520,851383,ES,False,12,107
ENSG00000164828.17,chr7,852667,852812,3AS,False,40,110
ENSG00000164828.17,chr7,856401,857827,ES,True,102,119
ENSG00000164828.17,chr7,815868,816673,TSS,True,26,131
ENSG00000122565.18,chr7,26201591,26201826,TSS,True,15,114
ENSG00000159840.15,chr7,143381409,143381559,3AS,True,53,101
ENSG00000159840.15,chr7,143380384,143381409,TSS,False,34,135
ENSG00000105953.14,chr7,44606547,44606653,TSS,True,72,122
ENSG00000105953.14,chr7,44693821,44694004,TSS,True,100,122
ENSG00000058404.19,chr7,44228924,44231005,ES,True,35,170
ENSG00000058404.19,chr7,44325356,44325759,TSS,True,45,213
ENSG00000240583.11,chr7,30911731,30912293,TSS,False,59,159
ENSG00000197448.13,chr7,143265092,143265260,IR,False,90,110
ENSG00000197448.13,chr7,143263414,143263585,TSS,True,19,129
ENSG00000106682.14,chr7,74174162,74174442,TSS,True,45,324
ENSG00000106631.8,chr7,44139022,44139421,IR,True,73,148
ENSG00000106631.8,chr7,44139022,44139781,IR,True,64,130
ENSG00000106631.8,chr7,44139664,44139781,IR,False,46,126
ENSG00000106631.8,chr7,44140787,44140960,3AS,False,1836,2056
ENSG00000106631.8,chr7,44141302,44141574,TSS,False,310,2224
ENSG00000236609.3,chr7,6615583,6616186,TSS,False,13,101
ENSG00000106263.17,chr7,2379511,2380278,3AS,False,63,152
ENSG00000106263.17,chr7,2354092,2355420,TSS,True,33,183
ENSG00000106263.17,chr7,2380203,2380748,PAS,True,93,181
ENSG00000106263.17,chr7,2380278,2380746,PAS,False,117,181
ENSG00000055118.14,chr7,150974941,150978151,5AS,True,18,142
ENSG00000055118.14,chr7,150944929,150945514,PAS,False,230,259
ENSG00000055118.14,chr7,150955395,150955840,TSS,True,230,261
ENSG00000055118.14,chr7,150977837,150978405,TSS,True,139,262
ENSG00000106628.10,chr7,44122109,44123510,3AS,True,103,133
ENSG00000106628.10,chr7,44123510,44123564,TSS,True,16,150
ENSG00000106052.13,chr7,27816394,27816889,5AS,False,180,260
ENSG00000122545.19,chr7,35801270,35832803,3AS,False,12,100
ENSG00000082014.16,chr7,151240522,151241491,IR,False,238,269
ENSG00000082014.16,chr7,151277076,151277169,TSS,False,163,288
ENSG00000082014.16,chr7,151248484,151249400,TSS,True,164,288
ENSG00000214022.11,chr7,150368941,150371227,ES,False,86,116
ENSG00000214022.11,chr7,150368941,150371227,3AS,True,86,102
ENSG00000214022.11,chr7,150368941,150371230,3AS,True,18,150
ENSG00000214022.11,chr7,150368167,150368941,TSS,True,73,238
ENSG00000214022.11,chr7,150371230,150374043,PAS,True,149,184
ENSG00000214022.11,chr7,150371227,150374043,PAS,True,59,184
ENSG00000214022.11,chr7,150369670,150374037,PAS,True,161,184
ENSG00000171867.16,chr20,4686512,4699215,3AS,False,173,348
ENSG00000171867.16,chr20,4686325,4686512,TSS,True,40,388
ENSG00000171867.16,chr20,4699215,4701587,PAS,True,180,361
ENSG00000171867.16,chr20,4699210,4701589,PAS,True,182,361
ENSG00000149596.6,chr20,44186326,44187409,TSS,True,57,201
ENSG00000149596.6,chr20,44115664,44116159,TSS,True,174,194
ENSG00000118705.16,chr20,37236709,37241302,ES,False,55,179
ENSG00000132819.16,chr20,57391395,57391818,TSS,True,77,189
ENSG00000154930.14,chr20,25057768,25058390,TSS,True,17,126
ENSG00000101400.5,chr20,33443310,33443891,TSS,False,60,595
ENSG00000198959.11,chr20,38165188,38165430,TSS,True,1239,1803
ENSG00000198959.11,chr20,38161419,38161601,TSS,True,1587,1803
ENSG00000198959.11,chr20,38155846,38156090,TSS,True,1197,1803
ENSG00000089063.14,chr20,5109445,5112960,5AS,False,85,115
ENSG00000089063.14,chr20,5112960,5113087,TSS,True,35,125
ENSG00000089063.14,chr20,5112729,5113076,TSS,True,106,125
ENSG00000132824.13,chr20,44521912,44522094,TSS,True,17,142
ENSG00000203880.11,chr20,64255697,64255870,TSS,True,22,108
ENSG00000100994.11,chr20,25248012,25248421,TSS,False,83,352
ENSG00000130706.12,chr20,62303045,62303567,5AS,True,19,124
ENSG00000130706.12,chr20,62302936,62303049,TSS,False,36,140
ENSG00000130706.12,chr20,62302818,62303045,TSS,True,121,140
ENSG00000197586.12,chr20,25195867,25207075,ES,False,76,103
ENSG00000197586.12,chr20,25195867,25209848,ES,False,23,166
ENSG00000197586.12,chr20,25218614,25222837,ES,False,16,157
ENSG00000197586.12,chr20,25221333,25222837,IR,True,140,179
ENSG00000197586.12,chr20,25224157,25225204,3AS,False,148,200
ENSG00000197586.12,chr20,25195669,25195867,TSS,True,41,207
ENSG00000101161.7,chr20,63981097,63981316,TSS,False,19,123
ENSG00000064601.18,chr20,45890233,45891379,TSS,False,28,147
ENSG00000064601.18,chr20,45898044,45898109,TSS,True,130,147
ENSG00000125818.17,chr20,1166226,1167794,PAS,True,144,182
ENSG00000125818.17,chr20,1165028,1167316,PAS,True,40,181
ENSG00000125826.20,chr20,408028,408779,TSS,True,21,101
ENSG00000101365.20,chr20,2658392,2658522,PAS,False,26,101
ENSG00000244274.7,chr20,45406313,45406732,TSS,True,70,158
ENSG00000244274.7,chr20,45406729,45408606,TSS,True,127,158
ENSG00000244274.7,chr20,45406891,45407779,TSS,False,139,158
ENSG00000087460.24,chr20,58895684,58903527,ES,False,528,619
ENSG00000087460.24,chr20,58895684,58903530,ES,False,314,1307
ENSG00000087460.24,chr20,58895684,58903530,3AS,False,314,935
ENSG00000101150.17,chr20,63865205,63865384,TSS,True,11,103
ENSG00000101210.11,chr20,63499057,63499275,TSS,True,193,1545
ENSG00000132821.11,chr20,37903063,37903471,TSS,True,19,119
ENSG00000125827.8,chr20,8019437,8019829,TSS,True,32,182
ENSG00000101182.14,chr20,62139074,62139185,TSS,True,153,194
ENSG00000101182.14,chr20,62143207,62143457,TSS,True,43,194
ENSG00000124155.17,chr20,45420693,45424215,ES,False,18,127
ENSG00000125970.11,chr20,34073635,34075873,ES,False,74,187
ENSG00000168734.13,chr20,44531766,44531978,TSS,True,111,157
ENSG00000168734.13,chr20,44582475,44582731,TSS,True,52,157
ENSG00000214706.10,chr3,50286002,50288271,PAS,False,19,171
ENSG00000047849.21,chr3,47853162,47853298,TSS,True,151,195
ENSG00000188846.13,chr3,40457295,40457363,TSS,False,107,140
ENSG00000188846.13,chr3,40457330,40457991,TSS,True,38,140
ENSG00000162244.11,chr3,51995856,51995952,TSS,False,24,114
ENSG00000162244.11,chr3,51995424,51995470,TSS,True,100,114
ENSG00000163719.19,chr3,9689082,9701789,ES,False,17,150
ENSG00000163719.19,chr3,9690143,9701789,ES,False,27,130
ENSG00000163520.13,chr3,13619831,13626444,ES,False,183,346
ENSG00000163520.13,chr3,13549060,13549208,TSS,True,105,360
ENSG00000163520.13,chr3,13570308,13571661,TSS,True,287,360
ENSG00000170275.14,chr3,33113963,33114548,TSS,True,21,126
ENSG00000163517.14,chr3,13480349,13481245,5AS,False,97,122
ENSG00000163517.14,chr3,13483564,13500712,ES,False,17,118
ENSG00000163517.14,chr3,13480134,13480349,TSS,False,51,148
ENSG00000163517.14,chr3,13480337,13480446,TSS,True,122,148
ENSG00000163517.14,chr3,13480477,13481394,TSS,True,133,148
ENSG00000081154.11,chr3,101574279,101579841,3AS,False,41,129
ENSG00000081154.11,chr3,101574279,101585436,ES,False,21,143
ENSG00000058056.8,chr3,179652754,179653393,TSS,True,16,147
ENSG00000114279.13,chr3,192727181,192727599,TSS,True,20,104
ENSG00000164062.12,chr3,49673964,49674413,TSS,True,18,119
ENSG00000172053.17,chr3,49104616,49104815,TSS,True,27,122
ENSG00000172053.17,chr3,49104323,49104757,TSS,True,108,122
ENSG00000132155.11,chr3,12609335,12618514,ES,False,14,117
ENSG00000132155.11,chr3,12663812,12664200,TSS,True,25,129
ENSG00000114867.20,chr3,184314489,184314674,TSS,True,83,107
ENSG00000114867.20,chr3,184321278,184322103,TSS,True,92,107
ENSG00000114867.20,chr3,184323173,184323593,TSS,True,95,107
ENSG00000173175.14,chr3,123447411,123450089,TSS,False,99,285
ENSG00000144749.13,chr3,66500189,66501123,TSS,True,41,135
ENSG00000144749.13,chr3,66383990,66384343,TSS,True,120,134
ENSG00000163703.17,chr3,9933787,9933852,TSS,False,74,108
ENSG00000163703.17,chr3,9933769,9933920,TSS,True,54,108
ENSG00000163703.17,chr3,9933324,9934612,TSS,True,95,108
ENSG00000114354.13,chr3,100736704,100744832,5AS,False,23,124
ENSG00000163430.11,chr3,120450896,120451339,TSS,True,29,232
ENSG00000168268.10,chr3,52533505,52533816,TSS,True,21,188
ENSG00000177479.19,chr3,48922811,48927461,ES,False,30,102
ENSG00000177479.19,chr3,48918211,48918998,TSS,True,15,143
ENSG00000132153.14,chr3,47802641,47803212,TSS,True,72,107
ENSG00000132153.14,chr3,47824966,47825247,TSS,False,53,107
ENSG00000074416.14,chr3,127823083,127823394,TSS,False,64,117
ENSG00000163681.14,chr3,57896932,57909075,ES,False,77,105
ENSG00000163681.14,chr3,57923023,57927295,ES,False,47,104
ENSG00000163681.14,chr3,57889991,57890100,TSS,True,26,119
ENSG00000163513.17,chr3,30606977,30644746,ES,False,152,177
ENSG00000163513.17,chr3,30606488,30606977,TSS,True,55,232
ENSG00000172037.13,chr3,49132868,49132954,IR,True,53,486
ENSG00000172037.13,chr3,49132791,49133082,TSS,True,479,916
ENSG00000182606.14,chr3,42013600,42014117,TSS,False,62,122
ENSG00000182606.14,chr3,42188042,42188145,TSS,True,102,121
ENSG00000182606.14,chr3,42222941,42225889,PAS,True,90,108
ENSG00000213672.7,chr3,48682135,48682347,3AS,False,74,123
ENSG00000213672.7,chr3,48685636,48685935,TSS,True,18,134
ENSG00000169714.16,chr3,129171277,129171445,3AS,False,420,563
ENSG00000169714.16,chr3,129171538,129171654,5AS,False,262,555
ENSG00000168334.8,chr3,39186088,39187014,TSS,True,97,132
ENSG00000168334.8,chr3,39192445,39192596,TSS,True,101,132
ENSG00000093167.17,chr3,37096660,37105454,ES,True,24,108
ENSG00000093167.17,chr3,37108684,37109652,ES,True,83,106
ENSG00000093167.17,chr3,37109700,37110990,3AS,True,69,105
ENSG00000093167.17,chr3,37174605,37176059,5AS,False,89,121
ENSG00000093167.17,chr3,37052625,37053961,PAS,True,21,136
ENSG00000093167.17,chr3,37176059,37176751,TSS,True,46,136
ENSG00000093167.17,chr3,37175817,37176361,TSS,True,102,136
ENSG00000158186.12,chr3,138348767,138372865,5AS,True,219,249
ENSG00000158186.12,chr3,138348318,138349032,TSS,True,277,308
ENSG00000158186.12,chr3,138348422,138348767,TSS,True,78,308
ENSG00000152642.10,chr3,32106511,32106758,TSS,False,45,272
ENSG00000163412.12,chr3,71693941,71710411,ES,False,12,101
ENSG00000156976.16,chr3,186783639,186784431,3AS,False,262,340
ENSG00000178252.17,chr3,49014116,49014209,IR,False,95,127
ENSG00000178252.17,chr3,49007308,49007531,TSS,True,33,130
ENSG00000178252.17,chr3,49011638,49014116,TSS,False,112,129
ENSG00000090097.21,chr3,51967325,51967530,TSS,True,22,115
ENSG00000178053.17,chr3,158571347,158592433,5AS,False,127,211
ENSG00000178053.17,chr3,158592581,158596861,ES,False,68,213
ENSG00000178053.17,chr3,158571153,158571391,TSS,True,135,223
ENSG00000178053.17,chr3,158571160,158571347,TSS,True,94,223
ENSG00000164054.15,chr3,48504018,48504380,TSS,False,83,100
ENSG00000164054.15,chr3,48473009,48473208,TSS,True,28,100
ENSG00000058262.9,chr3,128052302,128052559,TSS,False,41,163
ENSG00000174748.20,chr3,23917129,23917173,TSS,False,71,517
ENSG00000010282.14,chr3,42702578,42702828,TSS,True,203,717
ENSG00000010282.14,chr3,42693616,42696785,TSS,True,644,717
ENSG00000114738.10,chr3,50617226,50617513,5AS,False,181,278
ENSG00000114738.10,chr3,50617089,50617226,TSS,False,201,382
ENSG00000114738.10,chr3,50617078,50617241,TSS,True,285,382
ENSG00000114738.10,chr3,50617156,50617784,TSS,True,315,382
ENSG00000114391.12,chr3,101686671,101686718,TSS,True,13,107
ENSG00000163527.9,chr3,31532160,31533312,TSS,True,22,120
ENSG00000163527.9,chr3,31580120,31580375,TSS,True,107,120
ENSG00000163833.7,chr3,121593366,121593502,TSS,False,54,204
ENSG00000182899.16,chr3,197950181,197950221,TSS,True,14,134
